Datetime,Open,High,Low,Close
2017-02-14 18:00:00+00:00,5274.5,5274.5,5273.25,5273.0
2025-11-19 18:15:00+00:00,25089.0,25328.0,25050.75,25046.25
2025-11-19 18:30:00+00:00,25052.0,25346.25,25045.5,25078.5
2025-11-19 18:45:00+00:00,25090.5,25357.75,25082.75,25357.75
2025-11-19 19:00:00+00:00,25114.0,25347.5,25096.0,25103.75
2025-11-19 19:15:00+00:00,25105.75,25380.5,25102.0,25141.0
2025-11-19 19:30:00+00:00,25148.0,25399.5,25138.25,25146.0
2025-11-19 19:45:00+00:00,25162.0,25154.5,25124.5,25126.25
2025-11-19 20:00:00+00:00,25131.75,25386.0,25110.25,25123.25
2025-11-19 20:15:00+00:00,25135.0,25410.0,25115.5,25410.0
2025-11-19 20:30:00+00:00,25156.0,25150.5,25142.75,25135.75
2025-11-19 20:45:00+00:00,25142.0,25399.5,25136.75,25149.75
2025-11-19 21:00:00+00:00,25160.0,25156.0,25147.25,25145.25
2025-11-19 21:15:00+00:00,25146.75,25408.0,25138.0,25139.75
2025-11-19 21:30:00+00:00,25137.75,25415.0,25134.25,25144.0
2025-11-19 21:45:00+00:00,25154.5,25163.25,25149.25,25165.0
2025-11-19 22:00:00+00:00,25179.5,25438.0,25167.75,25438.0
2025-11-19 22:15:00+00:00,25181.25,25190.75,25177.75,25188.75
2025-11-19 22:30:00+00:00,25189.5,25185.0,25170.5,25174.75
2025-11-19 22:45:00+00:00,25172.25,25410.0,25159.0,25166.0
2025-11-19 23:00:00+00:00,25174.25,25440.25,25162.5,25175.25
2025-11-19 23:15:00+00:00,25163.75,25440.0,25157.75,25164.5
2025-11-19 23:30:00+00:00,25174.25,25180.0,25164.25,25183.75
2025-11-19 23:45:00+00:00,25443.5,25443.5,25179.0,25181.5
2025-11-20 00:00:00+00:00,25187.0,25202.25,25184.0,25191.75
2025-11-20 00:15:00+00:00,25191.25,25456.5,25186.25,25187.75
2025-11-20 00:30:00+00:00,25183.5,25179.5,25175.75,25181.25
2025-11-20 00:45:00+00:00,25178.0,25432.75,25159.25,25432.75
2025-11-20 01:00:00+00:00,25176.0,25432.0,25164.0,25173.75
2025-11-20 01:15:00+00:00,25171.25,25406.0,25143.0,25136.0
2025-11-20 01:30:00+00:00,25161.25,25170.75,25143.75,25175.5
2025-11-20 01:45:00+00:00,25169.5,25432.25,25156.25,25175.0
2025-11-20 02:00:00+00:00,25176.5,25173.0,25168.5,25172.5
2025-11-20 02:15:00+00:00,25179.25,25459.5,25177.5,25453.5
2025-11-20 02:30:00+00:00,25196.25,25467.25,25171.25,25421.0
2025-11-20 02:45:00+00:00,25159.25,25153.75,25151.25,25157.5
2025-11-20 03:00:00+00:00,25150.5,25400.5,25143.25,25157.25
2025-11-20 03:15:00+00:00,25154.75,25156.75,25150.25,25144.75
2025-11-20 03:30:00+00:00,25164.75,25410.0,25144.5,25161.0
2025-11-20 03:45:00+00:00,25176.75,25168.25,25145.25,25142.0
2025-11-20 04:00:00+00:00,25144.5,25381.0,25124.0,25135.5
2025-11-20 04:15:00+00:00,25128.25,25368.0,25107.75,25099.5
2025-11-20 04:30:00+00:00,25087.5,25081.5,25071.0,25091.0
2025-11-20 04:45:00+00:00,25076.0,25061.0,25056.25,25061.0
2025-11-20 05:00:00+00:00,25063.75,25292.0,25032.75,25046.0
2025-11-20 05:15:00+00:00,25044.75,25326.75,25036.75,25068.25
2025-11-20 05:30:00+00:00,25087.5,25344.5,25072.25,25093.0
2025-11-20 05:45:00+00:00,25104.25,25119.5,25098.0,25121.25
2025-11-20 06:00:00+00:00,25116.25,25106.5,25063.25,25090.0
2025-11-20 06:15:00+00:00,25091.25,25077.0,25051.0,25051.75
2025-11-20 06:30:00+00:00,25075.25,25383.25,25067.25,25385.0
2025-11-20 06:45:00+00:00,25125.25,25344.25,25073.25,25086.25
2025-11-20 07:00:00+00:00,25100.0,25085.0,25063.25,25085.25
2025-11-20 07:15:00+00:00,25077.75,25370.0,25077.75,25096.75
2025-11-20 07:30:00+00:00,25097.75,25372.0,25092.75,25119.0
2025-11-20 07:45:00+00:00,25121.5,25147.75,25116.25,25147.75
2025-11-20 08:00:00+00:00,25159.25,25430.0,25156.0,25160.75
2025-11-20 08:15:00+00:00,25173.0,25164.25,25127.25,25130.25
2025-11-20 08:30:00+00:00,25200.5,25461.0,25130.75,25194.0
2025-11-20 08:45:00+00:00,25214.25,25510.0,25199.5,25232.0
2025-11-20 09:00:00+00:00,25235.75,25460.75,25212.75,25460.75
2025-11-20 09:15:00+00:00,25210.0,25223.0,25207.75,25228.0
2025-11-20 09:30:00+00:00,25249.0,25473.5,25160.5,25491.0
2025-11-20 09:45:00+00:00,25221.0,25515.0,25212.25,25272.5
2025-11-20 10:00:00+00:00,25550.0,25550.0,25192.5,25463.75
2025-11-20 10:15:00+00:00,25440.75,25513.25,25203.25,25513.25
2025-11-20 10:30:00+00:00,25275.0,25542.5,25258.5,25285.75
2025-11-20 10:45:00+00:00,25300.5,25538.25,25170.0,25198.0
2025-11-20 11:00:00+00:00,25164.75,25364.25,25063.0,25264.25
2025-11-20 11:15:00+00:00,25012.0,25209.25,24921.25,25165.5
2025-11-20 11:30:00+00:00,24922.5,25124.75,24761.25,25010.0
2025-11-20 11:45:00+00:00,24768.75,24961.5,24604.0,24598.75
2025-11-20 12:00:00+00:00,24869.75,24827.5,24554.25,24725.0
2025-11-20 12:15:00+00:00,24711.5,24718.5,24625.75,24718.5
2025-11-20 12:30:00+00:00,24500.25,24668.0,24422.25,24662.0
2025-11-20 12:45:00+00:00,24371.75,24646.5,24322.0,24647.5
2025-11-20 13:00:00+00:00,24418.75,24838.5,24395.25,24838.5
2025-11-20 13:15:00+00:00,24598.75,24818.0,24480.5,24763.0
2025-11-20 13:30:00+00:00,24507.0,24708.5,24367.75,24590.0
2025-11-20 13:45:00+00:00,24344.5,24570.75,24254.75,24555.75
2025-11-20 14:00:00+00:00,24291.75,24524.0,24226.75,24515.0
2025-11-20 14:15:00+00:00,24274.5,24597.75,24272.0,24597.75
2025-11-20 14:30:00+00:00,24345.5,24576.25,24274.75,24576.25
2025-11-20 14:45:00+00:00,24334.75,24650.0,24289.5,24650.75
2025-11-20 15:00:00+00:00,24396.25,24546.25,24275.0,24541.0
2025-11-20 15:15:00+00:00,24323.5,24570.0,24245.75,24545.75
2025-11-20 15:30:00+00:00,24306.5,24545.75,24153.25,24415.75
2025-11-20 15:45:00+00:00,24175.25,24400.0,24126.75,24379.5
2025-11-20 16:00:00+00:00,24142.75,24375.0,24107.5,24362.0
2025-11-20 16:15:00+00:00,24117.25,24366.75,24095.5,24366.75
2025-11-20 16:30:00+00:00,24121.5,24360.0,24101.75,24339.0
2025-11-20 16:45:00+00:00,24105.75,24350.0,24073.5,24081.0
2025-11-20 18:00:00+00:00,24131.75,24306.0,24044.5,24058.0
2025-11-20 18:15:00+00:00,24085.0,24368.0,24072.5,24368.0
2025-11-20 18:30:00+00:00,24129.5,24126.5,24108.0,24123.25
2025-11-20 18:45:00+00:00,24159.75,24397.0,24134.25,24389.0
2025-11-20 19:00:00+00:00,24377.75,24389.75,24164.25,24166.0
2025-11-20 19:15:00+00:00,24418.75,24435.75,24418.75,24431.25
2025-11-20 19:30:00+00:00,24431.25,24431.25,24191.5,24431.25
2025-11-20 19:45:00+00:00,24187.75,24436.75,24185.5,24194.5
2025-11-20 20:00:00+00:00,24198.75,24435.25,24183.5,24182.75
2025-11-20 20:15:00+00:00,24446.5,24473.0,24205.0,24473.0
2025-11-20 20:30:00+00:00,24231.25,24459.5,24192.0,24227.0
2025-11-20 20:45:00+00:00,24235.25,24467.0,24212.25,24224.5
2025-11-20 21:00:00+00:00,24463.25,24463.0,24171.5,24161.0
2025-11-20 21:15:00+00:00,24191.75,24437.0,24167.25,24187.0
2025-11-20 21:30:00+00:00,24440.5,24454.0,24437.5,24454.0
2025-11-20 21:45:00+00:00,24206.75,24442.5,24202.0,24436.0
2025-11-20 22:00:00+00:00,24184.75,24417.5,24165.0,24417.5
2025-11-20 22:15:00+00:00,24183.25,24425.0,24168.5,24425.0
2025-11-20 22:30:00+00:00,24425.0,24465.0,24184.0,24219.75
2025-11-20 22:45:00+00:00,24465.0,24465.0,24199.5,24204.0
2025-11-20 23:00:00+00:00,24445.75,24445.75,24183.5,24178.0
2025-11-20 23:15:00+00:00,24180.75,24394.5,24172.5,24394.5
2025-11-20 23:30:00+00:00,24394.5,24394.5,24365.0,24381.5
2025-11-20 23:45:00+00:00,24381.5,24382.0,24129.5,24382.0
2025-11-21 00:00:00+00:00,24420.0,24440.0,24420.0,24440.0
2025-11-21 00:15:00+00:00,24202.25,24440.0,24187.25,24185.75
2025-11-21 00:30:00+00:00,24439.0,24439.0,24146.0,24385.75
2025-11-21 00:45:00+00:00,24150.0,24400.0,24132.0,24400.0
2025-11-21 01:00:00+00:00,24145.5,24412.5,24134.5,24412.5
2025-11-21 01:15:00+00:00,24414.25,24416.0,24173.75,24416.0
2025-11-21 01:30:00+00:00,24416.0,24416.0,24168.75,24172.25
2025-11-21 01:45:00+00:00,24172.0,24425.0,24169.25,24417.75
2025-11-21 02:00:00+00:00,24177.25,24428.25,24157.5,24428.25
2025-11-21 02:15:00+00:00,24428.25,24442.0,24182.25,24183.75
2025-11-21 02:30:00+00:00,24427.25,24427.25,24155.0,24408.0
2025-11-21 02:45:00+00:00,24402.5,24402.5,24073.75,24075.75
2025-11-21 03:00:00+00:00,24325.75,24325.75,24095.0,24156.25
2025-11-21 03:15:00+00:00,24423.0,24423.0,24127.5,24375.0
2025-11-21 03:30:00+00:00,24156.5,24408.25,24128.5,24406.25
2025-11-21 03:45:00+00:00,24172.25,24458.75,24158.0,24458.75
2025-11-21 04:00:00+00:00,24217.0,24458.75,24193.0,24437.25
2025-11-21 04:15:00+00:00,24188.75,24420.0,24120.75,24378.0
2025-11-21 04:30:00+00:00,24146.25,24378.0,24078.0,24356.5
2025-11-21 04:45:00+00:00,24062.75,24329.25,24060.75,24329.25
2025-11-21 05:00:00+00:00,24039.5,24250.0,23933.0,24219.0
2025-11-21 05:15:00+00:00,23971.0,24200.5,23923.25,24155.5
2025-11-21 05:30:00+00:00,23949.5,24294.75,23911.75,24294.75
2025-11-21 05:45:00+00:00,24047.0,24335.0,24031.75,24335.0
2025-11-21 06:00:00+00:00,24109.0,24374.75,24082.0,24374.0
2025-11-21 06:15:00+00:00,24153.25,24400.0,24097.0,24372.5
2025-11-21 06:30:00+00:00,24094.75,24372.5,24078.75,24326.5
2025-11-21 06:45:00+00:00,24091.25,24337.0,24016.5,24284.25
2025-11-21 07:00:00+00:00,24061.25,24302.5,23996.25,24232.75
2025-11-21 07:15:00+00:00,24033.5,24268.75,23964.25,24231.5
2025-11-21 07:30:00+00:00,24139.25,24431.5,23966.5,24392.25
2025-11-21 07:45:00+00:00,24206.25,24481.0,24175.75,24440.0
2025-11-21 08:00:00+00:00,24218.25,24449.75,24167.5,24441.0
2025-11-21 08:15:00+00:00,24240.0,24535.75,24212.75,24466.25
2025-11-21 08:30:00+00:00,24228.25,24522.75,24196.0,24522.75
2025-11-21 08:45:00+00:00,24260.25,24510.0,24237.25,24474.0
2025-11-21 09:00:00+00:00,24248.75,24495.0,24213.5,24495.0
2025-11-21 09:15:00+00:00,24243.25,24495.0,24205.0,24449.75
2025-11-21 09:30:00+00:00,24279.25,24495.25,24178.0,24483.0
2025-11-21 09:45:00+00:00,24210.5,24527.75,24143.25,24449.5
2025-11-21 10:00:00+00:00,24228.5,24416.75,24099.25,24360.5
2025-11-21 10:15:00+00:00,24143.25,24420.25,24059.5,24290.0
2025-11-21 10:30:00+00:00,24084.0,24280.25,23968.25,24248.25
2025-11-21 10:45:00+00:00,24056.25,24327.75,24029.5,24266.75
2025-11-21 11:00:00+00:00,24049.5,24310.75,23946.5,24312.5
2025-11-21 11:15:00+00:00,24070.75,24388.75,24059.0,24388.75
2025-11-21 11:30:00+00:00,24202.0,24472.5,24164.5,24461.75
2025-11-21 11:45:00+00:00,24222.25,24595.25,24221.25,24595.25
2025-11-21 12:00:00+00:00,24383.75,24623.25,24324.0,24600.25
2025-11-21 12:15:00+00:00,24367.5,24623.5,24326.75,24589.75
2025-11-21 12:30:00+00:00,24372.5,24650.0,24357.75,24635.0
2025-11-21 12:45:00+00:00,24406.5,24648.0,24352.75,24589.75
2025-11-21 13:00:00+00:00,24361.25,24589.75,24252.0,24506.25
2025-11-21 13:15:00+00:00,24234.5,24512.75,24222.25,24488.75
2025-11-21 13:30:00+00:00,24297.0,24617.0,24264.75,24619.0
2025-11-21 13:45:00+00:00,24394.25,24754.0,24385.25,24729.5
2025-11-21 14:00:00+00:00,24502.25,24804.5,24477.5,24775.5
2025-11-21 14:15:00+00:00,24535.5,24835.25,24531.5,24820.0
2025-11-21 14:30:00+00:00,24594.75,24815.0,24541.5,24780.0
2025-11-21 14:45:00+00:00,24513.25,24745.0,24445.75,24693.75
2025-11-21 15:00:00+00:00,24479.5,24717.0,24451.0,24702.75
2025-11-21 15:15:00+00:00,24483.5,24731.25,24441.0,24648.75
2025-11-21 15:30:00+00:00,24390.25,24663.75,24356.25,24631.75
2025-11-21 15:45:00+00:00,24417.5,24658.5,24293.5,24530.0
2025-11-21 16:00:00+00:00,24334.75,24590.0,24312.0,24550.0
2025-11-21 16:15:00+00:00,24329.0,24571.75,24316.75,24571.75
2025-11-21 16:30:00+00:00,24323.75,24598.0,24321.5,24598.0
2025-11-21 16:45:00+00:00,24358.25,24590.0,24327.25,24586.5
2025-11-23 18:00:00+00:00,24555.25,24754.5,24455.75,24518.0
2025-11-23 18:15:00+00:00,24507.0,24728.25,24474.75,24492.5
2025-11-23 18:30:00+00:00,24487.0,24478.75,24462.25,24481.5
2025-11-23 18:45:00+00:00,24485.5,24489.25,24469.75,24467.0
2025-11-23 19:00:00+00:00,24470.25,24456.5,24431.25,24435.25
2025-11-23 19:15:00+00:00,24445.75,24668.75,24411.25,24437.5
2025-11-23 19:30:00+00:00,24436.0,24718.0,24431.25,24448.25
2025-11-23 19:45:00+00:00,24463.75,24463.25,24458.25,24453.25
2025-11-23 20:00:00+00:00,24447.25,24675.25,24417.0,24462.0
2025-11-23 20:15:00+00:00,24464.75,24719.25,24448.5,24465.25
2025-11-23 20:30:00+00:00,24479.0,24467.5,24440.0,24435.25
2025-11-23 20:45:00+00:00,24441.5,24680.0,24433.75,24450.5
2025-11-23 21:00:00+00:00,24461.25,24685.0,24445.25,24685.0
2025-11-23 21:15:00+00:00,24451.75,24483.25,24437.0,24486.25
2025-11-23 21:30:00+00:00,24487.75,24485.5,24472.0,24493.0
2025-11-23 21:45:00+00:00,24510.75,24504.5,24497.75,24505.5
2025-11-23 22:00:00+00:00,24521.0,24764.0,24516.5,24519.25
2025-11-23 22:15:00+00:00,24517.0,24760.0,24507.5,24760.0
2025-11-23 22:30:00+00:00,24515.0,24507.0,24485.25,24495.25
2025-11-23 22:45:00+00:00,24499.5,24735.0,24482.0,24739.25
2025-11-23 23:00:00+00:00,24483.5,24485.25,24470.75,24457.5
2025-11-23 23:15:00+00:00,24453.25,24694.75,24436.75,24446.0
2025-11-23 23:30:00+00:00,24459.75,24463.25,24448.25,24467.5
2025-11-23 23:45:00+00:00,24467.75,24464.0,24448.0,24453.75
2025-11-24 00:00:00+00:00,24458.25,24494.25,24452.0,24498.5
2025-11-24 00:15:00+00:00,24508.75,24751.25,24501.25,24510.25
2025-11-24 00:30:00+00:00,24505.75,24496.0,24484.0,24494.75
2025-11-24 00:45:00+00:00,24498.75,24745.0,24490.25,24498.5
2025-11-24 01:00:00+00:00,24499.5,24496.25,24483.75,24486.0
2025-11-24 01:15:00+00:00,24482.75,24485.5,24478.0,24481.25
2025-11-24 01:30:00+00:00,24485.75,24724.5,24480.25,24472.75
2025-11-24 01:45:00+00:00,24473.0,24471.75,24467.0,24474.75
2025-11-24 02:00:00+00:00,24477.75,24704.0,24454.5,24478.5
2025-11-24 02:15:00+00:00,24478.0,24477.25,24473.0,24479.25
2025-11-24 02:30:00+00:00,24482.0,24473.75,24473.75,24478.5
2025-11-24 02:45:00+00:00,24516.75,24751.25,24509.0,24512.25
2025-11-24 03:00:00+00:00,24514.0,24480.0,24468.0,24494.5
2025-11-24 03:15:00+00:00,24517.0,24763.75,24505.0,24553.75
2025-11-24 03:30:00+00:00,24548.0,24541.75,24529.5,24544.0
2025-11-24 03:45:00+00:00,24789.25,24786.25,24546.25,24559.5
2025-11-24 04:00:00+00:00,24556.25,24553.0,24538.0,24529.25
2025-11-24 04:15:00+00:00,24532.75,24709.0,24383.25,24388.0
2025-11-24 04:30:00+00:00,24394.0,24645.0,24370.5,24395.25
2025-11-24 04:45:00+00:00,24437.75,24427.5,24414.0,24427.5
2025-11-24 05:00:00+00:00,24424.0,24430.75,24413.75,24416.75
2025-11-24 05:15:00+00:00,24404.75,24649.25,24401.5,24644.0
2025-11-24 05:30:00+00:00,24399.5,24616.75,24387.75,24417.75
2025-11-24 05:45:00+00:00,24421.0,24412.5,24402.75,24421.25
2025-11-24 06:00:00+00:00,24412.25,24400.75,24379.5,24388.5
2025-11-24 06:15:00+00:00,24391.0,24414.75,24391.0,24403.75
2025-11-24 06:30:00+00:00,24423.5,24414.0,24400.0,24402.5
2025-11-24 06:45:00+00:00,24431.25,24682.0,24422.5,24458.75
2025-11-24 07:00:00+00:00,24455.0,24695.0,24434.5,24430.25
2025-11-24 07:15:00+00:00,24435.0,24700.0,24431.75,24470.25
2025-11-24 07:30:00+00:00,24731.25,24742.5,24475.75,24466.75
2025-11-24 07:45:00+00:00,24482.25,24736.75,24472.25,24504.0
2025-11-24 08:00:00+00:00,24510.25,24537.5,24505.25,24541.75
2025-11-24 08:15:00+00:00,24550.0,24551.5,24535.75,24555.0
2025-11-24 08:30:00+00:00,24557.25,24548.75,24536.0,24540.5
2025-11-24 08:45:00+00:00,24541.0,24748.5,24518.75,24748.5
2025-11-24 09:00:00+00:00,24505.5,24555.25,24498.0,24556.25
2025-11-24 09:15:00+00:00,24570.0,24772.0,24528.25,24523.75
2025-11-24 09:30:00+00:00,24553.0,24937.75,24522.25,24682.75
2025-11-24 09:45:00+00:00,24663.75,24898.0,24599.0,24897.25
2025-11-24 10:00:00+00:00,24716.75,24989.75,24683.0,24950.5
2025-11-24 10:15:00+00:00,24991.0,24987.25,24705.0,24996.25
2025-11-24 10:30:00+00:00,24744.0,25047.75,24737.75,25047.75
2025-11-24 10:45:00+00:00,24817.25,25026.75,24785.75,25029.25
2025-11-24 11:00:00+00:00,24795.25,25111.25,24780.0,25111.25
2025-11-24 11:15:00+00:00,24869.0,25122.0,24866.0,24874.5
2025-11-24 11:30:00+00:00,24874.0,25107.0,24854.5,24877.5
2025-11-24 11:45:00+00:00,24889.75,25095.0,24858.25,24844.0
2025-11-24 12:00:00+00:00,25112.0,25112.0,24838.75,25088.75
2025-11-24 12:15:00+00:00,24853.5,25126.25,24840.75,24889.25
2025-11-24 12:30:00+00:00,24893.75,25169.0,24883.75,25169.0
2025-11-24 12:45:00+00:00,24929.75,25175.25,24920.0,25165.0
2025-11-24 13:00:00+00:00,24929.0,24936.5,24920.25,24942.0
2025-11-24 13:15:00+00:00,24950.25,25191.0,24930.5,24934.0
2025-11-24 13:30:00+00:00,24932.0,24932.75,24924.25,24930.75
2025-11-24 13:45:00+00:00,24934.75,25184.0,24926.5,24929.25
2025-11-24 14:00:00+00:00,24936.0,25186.5,24925.25,24955.5
2025-11-24 14:15:00+00:00,24956.75,25190.25,24937.75,25181.0
2025-11-24 14:30:00+00:00,24936.75,25180.0,24911.75,24924.5
2025-11-24 14:45:00+00:00,24919.75,25161.0,24899.0,25161.0
2025-11-24 15:00:00+00:00,24921.5,24940.75,24914.25,24946.0
2025-11-24 15:15:00+00:00,24944.0,25203.25,24931.5,24938.75
2025-11-24 15:30:00+00:00,24937.5,25191.75,24936.25,25191.75
2025-11-24 15:45:00+00:00,24968.5,25186.0,24931.75,25186.0
2025-11-24 16:00:00+00:00,24942.5,24962.0,24935.25,24966.25
2025-11-24 16:15:00+00:00,24965.5,25211.25,24955.25,24967.75
2025-11-24 16:30:00+00:00,24965.75,24966.0,24960.25,24968.0
2025-11-24 16:45:00+00:00,24964.5,25218.75,24963.5,24963.25
2025-11-24 18:00:00+00:00,24979.0,24972.75,24959.0,24960.75
2025-11-24 18:15:00+00:00,24964.75,24962.5,24958.0,24964.0
2025-11-24 18:30:00+00:00,25214.25,25218.75,24961.0,25218.75
2025-11-24 18:45:00+00:00,24975.25,24979.25,24973.0,24968.5
2025-11-24 19:00:00+00:00,24960.75,24953.0,24937.25,24942.5
2025-11-24 19:15:00+00:00,24939.5,25180.5,24928.0,24926.25
2025-11-24 19:30:00+00:00,24934.25,25195.0,24927.25,24931.25
2025-11-24 19:45:00+00:00,24939.75,25185.25,24931.25,24960.75
2025-11-24 20:00:00+00:00,24959.5,24953.25,24947.25,24949.0
2025-11-24 20:15:00+00:00,24946.25,24942.75,24938.75,24943.25
2025-11-24 20:30:00+00:00,24944.25,24940.25,24930.0,24932.25
2025-11-24 20:45:00+00:00,24933.5,24928.75,24923.5,24923.75
2025-11-24 21:00:00+00:00,24925.0,25178.0,24923.5,24933.75
2025-11-24 21:15:00+00:00,24949.75,24949.25,24930.5,24934.5
2025-11-24 21:30:00+00:00,24935.75,24941.0,24929.75,24945.25
2025-11-24 21:45:00+00:00,24948.25,25189.25,24936.75,24947.0
2025-11-24 22:00:00+00:00,24947.75,25204.5,24946.0,25204.5
2025-11-24 22:15:00+00:00,24953.5,24955.0,24948.75,24947.5
2025-11-24 22:30:00+00:00,24951.25,24944.0,24926.0,24933.75
2025-11-24 22:45:00+00:00,24935.0,24924.75,24917.75,24918.75
2025-11-24 23:00:00+00:00,24926.75,24934.25,24924.0,24937.5
2025-11-24 23:15:00+00:00,24945.5,24944.75,24938.5,24940.25
2025-11-24 23:30:00+00:00,24936.5,24933.0,24929.5,24935.0
2025-11-24 23:45:00+00:00,24929.0,24933.75,24928.0,24935.5
2025-11-25 00:00:00+00:00,24936.5,25192.75,24930.25,24946.25
2025-11-25 00:15:00+00:00,24955.25,24949.0,24914.75,24918.25
2025-11-25 00:30:00+00:00,24923.0,24932.25,24917.5,24932.75
2025-11-25 00:45:00+00:00,24933.5,24930.0,24921.75,24923.25
2025-11-25 01:00:00+00:00,24929.25,24932.75,24921.25,24934.25
2025-11-25 01:15:00+00:00,24928.75,25156.5,24907.5,24910.25
2025-11-25 01:30:00+00:00,25163.5,25163.5,24911.25,24910.0
2025-11-25 01:45:00+00:00,25154.75,25152.25,24895.25,24907.25
2025-11-25 02:00:00+00:00,24904.25,24896.75,24883.75,24882.5
2025-11-25 02:15:00+00:00,24891.0,24893.0,24890.0,24895.5
2025-11-25 02:30:00+00:00,24895.5,25159.5,24894.0,24913.0
2025-11-25 02:45:00+00:00,24929.5,24921.5,24906.5,24909.75
2025-11-25 03:00:00+00:00,24931.0,24912.25,24897.75,24902.5
2025-11-25 03:15:00+00:00,24900.0,25162.0,24888.25,24908.0
2025-11-25 03:30:00+00:00,24921.75,24915.25,24909.75,24914.75
2025-11-25 03:45:00+00:00,24906.25,25116.0,24862.75,24865.25
2025-11-25 04:00:00+00:00,24876.0,25116.0,24866.0,24880.75
2025-11-25 04:15:00+00:00,24883.5,25105.75,24839.0,25080.0
2025-11-25 04:30:00+00:00,24834.25,24853.0,24827.0,24862.5
2025-11-25 04:45:00+00:00,24869.5,24866.5,24848.25,24857.25
2025-11-25 05:00:00+00:00,24861.5,24868.5,24848.0,24872.25
2025-11-25 05:15:00+00:00,24869.0,24861.5,24858.0,24860.5
2025-11-25 05:30:00+00:00,24860.5,25131.0,24858.75,24885.0
2025-11-25 05:45:00+00:00,24875.0,24884.25,24873.5,24886.25
2025-11-25 06:00:00+00:00,24889.75,24891.0,24879.0,24886.75
2025-11-25 06:15:00+00:00,24892.5,24883.75,24869.0,24869.75
2025-11-25 06:30:00+00:00,24869.25,24861.0,24853.25,24858.25
2025-11-25 06:45:00+00:00,24859.0,24866.5,24855.25,24866.5
2025-11-25 07:00:00+00:00,24879.25,25160.25,24874.5,24931.0
2025-11-25 07:15:00+00:00,24929.75,25172.25,24915.5,24924.0
2025-11-25 07:30:00+00:00,24931.25,25180.0,24885.0,25203.5
2025-11-25 07:45:00+00:00,24949.0,25158.75,24906.0,24908.5
2025-11-25 08:00:00+00:00,24918.5,25168.75,24906.0,24909.0
2025-11-25 08:15:00+00:00,24916.0,25186.25,24911.0,25186.25
2025-11-25 08:30:00+00:00,24960.0,25174.75,24885.75,24890.25
2025-11-25 08:45:00+00:00,24891.75,25152.75,24876.75,25127.75
2025-11-25 09:00:00+00:00,24892.75,25125.0,24850.75,24861.25
2025-11-25 09:15:00+00:00,24868.0,24860.25,24856.25,24849.25
2025-11-25 09:30:00+00:00,24879.5,25049.0,24794.25,24973.0
2025-11-25 09:45:00+00:00,24729.25,25035.0,24651.75,25035.0
2025-11-25 10:00:00+00:00,24822.0,25013.25,24705.25,24755.25
2025-11-25 10:15:00+00:00,24977.5,25022.25,24733.75,24971.5
2025-11-25 10:30:00+00:00,24823.5,25058.5,24771.0,24791.0
2025-11-25 10:45:00+00:00,25113.25,25098.0,24786.0,24818.0
2025-11-25 11:00:00+00:00,25051.0,25063.5,24783.0,24798.75
2025-11-25 11:15:00+00:00,24789.5,25117.0,24782.5,24853.75
2025-11-25 11:30:00+00:00,24867.5,25110.0,24853.75,24885.0
2025-11-25 11:45:00+00:00,24873.75,25158.25,24851.0,24907.25
2025-11-25 12:00:00+00:00,24923.75,25198.0,24899.25,25198.0
2025-11-25 12:15:00+00:00,24955.75,25244.0,24943.5,25005.25
2025-11-25 12:30:00+00:00,25001.75,25298.0,24991.5,25279.75
2025-11-25 12:45:00+00:00,25046.0,25274.75,25013.5,25002.25
2025-11-25 13:00:00+00:00,24997.0,25255.25,24986.5,25006.0
2025-11-25 13:15:00+00:00,25009.0,25008.75,24991.75,25012.0
2025-11-25 13:30:00+00:00,25028.5,25274.75,25004.0,25013.25
2025-11-25 13:45:00+00:00,25023.0,25288.0,25012.5,25029.75
2025-11-25 14:00:00+00:00,25033.25,25266.25,25010.25,25006.0
2025-11-25 14:15:00+00:00,25012.25,25000.75,24972.75,24972.5
2025-11-25 14:30:00+00:00,24988.5,25211.0,24954.5,24948.5
2025-11-25 14:45:00+00:00,24974.0,25254.0,24965.0,25014.0
2025-11-25 15:00:00+00:00,25031.25,25285.75,25014.5,25025.0
2025-11-25 15:15:00+00:00,25037.0,25300.0,25030.0,25302.0
2025-11-25 15:30:00+00:00,25058.5,25076.25,25047.75,25081.75
2025-11-25 15:45:00+00:00,25083.75,25353.5,25079.0,25332.25
2025-11-25 16:00:00+00:00,25086.0,25338.0,25074.5,25076.0
2025-11-25 16:15:00+00:00,25080.25,25320.0,25072.5,25069.75
2025-11-25 16:30:00+00:00,25071.5,25073.75,25064.75,25068.0
2025-11-25 16:45:00+00:00,25065.25,25317.0,25062.75,25317.0
2025-11-25 18:00:00+00:00,25082.5,25317.5,25071.25,25090.0
2025-11-25 18:15:00+00:00,25088.25,25082.5,25077.75,25078.0
2025-11-25 18:30:00+00:00,25084.5,25081.5,25077.5,25078.0
2025-11-25 18:45:00+00:00,25081.5,25331.0,25069.0,25331.0
2025-11-25 19:00:00+00:00,25092.75,25087.25,25070.5,25089.5
2025-11-25 19:15:00+00:00,25092.0,25110.25,25082.25,25103.5
2025-11-25 19:30:00+00:00,25114.5,25109.0,25105.0,25107.0
2025-11-25 19:45:00+00:00,25107.75,25119.75,25106.75,25115.0
2025-11-25 20:00:00+00:00,25122.25,25376.0,25117.75,25136.25
2025-11-25 20:15:00+00:00,25144.75,25390.0,25136.25,25149.25
2025-11-25 20:30:00+00:00,25154.25,25411.0,25148.5,25161.0
2025-11-25 20:45:00+00:00,25167.5,25164.75,25156.25,25162.0
2025-11-25 21:00:00+00:00,25167.75,25408.75,25160.25,25163.25
2025-11-25 21:15:00+00:00,25170.0,25415.5,25161.5,25163.25
2025-11-25 21:30:00+00:00,25420.5,25425.0,25166.75,25177.25
2025-11-25 21:45:00+00:00,25178.5,25180.75,25174.0,25180.5
2025-11-25 22:00:00+00:00,25182.75,25436.5,25175.75,25175.5
2025-11-25 22:15:00+00:00,25174.25,25428.25,25171.5,25428.0
2025-11-25 22:30:00+00:00,25178.25,25431.0,25176.0,25179.0
2025-11-25 22:45:00+00:00,25181.0,25437.75,25176.75,25184.5
2025-11-25 23:00:00+00:00,25183.25,25433.25,25177.75,25182.25
2025-11-25 23:15:00+00:00,25185.5,25432.5,25173.25,25172.25
2025-11-25 23:30:00+00:00,25171.5,25419.0,25163.25,25162.0
2025-11-25 23:45:00+00:00,25168.75,25423.5,25163.5,25168.75
2025-11-26 00:00:00+00:00,25170.0,25185.0,25168.5,25186.25
2025-11-26 00:15:00+00:00,25187.25,25445.0,25183.75,25439.25
2025-11-26 00:30:00+00:00,25198.0,25199.5,25191.25,25200.5
2025-11-26 00:45:00+00:00,25198.5,25198.0,25192.75,25201.25
2025-11-26 01:00:00+00:00,25200.5,25198.25,25193.25,25198.5
2025-11-26 01:15:00+00:00,25198.75,25194.5,25190.75,25195.0
2025-11-26 01:30:00+00:00,25209.5,25457.25,25198.75,25212.25
2025-11-26 01:45:00+00:00,25213.0,25218.5,25208.5,25215.5
2025-11-26 02:00:00+00:00,25217.5,25212.5,25211.0,25214.75
2025-11-26 02:15:00+00:00,25214.5,25218.75,25211.0,25221.5
2025-11-26 02:30:00+00:00,25230.75,25480.5,25228.25,25233.25
2025-11-26 02:45:00+00:00,25225.75,25471.0,25215.25,25219.0
2025-11-26 03:00:00+00:00,25212.5,25455.0,25196.5,25204.75
2025-11-26 03:15:00+00:00,25216.75,25217.5,25198.75,25195.75
2025-11-26 03:30:00+00:00,25210.5,25201.0,25188.5,25193.25
2025-11-26 03:45:00+00:00,25191.25,25446.75,25185.5,25183.25
2025-11-26 04:00:00+00:00,25175.0,25166.0,25157.25,25169.5
2025-11-26 04:15:00+00:00,25163.5,25400.0,25146.25,25141.0
2025-11-26 04:30:00+00:00,25152.0,25403.0,25143.75,25167.25
2025-11-26 04:45:00+00:00,25162.75,25405.0,25151.5,25150.5
2025-11-26 05:00:00+00:00,25155.75,25406.75,25149.75,25175.0
2025-11-26 05:15:00+00:00,25187.0,25181.75,25180.5,25181.75
2025-11-26 05:30:00+00:00,25173.75,25430.0,25171.0,25196.25
2025-11-26 05:45:00+00:00,25187.25,25197.75,25183.25,25197.75
2025-11-26 06:00:00+00:00,25199.25,25448.75,25190.0,25450.75
2025-11-26 06:15:00+00:00,25201.5,25207.0,25195.0,25211.25
2025-11-26 06:30:00+00:00,25209.25,25443.75,25182.25,25189.5
2025-11-26 06:45:00+00:00,25205.0,25439.5,25180.25,25184.75
2025-11-26 07:00:00+00:00,25185.0,25416.5,25136.25,25140.5
2025-11-26 07:15:00+00:00,25138.0,25133.5,25132.0,25137.0
2025-11-26 07:30:00+00:00,25141.25,25383.75,25128.5,25153.25
2025-11-26 07:45:00+00:00,25160.75,25172.5,25154.5,25177.25
2025-11-26 08:00:00+00:00,25175.5,25428.75,25175.25,25188.75
2025-11-26 08:15:00+00:00,25191.25,25441.25,25186.75,25193.25
2025-11-26 08:30:00+00:00,25451.75,25451.75,25188.0,25424.25
2025-11-26 08:45:00+00:00,25205.0,25456.0,25194.0,25215.0
2025-11-26 09:00:00+00:00,25214.25,25197.5,25183.0,25202.75
2025-11-26 09:15:00+00:00,25193.75,25467.75,25193.0,25221.0
2025-11-26 09:30:00+00:00,25244.25,25482.0,25204.75,25470.0
2025-11-26 09:45:00+00:00,25259.5,25507.0,25200.5,25424.5
2025-11-26 10:00:00+00:00,25167.5,25460.0,25155.25,25438.0
2025-11-26 10:15:00+00:00,25191.5,25438.0,25162.5,25201.5
2025-11-26 10:30:00+00:00,25204.5,25499.0,25191.25,25222.0
2025-11-26 10:45:00+00:00,25228.25,25515.0,25210.75,25520.0
2025-11-26 11:00:00+00:00,25278.0,25551.5,25268.25,25292.25
2025-11-26 11:15:00+00:00,25551.0,25578.5,25301.5,25335.25
2025-11-26 11:30:00+00:00,25330.5,25598.0,25323.25,25370.0
2025-11-26 11:45:00+00:00,25367.5,25360.75,25342.25,25356.25
2025-11-26 12:00:00+00:00,25361.25,25580.25,25322.0,25329.75
2025-11-26 12:15:00+00:00,25326.75,25576.75,25323.0,25330.25
2025-11-26 12:30:00+00:00,25350.75,25610.0,25337.5,25610.0
2025-11-26 12:45:00+00:00,25367.25,25362.25,25342.0,25345.5
2025-11-26 13:00:00+00:00,25344.0,25601.75,25316.0,25321.75
2025-11-26 13:15:00+00:00,25339.5,25605.0,25305.0,25354.5
2025-11-26 13:30:00+00:00,25348.75,25336.25,25307.25,25310.5
2025-11-26 13:45:00+00:00,25298.25,25317.5,25292.5,25314.0
2025-11-26 14:00:00+00:00,25325.75,25327.5,25304.0,25322.5
2025-11-26 14:15:00+00:00,25332.0,25340.5,25327.75,25344.0
2025-11-26 14:30:00+00:00,25351.5,25605.0,25324.0,25328.75
2025-11-26 14:45:00+00:00,25332.0,25325.0,25320.0,25326.25
2025-11-26 15:00:00+00:00,25333.75,25595.0,25329.0,25349.75
2025-11-26 15:15:00+00:00,25357.75,25352.25,25348.25,25350.25
2025-11-26 15:30:00+00:00,25351.0,25598.5,25332.0,25339.5
2025-11-26 15:45:00+00:00,25342.75,25548.5,25311.75,25313.25
2025-11-26 16:00:00+00:00,25316.75,25562.75,25296.25,25314.0
2025-11-26 16:15:00+00:00,25314.75,25575.0,25309.5,25317.0
2025-11-26 16:30:00+00:00,25316.5,25314.75,25306.25,25306.5
2025-11-26 16:45:00+00:00,25311.75,25312.5,25309.75,25314.25
2025-11-26 18:00:00+00:00,25583.25,25590.0,25322.5,25583.0
2025-11-26 18:15:00+00:00,25318.5,25575.5,25315.0,25318.0
2025-11-26 18:30:00+00:00,25322.0,25581.25,25319.25,25326.75
2025-11-26 18:45:00+00:00,25324.5,25328.5,25318.75,25327.0
2025-11-26 19:00:00+00:00,25329.0,25330.25,25323.0,25327.0
2025-11-26 19:15:00+00:00,25328.75,25577.25,25320.25,25323.25
2025-11-26 19:30:00+00:00,25328.75,25326.5,25320.0,25318.5
2025-11-26 19:45:00+00:00,25321.5,25323.25,25317.0,25325.0
2025-11-26 20:00:00+00:00,25333.0,25336.0,25322.0,25316.75
2025-11-26 20:15:00+00:00,25315.75,25315.5,25305.25,25317.0
2025-11-26 20:30:00+00:00,25316.25,25310.25,25308.5,25310.25
2025-11-26 20:45:00+00:00,25318.75,25328.25,25316.75,25330.25
2025-11-26 21:00:00+00:00,25338.5,25589.25,25329.0,25326.5
2025-11-26 21:15:00+00:00,25336.25,25331.25,25327.75,25329.5
2025-11-26 21:30:00+00:00,25331.75,25577.75,25323.25,25319.75
2025-11-26 21:45:00+00:00,25328.75,25573.5,25316.5,25573.5
2025-11-26 22:00:00+00:00,25319.0,25314.75,25308.5,25309.25
2025-11-26 22:15:00+00:00,25565.0,25565.0,25314.25,25313.5
2025-11-26 22:30:00+00:00,25309.75,25311.25,25309.25,25312.75
2025-11-26 22:45:00+00:00,25313.5,25314.75,25311.0,25312.0
2025-11-26 23:00:00+00:00,25313.75,25565.0,25313.0,25565.0
2025-11-26 23:15:00+00:00,25314.0,25315.0,25311.25,25314.5
2025-11-26 23:30:00+00:00,25319.0,25581.25,25318.75,25321.25
2025-11-26 23:45:00+00:00,25319.75,25321.75,25318.0,25323.0
2025-11-27 00:00:00+00:00,25325.75,25590.0,25324.75,25590.0
2025-11-27 00:15:00+00:00,25334.75,25335.75,25332.25,25333.25
2025-11-27 00:30:00+00:00,25333.0,25335.25,25331.25,25335.25
2025-11-27 00:45:00+00:00,25334.0,25332.25,25325.0,25324.25
2025-11-27 01:00:00+00:00,25328.0,25324.5,25317.25,25318.25
2025-11-27 01:15:00+00:00,25317.5,25318.5,25308.75,25320.0
2025-11-27 01:30:00+00:00,25319.5,25315.25,25310.75,25311.75
2025-11-27 01:45:00+00:00,25314.0,25562.0,25301.5,25306.75
2025-11-27 02:00:00+00:00,25306.25,25304.5,25302.25,25305.75
2025-11-27 02:15:00+00:00,25312.0,25316.25,25309.5,25316.75
2025-11-27 02:30:00+00:00,25313.75,25312.0,25297.75,25316.25
2025-11-27 02:45:00+00:00,25312.25,25571.75,25312.25,25323.25
2025-11-27 03:00:00+00:00,25322.75,25314.25,25303.75,25308.5
2025-11-27 03:15:00+00:00,25315.75,25573.25,25310.5,25321.75
2025-11-27 03:30:00+00:00,25319.25,25323.0,25316.0,25321.0
2025-11-27 03:45:00+00:00,25314.5,25570.25,25310.0,25307.5
2025-11-27 04:00:00+00:00,25301.5,25560.0,25300.0,25303.5
2025-11-27 04:15:00+00:00,25304.75,25310.0,25301.0,25310.5
2025-11-27 04:30:00+00:00,25317.5,25321.0,25315.0,25320.5
2025-11-27 04:45:00+00:00,25321.5,25575.75,25305.75,25309.75
2025-11-27 05:00:00+00:00,25305.25,25561.0,25304.25,25561.0
2025-11-27 05:15:00+00:00,25307.0,25306.5,25300.5,25302.75
2025-11-27 05:30:00+00:00,25305.5,25309.75,25301.75,25309.75
2025-11-27 05:45:00+00:00,25312.25,25566.0,25311.0,25316.5
2025-11-27 06:00:00+00:00,25318.25,25317.5,25311.5,25309.0
2025-11-27 06:15:00+00:00,25315.25,25563.0,25307.75,25313.25
2025-11-27 06:30:00+00:00,25312.25,25319.5,25311.5,25322.5
2025-11-27 06:45:00+00:00,25323.25,25573.75,25307.25,25308.0
2025-11-27 07:00:00+00:00,25308.25,25311.5,25305.0,25311.75
2025-11-27 07:15:00+00:00,25311.0,25308.5,25305.0,25304.0
2025-11-27 07:30:00+00:00,25306.5,25305.5,25301.0,25297.25
2025-11-27 07:45:00+00:00,25299.0,25301.5,25297.25,25301.75
2025-11-27 08:00:00+00:00,25298.25,25303.0,25296.75,25297.5
2025-11-27 08:15:00+00:00,25552.0,25552.0,25291.5,25294.0
2025-11-27 08:30:00+00:00,25315.5,25562.25,25298.25,25310.75
2025-11-27 08:45:00+00:00,25310.75,25307.5,25304.0,25304.0
2025-11-27 09:00:00+00:00,25304.0,25299.25,25297.75,25297.25
2025-11-27 09:15:00+00:00,25299.5,25306.5,25296.75,25306.5
2025-11-27 09:30:00+00:00,25311.25,25552.25,25296.25,25552.25
2025-11-27 09:45:00+00:00,25300.0,25297.75,25290.75,25294.0
2025-11-27 10:00:00+00:00,25298.25,25555.0,25295.25,25305.5
2025-11-27 10:15:00+00:00,25306.25,25304.25,25303.75,25303.5
2025-11-27 10:30:00+00:00,25304.25,25300.25,25292.75,25301.0
2025-11-27 10:45:00+00:00,25300.25,25300.0,25298.5,25300.0
2025-11-27 11:00:00+00:00,25301.75,25300.0,25291.25,25290.5
2025-11-27 11:15:00+00:00,25296.5,25301.5,25296.0,25304.5
2025-11-27 11:30:00+00:00,25302.0,25300.25,25298.0,25299.25
2025-11-27 11:45:00+00:00,25299.5,25297.5,25293.5,25297.75
2025-11-27 12:00:00+00:00,25298.25,25296.0,25295.75,25296.25
2025-11-27 12:15:00+00:00,25299.0,25296.5,25295.75,25295.75
2025-11-27 12:30:00+00:00,25298.25,25301.0,25296.25,25301.5
2025-11-27 12:45:00+00:00,25303.0,25301.0,25299.25,25299.0
2025-11-27 18:00:00+00:00,25320.25,25579.0,25302.25,25318.5
2025-11-27 18:15:00+00:00,25316.75,25317.0,25308.25,25322.0
2025-11-27 18:30:00+00:00,25323.25,25319.75,25316.25,25318.75
2025-11-27 18:45:00+00:00,25325.0,25585.0,25320.25,25327.5
2025-11-27 19:00:00+00:00,25331.0,25602.0,25329.0,25602.0
2025-11-27 19:15:00+00:00,25350.5,25596.75,25340.0,25344.25
2025-11-27 19:30:00+00:00,25345.5,25342.5,25337.75,25338.0
2025-11-27 19:45:00+00:00,25336.0,25342.25,25335.0,25340.25
2025-11-27 20:00:00+00:00,25339.75,25353.25,25338.75,25360.0
2025-11-27 20:15:00+00:00,25359.25,25361.5,25353.25,25360.5
2025-11-27 20:30:00+00:00,25353.25,25604.0,25341.0,25337.5
2025-11-27 20:45:00+00:00,25341.0,25345.25,25340.75,25344.0
2025-11-27 21:00:00+00:00,25345.0,25348.0,25345.0,25340.5
2025-11-27 21:15:00+00:00,25346.0,25342.75,25342.75,25342.75
2025-11-27 21:30:00+00:00,25342.75,25342.75,25342.75,25342.75
2025-11-28 08:30:00+00:00,25393.25,25383.75,25368.5,25387.0
2025-11-28 08:45:00+00:00,25385.75,25641.25,25377.25,25380.0
2025-11-28 09:00:00+00:00,25380.0,25384.75,25373.0,25379.75
2025-11-28 09:15:00+00:00,25374.75,25632.25,25353.0,25370.0
2025-11-28 09:30:00+00:00,25371.0,25591.25,25343.0,25362.25
2025-11-28 09:45:00+00:00,25360.75,25643.0,25357.75,25387.5
2025-11-28 10:00:00+00:00,25373.75,25635.0,25360.25,25368.0
2025-11-28 10:15:00+00:00,25394.25,25620.0,25380.25,25620.0
2025-11-28 10:30:00+00:00,25371.25,25382.0,25368.5,25392.25
2025-11-28 10:45:00+00:00,25389.75,25650.0,25387.75,25398.0
2025-11-28 11:00:00+00:00,25412.5,25687.5,25401.0,25689.0
2025-11-28 11:15:00+00:00,25433.75,25425.5,25380.75,25371.75
2025-11-28 11:30:00+00:00,25391.75,25654.25,25388.75,25389.75
2025-11-28 11:45:00+00:00,25407.5,25680.0,25405.0,25425.5
2025-11-28 12:00:00+00:00,25427.5,25427.0,25412.5,25425.75
2025-11-28 12:15:00+00:00,25433.25,25425.5,25417.75,25429.0
2025-11-28 12:30:00+00:00,25420.75,25412.0,25405.0,25410.0
2025-11-28 12:45:00+00:00,25405.25,25716.5,25395.75,25716.5
2025-11-28 13:00:00+00:00,25741.25,25740.0,25475.5,25732.0
2025-11-30 18:00:00+00:00,25546.0,25740.25,25479.5,25494.5
2025-11-30 18:15:00+00:00,25506.5,25749.75,25501.75,25749.75
2025-11-30 18:30:00+00:00,25500.5,25709.0,25462.0,25457.75
2025-11-30 18:45:00+00:00,25459.75,25705.75,25443.5,25466.5
2025-11-30 19:00:00+00:00,25471.0,25670.0,25408.5,25406.0
2025-11-30 19:15:00+00:00,25425.5,25654.75,25377.75,25640.5
2025-11-30 19:30:00+00:00,25396.0,25620.0,25367.0,25355.5
2025-11-30 19:45:00+00:00,25347.0,25577.0,25321.5,25321.75
2025-11-30 20:00:00+00:00,25578.25,25564.5,25297.75,25553.0
2025-11-30 20:15:00+00:00,25310.75,25576.0,25299.75,25318.0
2025-11-30 20:30:00+00:00,25313.0,25583.5,25302.0,25583.5
2025-11-30 20:45:00+00:00,25335.75,25577.0,25326.5,25577.0
2025-11-30 21:00:00+00:00,25321.5,25561.5,25309.0,25561.5
2025-11-30 21:15:00+00:00,25310.25,25547.5,25288.0,25295.0
2025-11-30 21:30:00+00:00,25303.0,25535.75,25280.75,25285.25
2025-11-30 21:45:00+00:00,25283.5,25521.5,25273.25,25294.0
2025-11-30 22:00:00+00:00,25283.75,25521.25,25275.5,25506.5
2025-11-30 22:15:00+00:00,25262.25,25251.0,25245.75,25252.0
2025-11-30 22:30:00+00:00,25257.5,25494.5,25242.0,25247.5
2025-11-30 22:45:00+00:00,25263.75,25511.5,25254.75,25260.0
2025-11-30 23:00:00+00:00,25261.0,25517.25,25253.25,25254.5
2025-11-30 23:15:00+00:00,25251.0,25253.25,25248.5,25251.5
2025-11-30 23:30:00+00:00,25248.5,25256.25,25244.75,25257.5
2025-11-30 23:45:00+00:00,25251.75,25490.75,25230.5,25233.25
2025-12-01 00:00:00+00:00,25231.75,25476.75,25216.5,25227.75
2025-12-01 00:15:00+00:00,25223.5,25218.0,25207.0,25206.75
2025-12-01 00:30:00+00:00,25207.75,25211.25,25198.25,25216.5
2025-12-01 00:45:00+00:00,25479.0,25479.0,25228.25,25251.75
2025-12-01 01:00:00+00:00,25259.0,25250.5,25233.75,25252.25
2025-12-01 01:15:00+00:00,25254.0,25512.75,25249.75,25513.0
2025-12-01 01:30:00+00:00,25264.75,25263.75,25257.0,25265.0
2025-12-01 01:45:00+00:00,25270.0,25517.25,25261.25,25267.0
2025-12-01 02:00:00+00:00,25274.25,25264.25,25251.25,25255.5
2025-12-01 02:15:00+00:00,25258.5,25257.5,25244.25,25269.5
2025-12-01 02:30:00+00:00,25282.0,25276.25,25267.25,25275.25
2025-12-01 02:45:00+00:00,25273.75,25529.25,25269.25,25269.5
2025-12-01 03:00:00+00:00,25284.0,25563.0,25278.75,25563.0
2025-12-01 03:15:00+00:00,25318.25,25593.0,25312.25,25323.25
2025-12-01 03:30:00+00:00,25335.25,25326.0,25320.0,25320.5
2025-12-01 03:45:00+00:00,25331.5,25323.75,25318.25,25314.25
2025-12-01 04:00:00+00:00,25314.75,25595.0,25303.25,25332.75
2025-12-01 04:15:00+00:00,25329.5,25321.0,25310.0,25320.0
2025-12-01 04:30:00+00:00,25318.5,25313.0,25287.5,25288.75
2025-12-01 04:45:00+00:00,25300.5,25292.25,25275.75,25284.0
2025-12-01 05:00:00+00:00,25292.0,25570.0,25282.25,25570.0
2025-12-01 05:15:00+00:00,25317.75,25314.5,25305.75,25315.0
2025-12-01 05:30:00+00:00,25316.75,25581.5,25311.75,25581.5
2025-12-01 05:45:00+00:00,25333.5,25324.5,25313.25,25312.0
2025-12-01 06:00:00+00:00,25313.75,25305.25,25293.5,25305.5
2025-12-01 06:15:00+00:00,25314.25,25307.25,25296.75,25301.25
2025-12-01 06:30:00+00:00,25302.25,25539.25,25291.25,25539.25
2025-12-01 06:45:00+00:00,25287.75,25552.25,25282.5,25295.0
2025-12-01 07:00:00+00:00,25307.5,25515.25,25258.0,25256.5
2025-12-01 07:15:00+00:00,25269.75,25515.75,25253.25,25251.75
2025-12-01 07:30:00+00:00,25254.75,25494.0,25239.0,25494.0
2025-12-01 07:45:00+00:00,25243.5,25481.5,25214.75,25224.0
2025-12-01 08:00:00+00:00,25236.5,25471.75,25224.25,25249.25
2025-12-01 08:15:00+00:00,25251.0,25251.75,25243.25,25255.0
2025-12-01 08:30:00+00:00,25247.25,25498.5,25240.25,25259.25
2025-12-01 08:45:00+00:00,25258.5,25498.25,25247.0,25264.0
2025-12-01 09:00:00+00:00,25270.75,25531.25,25261.75,25285.5
2025-12-01 09:15:00+00:00,25299.5,25511.0,25257.5,25514.0
2025-12-01 09:30:00+00:00,25289.0,25508.5,25255.0,25494.75
2025-12-01 09:45:00+00:00,25278.75,25620.75,25247.75,25595.5
2025-12-01 10:00:00+00:00,25384.0,25626.25,25350.25,25374.0
2025-12-01 10:15:00+00:00,25602.0,25600.0,25337.75,25332.5
2025-12-01 10:30:00+00:00,25565.0,25565.0,25294.5,25340.5
2025-12-01 10:45:00+00:00,25346.0,25646.25,25326.0,25412.5
2025-12-01 11:00:00+00:00,25666.0,25657.75,25353.5,25362.0
2025-12-01 11:15:00+00:00,25351.0,25575.0,25340.5,25376.25
2025-12-01 11:30:00+00:00,25396.5,25655.0,25380.25,25420.5
2025-12-01 11:45:00+00:00,25429.5,25700.0,25423.5,25434.0
2025-12-01 12:00:00+00:00,25690.0,25713.5,25438.0,25698.5
2025-12-01 12:15:00+00:00,25444.25,25706.5,25434.5,25706.5
2025-12-01 12:30:00+00:00,25459.5,25718.75,25450.25,25721.25
2025-12-01 12:45:00+00:00,25735.0,25740.25,25455.0,25458.0
2025-12-01 13:00:00+00:00,25702.0,25733.0,25463.5,25733.0
2025-12-01 13:15:00+00:00,25480.75,25720.75,25457.25,25467.0
2025-12-01 13:30:00+00:00,25470.75,25470.0,25463.25,25466.25
2025-12-01 13:45:00+00:00,25474.0,25735.25,25470.0,25490.25
2025-12-01 14:00:00+00:00,25488.0,25700.0,25444.25,25441.0
2025-12-01 14:15:00+00:00,25448.75,25660.0,25404.5,25661.5
2025-12-01 14:30:00+00:00,25642.25,25649.75,25372.5,25387.0
2025-12-01 14:45:00+00:00,25631.0,25631.0,25377.5,25620.5
2025-12-01 15:00:00+00:00,25382.25,25633.5,25373.75,25410.75
2025-12-01 15:15:00+00:00,25412.0,25661.0,25392.75,25393.75
2025-12-01 15:30:00+00:00,25407.5,25661.75,25391.5,25661.75
2025-12-01 15:45:00+00:00,25421.25,25653.75,25369.25,25373.75
2025-12-01 16:00:00+00:00,25408.5,25645.25,25386.25,25645.25
2025-12-01 16:15:00+00:00,25392.75,25399.0,25389.25,25400.25
2025-12-01 16:30:00+00:00,25400.25,25399.75,25395.75,25399.75
2025-12-01 16:45:00+00:00,25402.75,25403.0,25399.5,25401.5
2025-12-01 18:00:00+00:00,25419.75,25670.5,25382.0,25383.0
2025-12-01 18:15:00+00:00,25392.0,25643.0,25388.0,25412.75
2025-12-01 18:30:00+00:00,25418.25,25418.0,25413.75,25410.0
2025-12-01 18:45:00+00:00,25410.5,25659.0,25398.0,25401.5
2025-12-01 19:00:00+00:00,25400.25,25404.0,25391.0,25404.75
2025-12-01 19:15:00+00:00,25409.75,25403.75,25396.75,25398.75
2025-12-01 19:30:00+00:00,25407.0,25654.0,25403.0,25411.75
2025-12-01 19:45:00+00:00,25411.5,25409.25,25406.0,25410.5
2025-12-01 20:00:00+00:00,25408.0,25434.25,25404.0,25435.0
2025-12-01 20:15:00+00:00,25437.25,25439.0,25433.0,25438.0
2025-12-01 20:30:00+00:00,25436.5,25670.0,25419.0,25420.0
2025-12-01 20:45:00+00:00,25420.5,25419.25,25416.75,25417.25
2025-12-01 21:00:00+00:00,25665.0,25653.75,25395.25,25392.0
2025-12-01 21:15:00+00:00,25402.75,25401.75,25398.0,25403.25
2025-12-01 21:30:00+00:00,25403.75,25673.25,25395.75,25673.25
2025-12-01 21:45:00+00:00,25422.75,25673.75,25419.5,25425.5
2025-12-01 22:00:00+00:00,25424.5,25661.75,25414.75,25661.75
2025-12-01 22:15:00+00:00,25408.5,25661.75,25371.25,25618.75
2025-12-01 22:30:00+00:00,25370.5,25367.75,25356.0,25373.5
2025-12-01 22:45:00+00:00,25380.75,25652.0,25378.25,25398.5
2025-12-01 23:00:00+00:00,25392.0,25396.25,25390.5,25390.75
2025-12-01 23:15:00+00:00,25395.5,25391.0,25388.75,25390.75
2025-12-01 23:30:00+00:00,25392.25,25643.0,25388.0,25390.75
2025-12-01 23:45:00+00:00,25390.75,25388.5,25378.5,25377.5
2025-12-02 00:00:00+00:00,25376.0,25376.75,25371.25,25372.25
2025-12-02 00:15:00+00:00,25371.25,25372.0,25362.5,25372.25
2025-12-02 00:30:00+00:00,25373.5,25625.0,25368.5,25369.5
2025-12-02 00:45:00+00:00,25367.5,25627.0,25365.5,25627.0
2025-12-02 01:00:00+00:00,25373.5,25369.0,25348.25,25348.75
2025-12-02 01:15:00+00:00,25352.25,25351.75,25340.75,25341.5
2025-12-02 01:30:00+00:00,25346.25,25607.5,25339.5,25607.5
2025-12-02 01:45:00+00:00,25361.25,25375.25,25359.5,25375.75
2025-12-02 02:00:00+00:00,25378.25,25378.25,25370.25,25380.0
2025-12-02 02:15:00+00:00,25383.25,25634.75,25374.25,25634.75
2025-12-02 02:30:00+00:00,25388.0,25384.0,25360.0,25358.5
2025-12-02 02:45:00+00:00,25366.25,25362.0,25355.25,25356.0
2025-12-02 03:00:00+00:00,25359.0,25613.0,25332.5,25346.75
2025-12-02 03:15:00+00:00,25357.5,25601.0,25354.0,25357.5
2025-12-02 03:30:00+00:00,25363.75,25612.75,25358.75,25382.25
2025-12-02 03:45:00+00:00,25391.75,25414.5,25385.0,25420.0
2025-12-02 04:00:00+00:00,25672.5,25692.0,25425.5,25695.75
2025-12-02 04:15:00+00:00,25443.75,25701.0,25434.75,25701.0
2025-12-02 04:30:00+00:00,25446.0,25438.0,25426.25,25430.0
2025-12-02 04:45:00+00:00,25431.75,25700.5,25428.25,25443.75
2025-12-02 05:00:00+00:00,25445.75,25699.0,25441.0,25446.0
2025-12-02 05:15:00+00:00,25447.75,25706.0,25439.25,25706.0
2025-12-02 05:30:00+00:00,25457.25,25712.5,25452.75,25466.25
2025-12-02 05:45:00+00:00,25481.25,25746.25,25474.25,25746.25
2025-12-02 06:00:00+00:00,25494.0,25747.25,25482.75,25490.25
2025-12-02 06:15:00+00:00,25493.25,25743.0,25486.75,25487.75
2025-12-02 06:30:00+00:00,25503.75,25753.75,25489.25,25751.5
2025-12-02 06:45:00+00:00,25493.75,25492.75,25486.5,25481.75
2025-12-02 07:00:00+00:00,25483.5,25484.5,25466.0,25470.0
2025-12-02 07:15:00+00:00,25478.0,25732.5,25476.0,25488.25
2025-12-02 07:30:00+00:00,25487.0,25720.5,25460.25,25468.0
2025-12-02 07:45:00+00:00,25469.75,25744.0,25466.25,25744.0
2025-12-02 08:00:00+00:00,25499.5,25743.0,25489.0,25499.75
2025-12-02 08:15:00+00:00,25505.0,25749.25,25492.0,25749.25
2025-12-02 08:30:00+00:00,25498.0,25742.25,25487.5,25511.75
2025-12-02 08:45:00+00:00,25507.0,25740.5,25487.75,25492.5
2025-12-02 09:00:00+00:00,25510.5,25772.5,25507.25,25508.75
2025-12-02 09:15:00+00:00,25511.0,25766.25,25502.0,25743.0
2025-12-02 09:30:00+00:00,25500.75,25851.25,25492.75,25844.5
2025-12-02 09:45:00+00:00,25603.25,25828.75,25573.5,25840.0
2025-12-02 10:00:00+00:00,25871.5,25889.5,25621.25,25631.5
2025-12-02 10:15:00+00:00,25644.5,25896.5,25608.75,25612.75
2025-12-02 10:30:00+00:00,25579.0,25875.0,25558.75,25875.0
2025-12-02 10:45:00+00:00,25630.5,25905.75,25621.75,25904.0
2025-12-02 11:00:00+00:00,25652.25,25900.5,25575.5,25791.0
2025-12-02 11:15:00+00:00,25548.75,25713.5,25536.25,25712.75
2025-12-02 11:30:00+00:00,25480.75,25770.25,25459.5,25759.0
2025-12-02 11:45:00+00:00,25502.25,25777.0,25488.5,25761.75
2025-12-02 12:00:00+00:00,25534.5,25794.0,25509.75,25796.5
2025-12-02 12:15:00+00:00,25557.25,25864.0,25549.5,25864.0
2025-12-02 12:30:00+00:00,25612.5,25866.0,25586.5,25598.0
2025-12-02 12:45:00+00:00,25605.25,25851.75,25529.25,25524.25
2025-12-02 13:00:00+00:00,25529.5,25815.75,25505.5,25555.75
2025-12-02 13:15:00+00:00,25553.5,25804.0,25551.75,25555.0
2025-12-02 13:30:00+00:00,25573.25,25786.0,25540.25,25542.0
2025-12-02 13:45:00+00:00,25557.5,25832.25,25554.5,25566.5
2025-12-02 14:00:00+00:00,25584.25,25845.0,25577.25,25602.5
2025-12-02 14:15:00+00:00,25609.0,25857.75,25571.75,25571.75
2025-12-02 14:30:00+00:00,25842.75,25857.0,25598.5,25839.25
2025-12-02 14:45:00+00:00,25590.0,25891.25,25587.5,25891.25
2025-12-02 15:00:00+00:00,25639.75,25871.5,25617.25,25629.5
2025-12-02 15:15:00+00:00,25630.0,25630.75,25625.75,25635.25
2025-12-02 15:30:00+00:00,25640.5,25895.0,25613.5,25611.0
2025-12-02 15:45:00+00:00,25624.5,25851.75,25606.5,25851.75
2025-12-02 16:00:00+00:00,25607.0,25853.5,25594.5,25596.25
2025-12-02 16:15:00+00:00,25599.0,25596.5,25592.25,25596.75
2025-12-02 16:30:00+00:00,25600.0,25847.0,25592.25,25594.0
2025-12-02 16:45:00+00:00,25592.25,25597.5,25589.5,25600.25
2025-12-02 18:00:00+00:00,25628.75,25873.0,25611.0,25612.0
2025-12-02 18:15:00+00:00,25614.5,25626.5,25614.0,25625.75
2025-12-02 18:30:00+00:00,25630.0,25626.75,25623.75,25625.0
2025-12-02 18:45:00+00:00,25628.5,25626.5,25620.5,25630.0
2025-12-02 19:00:00+00:00,25635.0,25630.25,25624.75,25630.0
2025-12-02 19:15:00+00:00,25626.75,25839.0,25583.0,25582.0
2025-12-02 19:30:00+00:00,25586.25,25603.25,25580.5,25606.5
2025-12-02 19:45:00+00:00,25611.0,25880.0,25607.25,25627.25
2025-12-02 20:00:00+00:00,25634.0,25636.0,25627.25,25637.75
2025-12-02 20:15:00+00:00,25641.5,25636.25,25632.25,25632.25
2025-12-02 20:30:00+00:00,25642.5,25896.75,25635.0,25896.75
2025-12-02 20:45:00+00:00,25643.0,25642.0,25637.75,25637.25
2025-12-02 21:00:00+00:00,25644.75,25647.0,25638.25,25654.5
2025-12-02 21:15:00+00:00,25655.0,25911.0,25655.0,25671.75
2025-12-02 21:30:00+00:00,25666.0,25657.0,25648.5,25648.0
2025-12-02 21:45:00+00:00,25652.0,25653.75,25648.5,25656.25
2025-12-02 22:00:00+00:00,25655.75,25651.25,25647.5,25653.25
2025-12-02 22:15:00+00:00,25657.25,25915.25,25651.0,25663.5
2025-12-02 22:30:00+00:00,25669.25,25923.75,25665.0,25674.0
2025-12-02 22:45:00+00:00,25674.0,25669.5,25666.5,25666.5
2025-12-02 23:00:00+00:00,25668.0,25670.5,25665.5,25670.5
2025-12-02 23:15:00+00:00,25671.25,25669.5,25667.0,25665.75
2025-12-02 23:30:00+00:00,25665.25,25664.25,25664.0,25665.0
2025-12-02 23:45:00+00:00,25663.75,25913.25,25659.0,25913.25
2025-12-03 00:00:00+00:00,25661.0,25671.0,25659.25,25669.5
2025-12-03 00:15:00+00:00,25678.25,25672.0,25668.5,25669.0
2025-12-03 00:30:00+00:00,25672.75,25670.5,25665.25,25664.5
2025-12-03 00:45:00+00:00,25663.0,25662.0,25659.75,25659.0
2025-12-03 01:00:00+00:00,25661.25,25660.0,25656.75,25658.25
2025-12-03 01:15:00+00:00,25658.5,25656.75,25654.75,25650.75
2025-12-03 01:30:00+00:00,25652.5,25905.25,25642.25,25905.25
2025-12-03 01:45:00+00:00,25656.25,25660.5,25653.75,25654.25
2025-12-03 02:00:00+00:00,25658.0,25661.75,25656.5,25662.25
2025-12-03 02:15:00+00:00,25669.25,25925.0,25665.5,25669.5
2025-12-03 02:30:00+00:00,25669.75,25908.0,25662.75,25908.0
2025-12-03 02:45:00+00:00,25650.5,25904.5,25649.0,25904.5
2025-12-03 03:00:00+00:00,25658.75,25660.75,25650.75,25654.0
2025-12-03 03:15:00+00:00,25654.25,25895.0,25622.0,25619.75
2025-12-03 03:30:00+00:00,25625.5,25635.5,25620.5,25638.75
2025-12-03 03:45:00+00:00,25645.25,25905.25,25643.25,25665.75
2025-12-03 04:00:00+00:00,25661.0,25650.0,25628.75,25633.75
2025-12-03 04:15:00+00:00,25633.0,25874.0,25616.25,25621.75
2025-12-03 04:30:00+00:00,25621.25,25879.5,25619.25,25620.0
2025-12-03 04:45:00+00:00,25634.25,25884.75,25624.25,25636.25
2025-12-03 05:00:00+00:00,25641.25,25644.25,25637.75,25644.5
2025-12-03 05:15:00+00:00,25641.25,25643.5,25639.5,25644.25
2025-12-03 05:30:00+00:00,25645.25,25643.0,25626.0,25630.0
2025-12-03 05:45:00+00:00,25630.75,25626.0,25609.75,25622.25
2025-12-03 06:00:00+00:00,25625.5,25622.25,25614.75,25619.75
2025-12-03 06:15:00+00:00,25624.0,25632.0,25622.75,25634.75
2025-12-03 06:30:00+00:00,25639.5,25890.5,25636.0,25638.0
2025-12-03 06:45:00+00:00,25639.0,25639.75,25636.0,25641.5
2025-12-03 07:00:00+00:00,25638.75,25643.75,25628.5,25646.5
2025-12-03 07:15:00+00:00,25647.0,25895.25,25641.0,25644.75
2025-12-03 07:30:00+00:00,25651.0,25915.5,25647.5,25659.75
2025-12-03 07:45:00+00:00,25661.25,25660.5,25659.25,25657.75
2025-12-03 08:00:00+00:00,25663.0,25915.0,25654.5,25665.5
2025-12-03 08:15:00+00:00,25677.75,25928.75,25641.5,25662.5
2025-12-03 08:30:00+00:00,25662.75,25663.0,25654.5,25661.25
2025-12-03 08:45:00+00:00,25656.5,25902.0,25647.75,25902.0
2025-12-03 09:00:00+00:00,25653.0,25820.0,25458.75,25680.0
2025-12-03 09:15:00+00:00,25450.0,25723.25,25432.5,25484.0
2025-12-03 09:30:00+00:00,25507.5,25748.5,25483.25,25728.0
2025-12-03 09:45:00+00:00,25739.0,25739.0,25447.0,25738.0
2025-12-03 10:00:00+00:00,25530.0,25806.0,25497.5,25760.0
2025-12-03 10:15:00+00:00,25768.25,25808.0,25531.0,25546.5
2025-12-03 10:30:00+00:00,25773.75,25848.0,25521.0,25583.75
2025-12-03 10:45:00+00:00,25599.5,25586.5,25556.0,25569.5
2025-12-03 11:00:00+00:00,25578.0,25838.75,25536.25,25531.75
2025-12-03 11:15:00+00:00,25794.5,25817.75,25544.75,25812.5
2025-12-03 11:30:00+00:00,25573.5,25860.25,25566.75,25860.25
2025-12-03 11:45:00+00:00,25616.5,25853.5,25547.75,25810.0
2025-12-03 12:00:00+00:00,25573.25,25846.25,25560.75,25846.75
2025-12-03 12:15:00+00:00,25605.0,25872.25,25593.75,25617.5
2025-12-03 12:30:00+00:00,25872.5,25872.5,25613.75,25609.5
2025-12-03 12:45:00+00:00,25621.5,25879.5,25610.75,25879.5
2025-12-03 13:00:00+00:00,25880.0,25879.75,25621.75,25626.75
2025-12-03 13:15:00+00:00,25634.0,25628.5,25613.75,25621.25
2025-12-03 13:30:00+00:00,25638.75,25898.75,25627.25,25902.5
2025-12-03 13:45:00+00:00,25654.75,25903.0,25633.75,25628.5
2025-12-03 14:00:00+00:00,25637.0,25897.25,25628.5,25897.25
2025-12-03 14:15:00+00:00,25650.75,25898.0,25643.75,25898.0
2025-12-03 14:30:00+00:00,25650.5,25901.0,25649.25,25653.75
2025-12-03 14:45:00+00:00,25657.5,25919.25,25653.0,25919.25
2025-12-03 15:00:00+00:00,25675.25,25924.0,25661.0,25681.25
2025-12-03 15:15:00+00:00,25682.5,25928.25,25674.5,25675.0
2025-12-03 15:30:00+00:00,25682.0,25920.5,25670.0,25672.5
2025-12-03 15:45:00+00:00,25682.5,25913.75,25654.75,25909.0
2025-12-03 16:00:00+00:00,25660.25,25898.25,25644.0,25643.75
2025-12-03 16:15:00+00:00,25903.75,25903.75,25647.25,25645.25
2025-12-03 16:30:00+00:00,25642.25,25648.25,25642.0,25642.25
2025-12-03 16:45:00+00:00,25642.0,25892.75,25637.25,25892.75
2025-12-03 18:00:00+00:00,25656.75,25897.0,25640.25,25654.0
2025-12-03 18:15:00+00:00,25652.0,25897.5,25647.5,25897.5
2025-12-03 18:30:00+00:00,25655.0,25652.75,25651.0,25651.0
2025-12-03 18:45:00+00:00,25654.5,25899.5,25646.5,25646.5
2025-12-03 19:00:00+00:00,25650.0,25656.75,25647.5,25654.25
2025-12-03 19:15:00+00:00,25663.0,25658.0,25655.25,25657.5
2025-12-03 19:30:00+00:00,25660.25,25904.5,25656.0,25904.5
2025-12-03 19:45:00+00:00,25655.5,25651.5,25637.0,25632.5
2025-12-03 20:00:00+00:00,25637.0,25657.5,25632.5,25657.5
2025-12-03 20:15:00+00:00,25655.5,25656.0,25653.0,25659.25
2025-12-03 20:30:00+00:00,25658.25,25653.25,25647.5,25644.75
2025-12-03 20:45:00+00:00,25652.0,25890.0,25640.25,25890.0
2025-12-03 21:00:00+00:00,25641.25,25889.25,25635.25,25875.75
2025-12-03 21:15:00+00:00,25628.0,25638.0,25624.0,25639.5
2025-12-03 21:30:00+00:00,25639.75,25639.0,25634.75,25638.75
2025-12-03 21:45:00+00:00,25640.0,25905.5,25638.0,25905.5
2025-12-03 22:00:00+00:00,25650.0,25644.5,25638.0,25643.25
2025-12-03 22:15:00+00:00,25641.5,25636.0,25629.25,25630.5
2025-12-03 22:30:00+00:00,25629.75,25867.0,25615.5,25626.0
2025-12-03 22:45:00+00:00,25625.25,25629.75,25623.25,25629.75
2025-12-03 23:00:00+00:00,25634.0,25632.75,25626.0,25633.25
2025-12-03 23:15:00+00:00,25633.75,25631.25,25622.5,25628.5
2025-12-03 23:30:00+00:00,25629.25,25633.25,25627.75,25636.5
2025-12-03 23:45:00+00:00,25639.75,25639.5,25637.0,25639.25
2025-12-04 00:00:00+00:00,25641.0,25639.5,25635.0,25639.5
2025-12-04 00:15:00+00:00,25649.75,25645.5,25635.5,25634.75
2025-12-04 00:30:00+00:00,25634.5,25635.5,25632.75,25633.5
2025-12-04 00:45:00+00:00,25640.25,25637.5,25636.25,25639.0
2025-12-04 01:00:00+00:00,25642.5,25907.0,25640.25,25647.75
2025-12-04 01:15:00+00:00,25647.5,25646.75,25642.75,25648.0
2025-12-04 01:30:00+00:00,25657.75,25900.0,25652.75,25650.75
2025-12-04 01:45:00+00:00,25655.5,25656.75,25653.25,25656.5
2025-12-04 02:00:00+00:00,25656.25,25663.75,25653.0,25652.0
2025-12-04 02:15:00+00:00,25655.0,25664.75,25653.25,25665.5
2025-12-04 02:30:00+00:00,25664.5,25660.5,25657.75,25656.75
2025-12-04 02:45:00+00:00,25659.75,25903.25,25657.75,25903.25
2025-12-04 03:00:00+00:00,25657.5,25650.75,25628.5,25633.25
2025-12-04 03:15:00+00:00,25636.5,25870.5,25615.25,25608.0
2025-12-04 03:30:00+00:00,25620.25,25640.25,25618.0,25644.75
2025-12-04 03:45:00+00:00,25641.75,25642.25,25636.5,25641.5
2025-12-04 04:00:00+00:00,25640.25,25895.25,25634.25,25639.75
2025-12-04 04:15:00+00:00,25635.75,25897.75,25618.75,25897.75
2025-12-04 04:30:00+00:00,25655.25,25941.5,25646.25,25684.0
2025-12-04 04:45:00+00:00,25686.25,25685.0,25678.5,25685.0
2025-12-04 05:00:00+00:00,25687.25,25684.25,25679.75,25676.5
2025-12-04 05:15:00+00:00,25676.0,25930.5,25674.25,25675.75
2025-12-04 05:30:00+00:00,25678.75,25672.25,25657.75,25660.5
2025-12-04 05:45:00+00:00,25660.0,25895.25,25643.75,25650.75
2025-12-04 06:00:00+00:00,25644.75,25894.0,25639.25,25646.0
2025-12-04 06:15:00+00:00,25639.75,25634.0,25630.25,25637.25
2025-12-04 06:30:00+00:00,25647.0,25650.0,25638.75,25638.0
2025-12-04 06:45:00+00:00,25642.0,25904.75,25642.0,25645.75
2025-12-04 07:00:00+00:00,25661.75,25662.25,25656.0,25665.5
2025-12-04 07:15:00+00:00,25667.5,25664.5,25661.5,25664.75
2025-12-04 07:30:00+00:00,25665.5,25661.25,25661.0,25660.75
2025-12-04 07:45:00+00:00,25671.0,25914.75,25661.75,25659.75
2025-12-04 08:00:00+00:00,25659.25,25656.0,25649.25,25645.0
2025-12-04 08:15:00+00:00,25642.0,25903.0,25639.25,25655.25
2025-12-04 08:30:00+00:00,25666.5,25650.0,25640.0,25638.0
2025-12-04 08:45:00+00:00,25643.75,25886.75,25632.5,25632.25
2025-12-04 09:00:00+00:00,25652.5,25976.5,25631.75,25976.5
2025-12-04 09:15:00+00:00,25980.0,25971.75,25694.25,25695.25
2025-12-04 09:30:00+00:00,25713.0,25861.0,25608.75,25846.75
2025-12-04 09:45:00+00:00,25608.5,25850.25,25572.0,25806.5
2025-12-04 10:00:00+00:00,25577.5,25828.75,25555.5,25830.0
2025-12-04 10:15:00+00:00,25569.75,25836.75,25542.0,25841.0
2025-12-04 10:30:00+00:00,25598.25,25877.0,25586.25,25630.0
2025-12-04 10:45:00+00:00,25636.0,25854.75,25574.25,25826.75
2025-12-04 11:00:00+00:00,25583.5,25813.5,25515.0,25541.75
2025-12-04 11:15:00+00:00,25552.5,25838.0,25551.0,25573.25
2025-12-04 11:30:00+00:00,25830.25,25829.5,25568.5,25823.25
2025-12-04 11:45:00+00:00,25582.75,25893.25,25569.5,25893.75
2025-12-04 12:00:00+00:00,25647.5,25892.25,25617.5,25850.5
2025-12-04 12:15:00+00:00,25634.75,25876.5,25610.0,25865.5
2025-12-04 12:30:00+00:00,25604.25,25844.5,25588.75,25605.5
2025-12-04 12:45:00+00:00,25616.5,25853.75,25609.0,25614.25
2025-12-04 13:00:00+00:00,25620.0,25866.25,25583.25,25846.0
2025-12-04 13:15:00+00:00,25613.75,25871.0,25603.0,25872.75
2025-12-04 13:30:00+00:00,25624.0,25873.75,25598.75,25605.0
2025-12-04 13:45:00+00:00,25607.0,25851.5,25595.0,25607.75
2025-12-04 14:00:00+00:00,25605.75,25853.75,25597.25,25592.0
2025-12-04 14:15:00+00:00,25840.0,25836.75,25501.0,25790.0
2025-12-04 14:30:00+00:00,25540.5,25845.25,25532.5,25590.5
2025-12-04 14:45:00+00:00,25599.5,25848.5,25592.0,25848.5
2025-12-04 15:00:00+00:00,25592.75,25837.25,25565.0,25837.25
2025-12-04 15:15:00+00:00,25588.0,25825.5,25568.5,25575.5
2025-12-04 15:30:00+00:00,25575.25,25824.75,25563.5,25815.0
2025-12-04 15:45:00+00:00,25572.75,25850.75,25570.25,25608.5
2025-12-04 16:00:00+00:00,25882.5,25882.5,25617.5,25630.5
2025-12-04 16:15:00+00:00,25634.5,25886.25,25632.5,25636.5
2025-12-04 16:30:00+00:00,25633.5,25632.5,25628.75,25629.0
2025-12-04 16:45:00+00:00,25629.75,25878.0,25625.5,25629.0
2025-12-04 18:00:00+00:00,25647.5,25892.5,25629.75,25637.25
2025-12-04 18:15:00+00:00,25635.25,25631.25,25630.5,25631.25
2025-12-04 18:30:00+00:00,25634.5,25631.25,25619.0,25622.5
2025-12-04 18:45:00+00:00,25618.5,25861.5,25613.75,25618.75
2025-12-04 19:00:00+00:00,25629.0,25620.0,25617.5,25617.5
2025-12-04 19:15:00+00:00,25619.5,25636.5,25618.0,25638.75
2025-12-04 19:30:00+00:00,25639.25,25891.0,25638.75,25646.5
2025-12-04 19:45:00+00:00,25650.0,25898.75,25646.75,25651.5
2025-12-04 20:00:00+00:00,25664.75,25664.75,25654.0,25662.75
2025-12-04 20:15:00+00:00,25666.25,25919.0,25662.0,25669.75
2025-12-04 20:30:00+00:00,25669.0,25918.75,25667.0,25678.75
2025-12-04 20:45:00+00:00,25677.5,25928.0,25675.5,25679.25
2025-12-04 21:00:00+00:00,25933.0,25940.75,25682.75,25940.75
2025-12-04 21:15:00+00:00,25696.75,25946.5,25692.0,25702.75
2025-12-04 21:30:00+00:00,25711.25,25949.25,25694.75,25948.0
2025-12-04 21:45:00+00:00,25697.5,25695.5,25685.5,25682.75
2025-12-04 22:00:00+00:00,25695.5,25689.25,25688.5,25684.5
2025-12-04 22:15:00+00:00,25688.0,25948.0,25687.0,25690.5
2025-12-04 22:30:00+00:00,25694.0,25939.5,25685.0,25692.75
2025-12-04 22:45:00+00:00,25693.75,25954.25,25690.75,25703.25
2025-12-04 23:00:00+00:00,25705.25,25964.75,25700.25,25716.25
2025-12-04 23:15:00+00:00,25714.25,25710.0,25704.25,25701.5
2025-12-04 23:30:00+00:00,25707.25,25958.75,25706.5,25703.25
2025-12-04 23:45:00+00:00,25704.25,25965.0,25703.0,25714.5
2025-12-05 00:00:00+00:00,25716.0,25717.25,25712.0,25717.75
2025-12-05 00:15:00+00:00,25717.5,25967.0,25712.75,25714.75
2025-12-05 00:30:00+00:00,25713.5,25716.75,25710.0,25716.75
2025-12-05 00:45:00+00:00,25721.5,25968.0,25716.75,25722.75
2025-12-05 01:00:00+00:00,25724.0,25977.5,25723.75,25725.25
2025-12-05 01:15:00+00:00,25726.25,25724.0,25719.75,25720.25
2025-12-05 01:30:00+00:00,25724.0,25962.75,25711.0,25723.0
2025-12-05 01:45:00+00:00,25718.5,25968.0,25709.5,25715.0
2025-12-05 02:00:00+00:00,25712.5,25963.0,25712.0,25715.25
2025-12-05 02:15:00+00:00,25714.5,25725.25,25713.5,25726.5
2025-12-05 02:30:00+00:00,25725.5,25977.0,25720.0,25719.75
2025-12-05 02:45:00+00:00,25721.25,25972.5,25718.25,25724.25
2025-12-05 03:00:00+00:00,25727.75,25736.5,25725.5,25734.5
2025-12-05 03:15:00+00:00,25737.75,26000.0,25734.0,25994.5
2025-12-05 03:30:00+00:00,25738.75,25741.0,25737.5,25741.25
2025-12-05 03:45:00+00:00,25999.0,25999.0,25730.75,25728.5
2025-12-05 04:00:00+00:00,25726.75,25985.75,25718.5,25719.0
2025-12-05 04:15:00+00:00,25720.0,25722.75,25716.5,25722.75
2025-12-05 04:30:00+00:00,25728.75,25724.0,25710.0,25706.5
2025-12-05 04:45:00+00:00,25715.75,25717.0,25711.5,25717.5
2025-12-05 05:00:00+00:00,25720.25,25724.25,25717.0,25728.25
2025-12-05 05:15:00+00:00,25723.75,25980.0,25722.75,25720.75
2025-12-05 05:30:00+00:00,25727.0,25725.0,25724.25,25728.75
2025-12-05 05:45:00+00:00,25730.0,25981.75,25717.0,25713.75
2025-12-05 06:00:00+00:00,25716.25,25970.75,25715.5,25718.0
2025-12-05 06:15:00+00:00,25721.75,25723.25,25715.75,25726.25
2025-12-05 06:30:00+00:00,25725.5,25973.0,25717.75,25716.0
2025-12-05 06:45:00+00:00,25719.5,25718.75,25718.75,25719.0
2025-12-05 07:00:00+00:00,25971.0,25976.25,25715.75,25716.25
2025-12-05 07:15:00+00:00,25965.5,25963.5,25697.25,25706.0
2025-12-05 07:30:00+00:00,25714.25,25967.75,25710.5,25708.0
2025-12-05 07:45:00+00:00,25707.75,25957.0,25697.75,25957.0
2025-12-05 08:00:00+00:00,25704.25,25956.0,25703.0,25703.25
2025-12-05 08:15:00+00:00,25705.0,25939.5,25681.5,25681.5
2025-12-05 08:30:00+00:00,25689.0,25920.0,25630.0,25867.0
2025-12-05 08:45:00+00:00,25615.75,25854.5,25586.25,25618.25
2025-12-05 09:00:00+00:00,25624.75,25897.5,25613.75,25897.5
2025-12-05 09:15:00+00:00,25655.75,25910.0,25645.25,25910.0
2025-12-05 09:30:00+00:00,25742.75,26018.5,25680.0,25710.0
2025-12-05 09:45:00+00:00,25729.75,26038.75,25709.25,26041.5
2025-12-05 10:00:00+00:00,25814.0,26108.0,25791.25,26110.0
2025-12-05 10:15:00+00:00,25859.75,26115.0,25858.25,26090.5
2025-12-05 10:30:00+00:00,25848.0,26105.75,25836.75,26074.25
2025-12-05 10:45:00+00:00,25819.5,26051.0,25775.5,25986.5
2025-12-05 11:00:00+00:00,25767.0,25994.25,25725.25,25960.0
2025-12-05 11:15:00+00:00,25709.25,25977.5,25704.5,25954.0
2025-12-05 11:30:00+00:00,25698.0,25938.5,25676.25,25938.5
2025-12-05 11:45:00+00:00,25709.0,25971.75,25688.25,25748.0
2025-12-05 12:00:00+00:00,25737.0,25979.0,25704.0,25948.75
2025-12-05 12:15:00+00:00,25704.75,25951.75,25695.5,25704.75
2025-12-05 12:30:00+00:00,25700.25,25944.5,25677.25,25940.0
2025-12-05 12:45:00+00:00,25697.5,25976.75,25694.25,25729.5
2025-12-05 13:00:00+00:00,25735.0,25984.75,25723.75,25734.0
2025-12-05 13:15:00+00:00,25727.5,25989.75,25711.25,25991.0
2025-12-05 13:30:00+00:00,25753.75,25997.75,25736.25,25732.25
2025-12-05 13:45:00+00:00,25737.25,25986.0,25727.0,25982.0
2025-12-05 14:00:00+00:00,25730.25,25983.25,25718.75,25983.25
2025-12-05 14:15:00+00:00,25741.25,25976.5,25709.5,25730.0
2025-12-05 14:30:00+00:00,25729.25,25976.0,25715.5,25965.5
2025-12-05 14:45:00+00:00,25712.75,25989.5,25705.0,25989.5
2025-12-05 15:00:00+00:00,25740.25,25977.75,25722.5,25970.0
2025-12-05 15:15:00+00:00,25728.0,25973.75,25721.25,25716.25
2025-12-05 15:30:00+00:00,25973.75,25973.75,25712.0,25968.75
2025-12-05 15:45:00+00:00,25722.75,25949.5,25688.25,25718.0
2025-12-05 16:00:00+00:00,25738.0,25989.75,25725.75,25732.5
2025-12-05 16:15:00+00:00,25737.25,25735.25,25733.75,25734.25
2025-12-05 16:30:00+00:00,25734.0,25986.0,25732.25,25737.0
2025-12-05 16:45:00+00:00,25737.0,25986.5,25734.75,25736.5
2025-12-07 18:00:00+00:00,25770.0,25991.0,25724.25,25737.75
2025-12-07 18:15:00+00:00,25731.25,25989.75,25728.25,25740.5
2025-12-07 18:30:00+00:00,25750.75,26010.5,25743.75,25747.5
2025-12-07 18:45:00+00:00,25747.75,26002.0,25745.75,25746.75
2025-12-07 19:00:00+00:00,25747.0,25970.25,25702.75,25707.0
2025-12-07 19:15:00+00:00,25720.0,25728.0,25712.75,25731.0
2025-12-07 19:30:00+00:00,25733.0,25736.5,25728.25,25736.5
2025-12-07 19:45:00+00:00,25737.5,25999.0,25736.25,25746.75
2025-12-07 20:00:00+00:00,25749.25,26010.0,25746.25,25754.25
2025-12-07 20:15:00+00:00,25750.75,26004.0,25746.5,25752.25
2025-12-07 20:30:00+00:00,25754.25,26018.0,25751.5,26016.75
2025-12-07 20:45:00+00:00,25767.75,26018.5,25764.0,25766.25
2025-12-07 21:00:00+00:00,25770.0,26018.75,25762.75,25771.0
2025-12-07 21:15:00+00:00,25772.0,25778.75,25769.75,25780.0
2025-12-07 21:30:00+00:00,26028.0,26031.5,25774.25,25772.5
2025-12-07 21:45:00+00:00,25776.25,25775.5,25772.0,25777.75
2025-12-07 22:00:00+00:00,25787.0,25782.75,25781.75,25784.75
2025-12-07 22:15:00+00:00,25786.0,25787.0,25783.75,25787.5
2025-12-07 22:30:00+00:00,25786.25,25791.5,25783.75,25786.5
2025-12-07 22:45:00+00:00,25786.5,25787.0,25784.25,25789.5
2025-12-07 23:00:00+00:00,25790.5,25792.5,25789.75,25793.0
2025-12-07 23:15:00+00:00,25797.0,25796.5,25796.0,25797.25
2025-12-07 23:30:00+00:00,25798.5,26052.0,25794.75,25797.0
2025-12-07 23:45:00+00:00,25800.0,25800.5,25796.25,25801.75
2025-12-08 00:00:00+00:00,25799.0,25796.5,25795.0,25796.5
2025-12-08 00:15:00+00:00,25798.75,26055.0,25798.75,25802.5
2025-12-08 00:30:00+00:00,26054.75,26054.75,25800.25,25799.5
2025-12-08 00:45:00+00:00,25802.25,26054.0,25792.25,25795.25
2025-12-08 01:00:00+00:00,25796.25,26045.5,25789.25,25801.5
2025-12-08 01:15:00+00:00,25810.0,26060.75,25805.75,25807.5
2025-12-08 01:30:00+00:00,25807.25,26050.5,25801.0,26050.5
2025-12-08 01:45:00+00:00,25804.5,25800.5,25793.25,25792.0
2025-12-08 02:00:00+00:00,25790.0,25792.25,25783.5,25794.5
2025-12-08 02:15:00+00:00,26049.75,26060.5,25805.5,25813.5
2025-12-08 02:30:00+00:00,25811.75,26072.25,25811.25,26072.25
2025-12-08 02:45:00+00:00,25816.5,25811.0,25803.0,25807.5
2025-12-08 03:00:00+00:00,25806.25,26049.0,25793.25,25795.25
2025-12-08 03:15:00+00:00,25795.5,26036.5,25787.0,26036.5
2025-12-08 03:30:00+00:00,25788.5,25788.0,25782.5,25781.25
2025-12-08 03:45:00+00:00,25782.25,25778.5,25771.5,25776.0
2025-12-08 04:00:00+00:00,26028.0,26040.5,25777.5,26040.5
2025-12-08 04:15:00+00:00,25788.75,25789.25,25784.0,25793.75
2025-12-08 04:30:00+00:00,25796.0,26046.25,25788.5,26043.25
2025-12-08 04:45:00+00:00,25781.25,26026.75,25776.25,26026.75
2025-12-08 05:00:00+00:00,25778.75,26029.25,25765.25,26029.25
2025-12-08 05:15:00+00:00,25777.25,25778.75,25769.0,25779.5
2025-12-08 05:30:00+00:00,25790.25,26051.0,25789.0,25790.0
2025-12-08 05:45:00+00:00,25793.25,26048.0,25792.25,25793.0
2025-12-08 06:00:00+00:00,25793.5,25788.75,25781.0,25788.25
2025-12-08 06:15:00+00:00,25797.75,26038.25,25777.0,25776.0
2025-12-08 06:30:00+00:00,25777.5,26032.75,25774.25,25780.75
2025-12-08 06:45:00+00:00,25783.0,26028.5,25776.0,26028.5
2025-12-08 07:00:00+00:00,25777.0,26036.5,25775.0,25781.0
2025-12-08 07:15:00+00:00,25785.0,26040.0,25781.75,25787.0
2025-12-08 07:30:00+00:00,25786.0,26043.75,25785.25,25801.0
2025-12-08 07:45:00+00:00,25802.75,26058.25,25801.25,25800.5
2025-12-08 08:00:00+00:00,25806.5,26066.25,25801.75,26066.25
2025-12-08 08:15:00+00:00,25814.25,26069.5,25806.0,25802.5
2025-12-08 08:30:00+00:00,26050.0,26050.0,25791.0,25798.5
2025-12-08 08:45:00+00:00,25808.5,26058.5,25805.25,26058.5
2025-12-08 09:00:00+00:00,25813.5,26075.25,25810.25,25817.75
2025-12-08 09:15:00+00:00,26073.75,26060.0,25793.5,26035.75
2025-12-08 09:30:00+00:00,25832.5,26080.75,25791.0,26054.0
2025-12-08 09:45:00+00:00,25807.25,26044.0,25752.0,25991.0
2025-12-08 10:00:00+00:00,25753.25,26020.0,25743.0,25746.75
2025-12-08 10:15:00+00:00,25743.25,25992.25,25669.75,25950.0
2025-12-08 10:30:00+00:00,25700.25,25970.0,25697.0,25939.5
2025-12-08 10:45:00+00:00,25702.75,25946.75,25658.5,25913.75
2025-12-08 11:00:00+00:00,25663.0,25898.5,25630.5,25886.25
2025-12-08 11:15:00+00:00,25642.5,25910.0,25637.25,25916.0
2025-12-08 11:30:00+00:00,25670.25,25900.5,25637.75,25649.5
2025-12-08 11:45:00+00:00,25655.75,25901.0,25639.0,25643.5
2025-12-08 12:00:00+00:00,25640.25,25891.75,25607.5,25879.75
2025-12-08 12:15:00+00:00,25884.0,25885.5,25616.75,25861.5
2025-12-08 12:30:00+00:00,25627.0,25886.0,25617.5,25886.0
2025-12-08 12:45:00+00:00,25623.25,25929.0,25622.5,25929.0
2025-12-08 13:00:00+00:00,25696.25,25935.5,25671.5,25688.0
2025-12-08 13:15:00+00:00,25933.75,25932.75,25675.0,25909.75
2025-12-08 13:30:00+00:00,25629.25,25879.25,25621.75,25618.5
2025-12-08 13:45:00+00:00,25634.5,25620.0,25592.5,25590.25
2025-12-08 14:00:00+00:00,25593.25,25837.5,25574.75,25575.75
2025-12-08 14:15:00+00:00,25589.75,25855.5,25580.5,25601.5
2025-12-08 14:30:00+00:00,25603.0,25607.0,25596.5,25606.0
2025-12-08 14:45:00+00:00,25606.5,25867.75,25597.0,25845.0
2025-12-08 15:00:00+00:00,25602.0,25851.5,25585.75,25851.5
2025-12-08 15:15:00+00:00,25610.0,25865.0,25596.75,25865.0
2025-12-08 15:30:00+00:00,25617.25,25858.5,25596.75,25609.0
2025-12-08 15:45:00+00:00,25614.5,25886.75,25612.5,25917.0
2025-12-08 16:00:00+00:00,25674.75,25917.25,25662.25,25661.25
2025-12-08 16:15:00+00:00,25662.75,25917.0,25658.5,25665.5
2025-12-08 16:30:00+00:00,25697.5,25952.25,25682.25,25952.25
2025-12-08 16:45:00+00:00,25703.25,25957.75,25693.5,25957.75
2025-12-08 18:00:00+00:00,25716.0,25975.0,25703.5,25703.75
2025-12-08 18:15:00+00:00,25705.5,25954.0,25698.25,25954.0
2025-12-08 18:30:00+00:00,25699.0,25957.75,25695.0,25701.75
2025-12-08 18:45:00+00:00,25705.0,25724.25,25704.0,25724.5
2025-12-08 19:00:00+00:00,25727.25,25968.25,25720.5,25721.0
2025-12-08 19:15:00+00:00,25720.5,25971.0,25715.0,25719.0
2025-12-08 19:30:00+00:00,25719.0,25719.0,25714.0,25717.25
2025-12-08 19:45:00+00:00,25717.5,25721.0,25714.0,25721.5
2025-12-08 20:00:00+00:00,25721.25,25962.5,25707.5,25720.5
2025-12-08 20:15:00+00:00,25725.0,25724.0,25718.5,25710.25
2025-12-08 20:30:00+00:00,25959.5,25959.5,25688.75,25698.75
2025-12-08 20:45:00+00:00,25695.5,25697.75,25692.25,25693.5
2025-12-08 21:00:00+00:00,25947.75,25947.0,25686.25,25677.5
2025-12-08 21:15:00+00:00,25703.0,25703.25,25692.75,25695.25
2025-12-08 21:30:00+00:00,25699.0,25697.0,25685.75,25692.0
2025-12-08 21:45:00+00:00,25692.25,25945.0,25690.5,25694.75
2025-12-08 22:00:00+00:00,25694.0,25696.25,25689.0,25693.0
2025-12-08 22:15:00+00:00,25695.75,25949.5,25690.0,25691.5
2025-12-08 22:30:00+00:00,25700.25,25697.5,25693.75,25697.0
2025-12-08 22:45:00+00:00,25696.5,25697.75,25686.0,25700.25
2025-12-08 23:00:00+00:00,25699.75,25695.5,25693.0,25695.25
2025-12-08 23:15:00+00:00,25692.25,25693.75,25690.75,25691.5
2025-12-08 23:30:00+00:00,25692.5,25691.75,25684.25,25692.5
2025-12-08 23:45:00+00:00,25692.5,25690.5,25688.5,25687.5
2025-12-09 00:00:00+00:00,25688.25,25686.5,25675.25,25676.75
2025-12-09 00:15:00+00:00,25675.25,25674.75,25668.25,25668.0
2025-12-09 00:30:00+00:00,25668.75,25674.75,25667.5,25674.75
2025-12-09 00:45:00+00:00,25932.5,25932.5,25664.25,25663.5
2025-12-09 01:00:00+00:00,25658.0,25911.5,25654.75,25656.5
2025-12-09 01:15:00+00:00,25660.25,25655.75,25650.25,25656.0
2025-12-09 01:30:00+00:00,25660.75,25674.75,25655.5,25680.5
2025-12-09 01:45:00+00:00,25682.0,25926.0,25673.75,25683.25
2025-12-09 02:00:00+00:00,25689.5,25692.0,25688.25,25688.5
2025-12-09 02:15:00+00:00,25687.75,25686.25,25681.25,25683.25
2025-12-09 02:30:00+00:00,25688.25,25934.0,25681.5,25687.75
2025-12-09 02:45:00+00:00,25690.25,25689.25,25687.5,25692.25
2025-12-09 03:00:00+00:00,25950.0,25950.0,25696.5,25699.25
2025-12-09 03:15:00+00:00,25956.0,25956.0,25694.5,25696.75
2025-12-09 03:30:00+00:00,25699.75,25945.0,25686.75,25692.0
2025-12-09 03:45:00+00:00,25698.0,25955.5,25695.5,25696.0
2025-12-09 04:00:00+00:00,25689.25,25928.0,25673.5,25680.5
2025-12-09 04:15:00+00:00,25679.5,25675.25,25660.75,25665.5
2025-12-09 04:30:00+00:00,25671.75,25924.25,25653.75,25658.0
2025-12-09 04:45:00+00:00,25663.0,25663.25,25657.0,25654.5
2025-12-09 05:00:00+00:00,25658.5,25922.75,25658.25,25922.75
2025-12-09 05:15:00+00:00,25676.75,25689.25,25674.25,25689.25
2025-12-09 05:30:00+00:00,25688.25,25909.0,25633.5,25910.0
2025-12-09 05:45:00+00:00,25657.75,25892.5,25640.0,25664.0
2025-12-09 06:00:00+00:00,25912.0,25911.75,25646.25,25639.0
2025-12-09 06:15:00+00:00,25643.75,25659.0,25642.75,25662.5
2025-12-09 06:30:00+00:00,25666.5,25930.25,25662.25,25930.25
2025-12-09 06:45:00+00:00,25680.0,25927.75,25670.0,25671.25
2025-12-09 07:00:00+00:00,25925.75,25925.75,25668.5,25667.75
2025-12-09 07:15:00+00:00,25666.25,25914.25,25663.0,25664.25
2025-12-09 07:30:00+00:00,25665.0,25911.0,25655.0,25651.75
2025-12-09 07:45:00+00:00,25653.25,25667.25,25650.0,25665.0
2025-12-09 08:00:00+00:00,25658.5,25657.0,25654.75,25658.0
2025-12-09 08:15:00+00:00,25652.5,25906.0,25641.75,25905.0
2025-12-09 08:30:00+00:00,25651.5,25872.0,25627.75,25627.25
2025-12-09 08:45:00+00:00,25630.75,25880.0,25610.25,25868.5
2025-12-09 09:00:00+00:00,25624.5,25618.0,25606.25,25616.75
2025-12-09 09:15:00+00:00,25613.5,25858.75,25600.75,25608.25
2025-12-09 09:30:00+00:00,25611.25,25864.75,25588.75,25864.75
2025-12-09 09:45:00+00:00,25633.5,25875.0,25610.5,25876.5
2025-12-09 10:00:00+00:00,25641.5,25898.5,25633.0,25639.25
2025-12-09 10:15:00+00:00,25887.75,25907.0,25634.75,25915.5
2025-12-09 10:30:00+00:00,25667.25,25913.0,25648.25,25676.5
2025-12-09 10:45:00+00:00,25935.25,25928.75,25638.25,25680.25
2025-12-09 11:00:00+00:00,25696.25,25946.5,25685.25,25688.0
2025-12-09 11:15:00+00:00,25950.5,25952.25,25697.5,25693.5
2025-12-09 11:30:00+00:00,25696.25,25950.0,25679.0,25677.25
2025-12-09 11:45:00+00:00,25938.25,25961.25,25683.75,25712.0
2025-12-09 12:00:00+00:00,25709.25,25980.5,25708.25,25718.5
2025-12-09 12:15:00+00:00,25720.25,25967.0,25703.0,25962.0
2025-12-09 12:30:00+00:00,25714.75,25962.5,25696.75,25702.25
2025-12-09 12:45:00+00:00,25700.75,25966.0,25699.5,25966.0
2025-12-09 13:00:00+00:00,25717.5,25979.0,25715.25,25713.25
2025-12-09 13:15:00+00:00,25975.0,25980.75,25719.75,25730.75
2025-12-09 13:30:00+00:00,25730.0,25972.5,25711.25,25707.5
2025-12-09 13:45:00+00:00,25949.0,25986.5,25711.5,25727.0
2025-12-09 14:00:00+00:00,25719.75,25964.5,25699.25,25699.25
2025-12-09 14:15:00+00:00,25956.0,25965.0,25710.5,25711.75
2025-12-09 14:30:00+00:00,25713.5,25971.0,25696.75,25697.25
2025-12-09 14:45:00+00:00,25949.75,25958.25,25700.75,25705.25
2025-12-09 15:00:00+00:00,25700.25,25960.5,25699.75,25701.0
2025-12-09 15:15:00+00:00,25703.25,25959.5,25699.75,25700.5
2025-12-09 15:30:00+00:00,25956.25,25957.5,25694.25,25958.75
2025-12-09 15:45:00+00:00,25706.25,25968.25,25695.0,25690.75
2025-12-09 16:00:00+00:00,25694.75,25686.75,25684.75,25681.75
2025-12-09 16:15:00+00:00,25684.5,25682.5,25678.5,25679.75
2025-12-09 16:30:00+00:00,25682.75,25935.5,25680.25,25680.75
2025-12-09 16:45:00+00:00,25680.75,25935.5,25676.5,25679.0
2025-12-09 18:00:00+00:00,25940.0,25940.0,25677.5,25679.0
2025-12-09 18:15:00+00:00,25679.0,25675.25,25672.25,25676.25
2025-12-09 18:30:00+00:00,25676.75,25931.5,25672.75,25931.5
2025-12-09 18:45:00+00:00,25680.25,25925.0,25670.5,25672.25
2025-12-09 19:00:00+00:00,25672.5,25686.0,25671.75,25692.5
2025-12-09 19:15:00+00:00,25686.0,25680.25,25670.0,25670.25
2025-12-09 19:30:00+00:00,25674.25,25922.0,25669.5,25669.0
2025-12-09 19:45:00+00:00,25669.25,25913.0,25656.25,25657.0
2025-12-09 20:00:00+00:00,25659.25,25899.75,25645.0,25899.75
2025-12-09 20:15:00+00:00,25651.0,25648.25,25646.75,25651.5
2025-12-09 20:30:00+00:00,25656.5,25905.75,25646.0,25905.75
2025-12-09 20:45:00+00:00,25658.75,25908.25,25654.25,25656.25
2025-12-09 21:00:00+00:00,25660.0,25659.5,25656.0,25660.0
2025-12-09 21:15:00+00:00,25661.25,25670.75,25660.25,25670.5
2025-12-09 21:30:00+00:00,25673.5,25674.75,25669.25,25672.5
2025-12-09 21:45:00+00:00,25672.5,25927.0,25671.0,25674.0
2025-12-09 22:00:00+00:00,25681.75,25935.0,25673.5,25678.0
2025-12-09 22:15:00+00:00,25677.75,25927.75,25667.5,25667.0
2025-12-09 22:30:00+00:00,25668.0,25927.0,25667.25,25927.0
2025-12-09 22:45:00+00:00,25670.25,25928.75,25667.0,25928.75
2025-12-09 23:00:00+00:00,25677.25,25938.25,25674.0,25682.0
2025-12-09 23:15:00+00:00,25682.25,25680.75,25679.5,25681.25
2025-12-09 23:30:00+00:00,25687.0,25963.0,25683.5,25699.25
2025-12-09 23:45:00+00:00,25947.5,25947.5,25693.0,25693.5
2025-12-10 00:00:00+00:00,25694.25,25691.0,25669.0,25670.75
2025-12-10 00:15:00+00:00,25677.75,25930.25,25673.5,25682.0
2025-12-10 00:30:00+00:00,25678.75,25932.75,25677.5,25681.25
2025-12-10 00:45:00+00:00,25686.75,25935.5,25681.75,25681.75
2025-12-10 01:00:00+00:00,25684.0,25958.0,25682.0,25958.0
2025-12-10 01:15:00+00:00,25704.5,25703.0,25700.25,25701.5
2025-12-10 01:30:00+00:00,25710.0,25710.25,25702.5,25706.25
2025-12-10 01:45:00+00:00,25702.0,25958.25,25701.5,25958.25
2025-12-10 02:00:00+00:00,25704.0,25956.25,25700.0,25702.0
2025-12-10 02:15:00+00:00,25707.0,25972.5,25705.0,25717.0
2025-12-10 02:30:00+00:00,25715.25,25980.0,25714.75,25980.0
2025-12-10 02:45:00+00:00,25727.75,25979.75,25721.75,25979.75
2025-12-10 03:00:00+00:00,25732.0,25998.0,25726.75,25737.5
2025-12-10 03:15:00+00:00,25737.75,25993.0,25730.75,25730.5
2025-12-10 03:30:00+00:00,25732.75,25980.75,25720.0,25980.75
2025-12-10 03:45:00+00:00,25722.5,25960.5,25706.0,25717.5
2025-12-10 04:00:00+00:00,25726.25,25981.75,25718.5,25724.25
2025-12-10 04:15:00+00:00,25719.5,25968.25,25707.25,25711.25
2025-12-10 04:30:00+00:00,25717.0,25966.25,25708.75,25966.25
2025-12-10 04:45:00+00:00,25710.0,25715.75,25706.25,25713.75
2025-12-10 05:00:00+00:00,25964.75,25964.75,25703.75,25702.0
2025-12-10 05:15:00+00:00,25705.75,25949.0,25659.75,25898.75
2025-12-10 05:30:00+00:00,25632.5,25905.0,25632.25,25651.0
2025-12-10 05:45:00+00:00,25654.5,25913.25,25649.75,25661.5
2025-12-10 06:00:00+00:00,25694.75,25926.0,25644.0,25926.0
2025-12-10 06:15:00+00:00,25675.0,25915.5,25663.5,25667.75
2025-12-10 06:30:00+00:00,25666.25,25921.25,25660.5,25661.25
2025-12-10 06:45:00+00:00,25658.0,25923.5,25656.75,25666.75
2025-12-10 07:00:00+00:00,25668.75,25656.75,25637.0,25643.0
2025-12-10 07:15:00+00:00,25644.5,25888.25,25637.75,25645.25
2025-12-10 07:30:00+00:00,25647.5,25647.75,25638.0,25637.75
2025-12-10 07:45:00+00:00,25637.5,25888.75,25634.75,25646.25
2025-12-10 08:00:00+00:00,25650.25,25905.5,25649.0,25656.5
2025-12-10 08:15:00+00:00,25668.0,25959.25,25664.75,25963.75
2025-12-10 08:30:00+00:00,25720.0,25935.0,25680.25,25682.25
2025-12-10 08:45:00+00:00,25685.0,25930.25,25677.5,25680.0
2025-12-10 09:00:00+00:00,25936.25,25932.25,25654.25,25914.25
2025-12-10 09:15:00+00:00,25666.75,25914.0,25648.0,25896.0
2025-12-10 09:30:00+00:00,25663.75,25893.25,25582.75,25898.0
2025-12-10 09:45:00+00:00,25658.5,25913.0,25604.5,25892.0
2025-12-10 10:00:00+00:00,25631.5,25895.75,25620.75,25895.75
2025-12-10 10:15:00+00:00,25634.0,25900.75,25624.75,25629.25
2025-12-10 10:30:00+00:00,25642.5,25886.25,25578.75,25847.25
2025-12-10 10:45:00+00:00,25587.75,25872.0,25558.5,25823.75
2025-12-10 11:00:00+00:00,25568.75,25831.0,25536.25,25600.75
2025-12-10 11:15:00+00:00,25613.25,25900.0,25610.75,25644.5
2025-12-10 11:30:00+00:00,25901.5,25899.0,25628.25,25622.0
2025-12-10 11:45:00+00:00,25626.0,25908.75,25615.25,25911.0
2025-12-10 12:00:00+00:00,25651.0,25904.25,25625.5,25632.75
2025-12-10 12:15:00+00:00,25637.25,25890.5,25620.0,25883.5
2025-12-10 12:30:00+00:00,25625.0,25890.0,25623.0,25627.0
2025-12-10 12:45:00+00:00,25639.75,25918.0,25631.5,25918.0
2025-12-10 13:00:00+00:00,25667.75,25912.5,25648.5,25656.0
2025-12-10 13:15:00+00:00,25907.25,25906.75,25600.75,25861.75
2025-12-10 13:30:00+00:00,25609.5,25870.75,25606.75,25875.75
2025-12-10 13:45:00+00:00,25619.25,25876.0,25601.5,25866.25
2025-12-10 14:00:00+00:00,25725.0,25965.0,25614.5,25944.0
2025-12-10 14:15:00+00:00,25723.0,25975.25,25654.75,25915.0
2025-12-10 14:30:00+00:00,25690.75,25982.25,25654.5,25928.75
2025-12-10 14:45:00+00:00,25719.5,26075.25,25666.0,26078.5
2025-12-10 15:00:00+00:00,25840.25,26111.5,25818.25,26115.5
2025-12-10 15:15:00+00:00,25860.75,26109.25,25834.5,26096.0
2025-12-10 15:30:00+00:00,25845.25,26106.75,25836.5,26097.0
2025-12-10 15:45:00+00:00,25852.5,26098.25,25819.5,26068.25
2025-12-10 16:00:00+00:00,25804.5,26049.25,25765.5,25780.75
2025-12-10 16:15:00+00:00,25802.25,26055.0,25784.5,25798.25
2025-12-10 16:30:00+00:00,25798.25,26045.25,25790.5,25798.75
2025-12-10 16:45:00+00:00,25803.25,26065.0,25796.0,25802.0
2025-12-10 18:00:00+00:00,25786.75,26036.75,25762.0,25761.25
2025-12-10 18:15:00+00:00,25747.5,25987.0,25725.75,25987.0
2025-12-10 18:30:00+00:00,25732.75,25990.25,25727.0,25984.5
2025-12-10 18:45:00+00:00,25731.5,25988.0,25729.25,25737.0
2025-12-10 19:00:00+00:00,25732.25,25722.0,25713.5,25719.25
2025-12-10 19:15:00+00:00,25729.0,25978.25,25720.0,25726.5
2025-12-10 19:30:00+00:00,25979.0,25979.0,25697.75,25697.0
2025-12-10 19:45:00+00:00,25701.25,25939.0,25676.5,25682.75
2025-12-10 20:00:00+00:00,25925.25,25923.5,25663.25,25671.0
2025-12-10 20:15:00+00:00,25677.25,25926.75,25667.75,25928.5
2025-12-10 20:30:00+00:00,25678.5,25932.5,25671.75,25680.75
2025-12-10 20:45:00+00:00,25680.0,25921.0,25655.25,25914.25
2025-12-10 21:00:00+00:00,25661.25,25901.25,25629.25,25626.5
2025-12-10 21:15:00+00:00,25895.25,25893.25,25619.25,25865.0
2025-12-10 21:30:00+00:00,25610.25,25862.0,25572.75,25835.25
2025-12-10 21:45:00+00:00,25582.75,25816.5,25542.25,25803.75
2025-12-10 22:00:00+00:00,25550.25,25730.25,25421.0,25680.75
2025-12-10 22:15:00+00:00,25447.0,25717.25,25433.0,25468.75
2025-12-10 22:30:00+00:00,25474.5,25728.25,25443.25,25728.25
2025-12-10 22:45:00+00:00,25477.25,25735.0,25473.5,25482.0
2025-12-10 23:00:00+00:00,25742.25,25775.5,25484.75,25530.5
2025-12-10 23:15:00+00:00,25522.25,25773.25,25501.25,25760.25
2025-12-10 23:30:00+00:00,25509.75,25766.0,25499.75,25522.5
2025-12-10 23:45:00+00:00,25516.25,25517.25,25506.75,25510.25
2025-12-11 00:00:00+00:00,25509.5,25762.5,25496.5,25499.0
2025-12-11 00:15:00+00:00,25497.0,25761.25,25495.75,25497.5
2025-12-11 00:30:00+00:00,25495.5,25753.5,25488.5,25496.0
2025-12-11 00:45:00+00:00,25498.75,25770.0,25492.75,25519.0
2025-12-11 01:00:00+00:00,25517.0,25777.75,25503.5,25762.25
2025-12-11 01:15:00+00:00,25511.25,25746.0,25483.75,25483.25
2025-12-11 01:30:00+00:00,25480.0,25762.5,25473.0,25765.0
2025-12-11 01:45:00+00:00,25514.5,25766.0,25495.75,25763.25
2025-12-11 02:00:00+00:00,25511.75,25757.25,25484.5,25757.5
2025-12-11 02:15:00+00:00,25510.75,25764.25,25504.25,25515.25
2025-12-11 02:30:00+00:00,25526.0,25790.0,25521.0,25537.0
2025-12-11 02:45:00+00:00,25537.0,25788.0,25528.0,25538.5
2025-12-11 03:00:00+00:00,25543.0,25758.0,25488.5,25496.0
2025-12-11 03:15:00+00:00,25751.75,25748.75,25482.0,25500.25
2025-12-11 03:30:00+00:00,25742.25,25745.0,25482.25,25490.75
2025-12-11 03:45:00+00:00,25486.75,25784.5,25486.75,25784.5
2025-12-11 04:00:00+00:00,25538.0,25827.25,25536.25,25827.25
2025-12-11 04:15:00+00:00,25577.0,25837.0,25570.0,25837.0
2025-12-11 04:30:00+00:00,25592.5,25850.0,25578.5,25843.75
2025-12-11 04:45:00+00:00,25591.5,25860.0,25589.0,25601.75
2025-12-11 05:00:00+00:00,25610.25,25846.0,25593.0,25854.0
2025-12-11 05:15:00+00:00,25614.75,25866.25,25600.75,25608.5
2025-12-11 05:30:00+00:00,25607.75,25848.75,25590.75,25848.75
2025-12-11 05:45:00+00:00,25602.0,25853.0,25592.5,25600.0
2025-12-11 06:00:00+00:00,25600.25,25862.75,25593.75,25611.5
2025-12-11 06:15:00+00:00,25610.0,25603.25,25600.25,25606.0
2025-12-11 06:30:00+00:00,25863.5,25863.5,25600.5,25601.0
2025-12-11 06:45:00+00:00,25610.25,25880.5,25606.75,25626.25
2025-12-11 07:00:00+00:00,25629.25,25882.75,25622.75,25639.25
2025-12-11 07:15:00+00:00,25903.0,25900.0,25661.25,25676.5
2025-12-11 07:30:00+00:00,25681.25,25950.25,25678.0,25940.0
2025-12-11 07:45:00+00:00,25690.25,25955.0,25685.75,25955.0
2025-12-11 08:00:00+00:00,25698.0,25935.0,25669.5,25671.25
2025-12-11 08:15:00+00:00,25676.0,25936.0,25672.0,25934.75
2025-12-11 08:30:00+00:00,25687.0,25908.75,25648.5,25636.75
2025-12-11 08:45:00+00:00,25646.75,25907.0,25641.25,25898.5
2025-12-11 09:00:00+00:00,25648.0,25926.75,25643.75,25931.0
2025-12-11 09:15:00+00:00,25674.75,25919.75,25663.0,25906.5
2025-12-11 09:30:00+00:00,25650.25,25850.5,25576.25,25841.75
2025-12-11 09:45:00+00:00,25591.0,25784.25,25406.75,25668.5
2025-12-11 10:00:00+00:00,25417.0,25813.5,25414.75,25813.5
2025-12-11 10:15:00+00:00,25565.75,25867.25,25555.75,25855.5
2025-12-11 10:30:00+00:00,25610.5,25830.0,25550.75,25797.25
2025-12-11 10:45:00+00:00,25561.75,25785.5,25472.75,25787.75
2025-12-11 11:00:00+00:00,25555.0,25785.0,25502.0,25772.0
2025-12-11 11:15:00+00:00,25513.75,25744.0,25485.25,25720.75
2025-12-11 11:30:00+00:00,25491.75,25817.25,25467.0,25817.25
2025-12-11 11:45:00+00:00,25576.5,25818.75,25472.5,25757.25
2025-12-11 12:00:00+00:00,25524.25,25827.5,25501.25,25830.0
2025-12-11 12:15:00+00:00,25570.5,25871.5,25570.0,25862.5
2025-12-11 12:30:00+00:00,25622.25,25883.25,25604.25,25641.75
2025-12-11 12:45:00+00:00,25645.75,25896.75,25597.25,25836.75
2025-12-11 13:00:00+00:00,25605.0,25881.5,25592.0,25883.5
2025-12-11 13:15:00+00:00,25635.5,25890.25,25610.25,25877.0
2025-12-11 13:30:00+00:00,25627.25,25931.5,25620.0,25932.25
2025-12-11 13:45:00+00:00,25686.25,25933.5,25647.75,25895.5
2025-12-11 14:00:00+00:00,25647.25,25917.0,25636.75,25917.0
2025-12-11 14:15:00+00:00,25676.75,25950.0,25668.75,25950.0
2025-12-11 14:30:00+00:00,25704.75,25965.0,25698.0,25966.0
2025-12-11 14:45:00+00:00,25717.75,25968.75,25702.0,25954.75
2025-12-11 15:00:00+00:00,25705.0,25959.0,25690.25,25701.0
2025-12-11 15:15:00+00:00,25699.0,25950.75,25681.75,25938.0
2025-12-11 15:30:00+00:00,25681.5,25934.0,25669.5,25933.0
2025-12-11 15:45:00+00:00,25681.25,25970.0,25676.25,25968.25
2025-12-11 16:00:00+00:00,25730.0,26004.0,25714.75,26007.0
2025-12-11 16:15:00+00:00,25822.0,26079.0,25744.25,26081.5
2025-12-11 16:30:00+00:00,25825.0,26077.75,25795.25,26056.0
2025-12-11 16:45:00+00:00,25803.25,26098.0,25796.5,26098.0
2025-12-11 18:00:00+00:00,25717.5,25980.25,25701.0,25938.25
2025-12-11 18:15:00+00:00,25663.25,25934.75,25661.5,25922.0
2025-12-11 18:30:00+00:00,25675.75,25936.5,25664.5,25939.25
2025-12-11 18:45:00+00:00,25682.0,25944.75,25676.5,25930.0
2025-12-11 19:00:00+00:00,25670.75,25920.0,25648.0,25910.0
2025-12-11 19:15:00+00:00,25663.5,25928.0,25652.75,25928.0
2025-12-11 19:30:00+00:00,25678.25,25939.25,25670.75,25933.75
2025-12-11 19:45:00+00:00,25667.25,25914.0,25655.25,25901.0
2025-12-11 20:00:00+00:00,25654.25,25915.75,25647.75,25914.25
2025-12-11 20:15:00+00:00,25669.25,25932.75,25658.5,25932.75
2025-12-11 20:30:00+00:00,25678.0,25932.0,25672.5,25674.0
2025-12-11 20:45:00+00:00,25926.25,25928.25,25667.5,25934.0
2025-12-11 21:00:00+00:00,25681.0,25956.5,25675.5,25956.5
2025-12-11 21:15:00+00:00,25703.75,25951.5,25690.25,25946.25
2025-12-11 21:30:00+00:00,25695.0,25954.75,25688.75,25957.5
2025-12-11 21:45:00+00:00,25700.5,25946.75,25690.0,25694.75
2025-12-11 22:00:00+00:00,25696.75,25954.0,25683.0,25939.75
2025-12-11 22:15:00+00:00,25684.0,25929.5,25670.25,25924.25
2025-12-11 22:30:00+00:00,25669.5,25935.75,25668.25,25681.25
2025-12-11 22:45:00+00:00,25683.5,25930.5,25671.25,25671.75
2025-12-11 23:00:00+00:00,25669.75,25919.5,25660.0,25660.25
2025-12-11 23:15:00+00:00,25663.75,25918.0,25659.0,25659.0
2025-12-11 23:30:00+00:00,25659.75,25918.75,25657.5,25657.25
2025-12-11 23:45:00+00:00,25662.0,25922.5,25654.75,25658.75
2025-12-12 00:00:00+00:00,25919.75,25927.0,25660.25,25667.0
2025-12-12 00:15:00+00:00,25667.0,25932.75,25663.0,25932.75
2025-12-12 00:30:00+00:00,25679.75,25952.0,25674.25,25953.0
2025-12-12 00:45:00+00:00,25695.0,25950.75,25690.0,25695.75
2025-12-12 01:00:00+00:00,25694.25,25952.25,25691.25,25694.0
2025-12-12 01:15:00+00:00,25695.25,25956.75,25693.25,25700.0
2025-12-12 01:30:00+00:00,25702.5,25944.0,25685.5,25945.25
2025-12-12 01:45:00+00:00,25683.5,25939.75,25677.0,25682.25
2025-12-12 02:00:00+00:00,25679.0,25932.0,25671.75,25930.75
2025-12-12 02:15:00+00:00,25673.75,25928.25,25669.5,25923.75
2025-12-12 02:30:00+00:00,25924.0,25921.25,25659.0,25670.25
2025-12-12 02:45:00+00:00,25927.25,25931.0,25670.5,25927.5
2025-12-12 03:00:00+00:00,25668.0,25934.5,25663.25,25934.5
2025-12-12 03:15:00+00:00,25677.75,25931.5,25670.5,25931.5
2025-12-12 03:30:00+00:00,25674.25,25938.25,25672.25,25924.25
2025-12-12 03:45:00+00:00,25667.5,25931.0,25661.75,25921.0
2025-12-12 04:00:00+00:00,25662.5,25920.75,25617.5,25894.75
2025-12-12 04:15:00+00:00,25643.0,25885.5,25607.0,25608.25
2025-12-12 04:30:00+00:00,25855.0,25848.75,25833.25,25835.75
2025-12-12 04:45:00+00:00,25575.0,25847.5,25572.0,25845.25
2025-12-12 05:00:00+00:00,25588.25,25873.5,25586.75,25878.0
2025-12-12 05:15:00+00:00,25619.75,25868.0,25587.25,25842.5
2025-12-12 05:30:00+00:00,25590.0,25840.75,25570.25,25844.75
2025-12-12 05:45:00+00:00,25586.25,25851.75,25585.75,25843.25
2025-12-12 06:00:00+00:00,25585.25,25836.5,25567.25,25572.0
2025-12-12 06:15:00+00:00,25584.75,25845.25,25575.0,25835.0
2025-12-12 06:30:00+00:00,25575.0,25833.25,25548.0,25824.0
2025-12-12 06:45:00+00:00,25561.75,25820.5,25537.25,25811.25
2025-12-12 07:00:00+00:00,25555.0,25830.5,25543.5,25830.75
2025-12-12 07:15:00+00:00,25570.0,25839.75,25566.0,25837.5
2025-12-12 07:30:00+00:00,25576.0,25828.25,25566.25,25566.75
2025-12-12 07:45:00+00:00,25822.25,25837.25,25815.25,25837.5
2025-12-12 08:00:00+00:00,25576.25,25848.25,25568.25,25847.25
2025-12-12 08:15:00+00:00,25591.25,25851.75,25585.0,25847.25
2025-12-12 08:30:00+00:00,25590.5,25845.75,25578.5,25842.0
2025-12-12 08:45:00+00:00,25586.0,25882.25,25582.5,25885.5
2025-12-12 09:00:00+00:00,25632.25,25879.5,25611.25,25863.75
2025-12-12 09:15:00+00:00,25604.75,25859.75,25583.75,25818.5
2025-12-12 09:30:00+00:00,25560.25,25855.25,25553.0,25815.0
2025-12-12 09:45:00+00:00,25555.0,25808.75,25514.75,25820.0
2025-12-12 10:00:00+00:00,25559.0,25773.5,25431.75,25700.0
2025-12-12 10:15:00+00:00,25446.75,25685.0,25365.75,25572.5
2025-12-12 10:30:00+00:00,25326.0,25618.0,25319.5,25639.25
2025-12-12 10:45:00+00:00,25397.75,25624.5,25318.5,25496.0
2025-12-12 11:00:00+00:00,25277.25,25484.75,25167.5,25446.25
2025-12-12 11:15:00+00:00,25223.75,25455.0,25150.5,25480.5
2025-12-12 11:30:00+00:00,25225.25,25431.75,25125.25,25439.5
2025-12-12 11:45:00+00:00,25186.75,25415.5,25146.5,25421.25
2025-12-12 12:00:00+00:00,25209.75,25503.0,25173.5,25503.75
2025-12-12 12:15:00+00:00,25265.0,25542.75,25231.5,25475.5
2025-12-12 12:30:00+00:00,25237.0,25528.25,25222.0,25531.0
2025-12-12 12:45:00+00:00,25283.5,25554.75,25270.25,25527.0
2025-12-12 13:00:00+00:00,25280.0,25581.5,25276.75,25586.75
2025-12-12 13:15:00+00:00,25358.0,25611.0,25313.25,25591.5
2025-12-12 13:30:00+00:00,25342.25,25584.5,25323.5,25562.25
2025-12-12 13:45:00+00:00,25314.25,25565.25,25298.75,25533.75
2025-12-12 14:00:00+00:00,25285.5,25532.0,25260.0,25494.25
2025-12-12 14:15:00+00:00,25247.5,25489.5,25221.25,25480.0
2025-12-12 14:30:00+00:00,25241.75,25511.0,25227.5,25495.25
2025-12-12 14:45:00+00:00,25245.75,25498.75,25241.25,25499.75
2025-12-12 15:00:00+00:00,25251.0,25500.25,25230.75,25478.25
2025-12-12 15:15:00+00:00,25231.75,25487.5,25206.75,25464.0
2025-12-12 15:30:00+00:00,25215.75,25431.75,25157.0,25437.25
2025-12-12 15:45:00+00:00,25194.5,25462.25,25178.5,25466.0
2025-12-12 16:00:00+00:00,25225.25,25468.5,25200.75,25470.25
2025-12-12 16:15:00+00:00,25217.25,25473.25,25208.0,25460.0
2025-12-12 16:30:00+00:00,25205.5,25464.25,25203.25,25465.75
2025-12-12 16:45:00+00:00,25209.0,25462.75,25206.5,25461.5
2025-12-14 18:00:00+00:00,25497.25,25446.5,25394.25,25416.75
2025-12-14 18:15:00+00:00,25423.5,25416.25,25156.75,25163.25
2025-12-14 18:30:00+00:00,25436.0,25432.75,25175.75,25180.5
2025-12-14 18:45:00+00:00,25439.0,25430.5,25171.25,25196.25
2025-12-14 19:00:00+00:00,25200.0,25464.75,25191.0,25463.0
2025-12-14 19:15:00+00:00,25465.0,25457.75,25197.5,25460.25
2025-12-14 19:30:00+00:00,25473.5,25469.0,25212.0,25213.5
2025-12-14 19:45:00+00:00,25228.0,25488.0,25219.0,25494.75
2025-12-14 20:00:00+00:00,25496.75,25489.25,25228.0,25484.5
2025-12-14 20:15:00+00:00,25492.5,25486.25,25230.75,25231.5
2025-12-14 20:30:00+00:00,25498.0,25513.0,25250.0,25245.25
2025-12-14 20:45:00+00:00,25250.75,25507.75,25247.75,25258.0
2025-12-14 21:00:00+00:00,25265.25,25526.0,25260.75,25269.25
2025-12-14 21:15:00+00:00,25269.0,25522.0,25265.5,25275.25
2025-12-14 21:30:00+00:00,25533.25,25539.0,25273.75,25271.75
2025-12-14 21:45:00+00:00,25273.75,25513.75,25258.0,25516.5
2025-12-14 22:00:00+00:00,25270.0,25266.25,25252.25,25260.0
2025-12-14 22:15:00+00:00,25515.0,25510.0,25246.75,25248.0
2025-12-14 22:30:00+00:00,25507.0,25506.5,25248.0,25247.75
2025-12-14 22:45:00+00:00,25506.0,25512.5,25254.5,25511.75
2025-12-14 23:00:00+00:00,25255.75,25512.75,25255.75,25504.0
2025-12-14 23:15:00+00:00,25496.75,25495.0,25237.0,25247.25
2025-12-14 23:30:00+00:00,25510.25,25513.75,25248.75,25513.25
2025-12-14 23:45:00+00:00,25260.0,25525.0,25256.25,25525.0
2025-12-15 00:00:00+00:00,25272.25,25527.0,25268.5,25269.75
2025-12-15 00:15:00+00:00,25524.75,25524.75,25264.5,25526.0
2025-12-15 00:30:00+00:00,25527.5,25528.25,25275.25,25277.0
2025-12-15 00:45:00+00:00,25278.0,25538.0,25273.0,25538.0
2025-12-15 01:00:00+00:00,25277.5,25269.25,25252.25,25255.75
2025-12-15 01:15:00+00:00,25264.5,25522.75,25261.25,25529.25
2025-12-15 01:30:00+00:00,25524.25,25519.0,25268.5,25266.5
2025-12-15 01:45:00+00:00,25533.25,25532.0,25268.0,25270.5
2025-12-15 02:00:00+00:00,25280.75,25510.5,25260.25,25512.0
2025-12-15 02:15:00+00:00,25266.25,25499.0,25257.5,25509.0
2025-12-15 02:30:00+00:00,25509.5,25509.25,25501.25,25500.75
2025-12-15 02:45:00+00:00,25247.5,25504.75,25239.5,25248.5
2025-12-15 03:00:00+00:00,25513.25,25510.75,25236.5,25241.25
2025-12-15 03:15:00+00:00,25237.0,25500.75,25236.25,25250.75
2025-12-15 03:30:00+00:00,25256.0,25531.0,25248.75,25541.5
2025-12-15 03:45:00+00:00,25287.0,25539.5,25286.5,25539.5
2025-12-15 04:00:00+00:00,25284.75,25547.25,25278.25,25554.75
2025-12-15 04:15:00+00:00,25575.25,25570.75,25305.5,25574.75
2025-12-15 04:30:00+00:00,25577.5,25579.25,25320.0,25578.25
2025-12-15 04:45:00+00:00,25324.75,25583.5,25318.5,25328.25
2025-12-15 05:00:00+00:00,25325.25,25585.0,25324.0,25330.25
2025-12-15 05:15:00+00:00,25592.75,25592.0,25335.0,25334.25
2025-12-15 05:30:00+00:00,25337.25,25588.5,25326.0,25584.5
2025-12-15 05:45:00+00:00,25593.25,25597.25,25592.25,25595.0
2025-12-15 06:00:00+00:00,25338.0,25594.5,25331.75,25337.5
2025-12-15 06:15:00+00:00,25593.75,25593.0,25341.75,25348.0
2025-12-15 06:30:00+00:00,25608.5,25608.25,25348.25,25354.5
2025-12-15 06:45:00+00:00,25352.5,25608.75,25349.5,25353.75
2025-12-15 07:00:00+00:00,25614.75,25610.25,25338.75,25588.25
2025-12-15 07:15:00+00:00,25597.0,25591.25,25336.0,25590.0
2025-12-15 07:30:00+00:00,25595.75,25597.75,25336.75,25596.0
2025-12-15 07:45:00+00:00,25616.0,25611.25,25610.75,25610.75
2025-12-15 08:00:00+00:00,25352.5,25609.75,25351.25,25613.5
2025-12-15 08:15:00+00:00,25356.0,25608.75,25354.25,25604.0
2025-12-15 08:30:00+00:00,25611.75,25607.25,25349.5,25354.0
2025-12-15 08:45:00+00:00,25626.5,25635.0,25372.5,25636.0
2025-12-15 09:00:00+00:00,25647.0,25636.25,25385.75,25389.25
2025-12-15 09:15:00+00:00,25653.5,25650.75,25376.5,25377.5
2025-12-15 09:30:00+00:00,25668.0,25626.75,25339.75,25557.5
2025-12-15 09:45:00+00:00,25303.0,25504.0,25230.75,25224.5
2025-12-15 10:00:00+00:00,25228.0,25441.25,25209.0,25428.0
2025-12-15 10:15:00+00:00,25175.5,25152.5,25073.75,25081.25
2025-12-15 10:30:00+00:00,25086.25,25346.0,25068.75,25128.5
2025-12-15 10:45:00+00:00,25445.25,25425.25,25122.0,25133.5
2025-12-15 11:00:00+00:00,25161.0,25398.0,25150.5,25400.0
2025-12-15 11:15:00+00:00,25448.75,25489.5,25244.5,25246.75
2025-12-15 11:30:00+00:00,25511.25,25486.75,25145.0,25139.0
2025-12-15 11:45:00+00:00,25146.0,25369.0,25139.0,25150.75
2025-12-15 12:00:00+00:00,25178.25,25404.25,25156.0,25165.25
2025-12-15 12:15:00+00:00,25156.75,25390.0,25150.25,25143.0
2025-12-15 12:30:00+00:00,25415.5,25418.5,25385.0,25430.25
2025-12-15 12:45:00+00:00,25180.25,25355.25,25100.5,25113.25
2025-12-15 13:00:00+00:00,25382.0,25392.5,25117.5,25393.0
2025-12-15 13:15:00+00:00,25414.0,25397.5,25116.5,25343.5
2025-12-15 13:30:00+00:00,25105.75,25359.75,25095.25,25367.25
2025-12-15 13:45:00+00:00,25377.5,25387.0,25168.0,25159.25
2025-12-15 14:00:00+00:00,25159.0,25416.75,25145.75,25148.25
2025-12-15 14:15:00+00:00,25147.25,25386.75,25129.25,25136.0
2025-12-15 14:30:00+00:00,25142.0,25370.25,25126.0,25119.0
2025-12-15 14:45:00+00:00,25118.5,25371.25,25115.5,25139.75
2025-12-15 15:00:00+00:00,25402.25,25396.75,25126.25,25398.5
2025-12-15 15:15:00+00:00,25402.25,25384.0,25108.0,25117.0
2025-12-15 15:30:00+00:00,25376.5,25360.0,25098.75,25106.25
2025-12-15 15:45:00+00:00,25109.0,25337.25,25099.75,25337.5
2025-12-15 16:00:00+00:00,25357.5,25339.25,25086.0,25345.25
2025-12-15 16:15:00+00:00,25352.5,25345.75,25090.0,25089.0
2025-12-15 16:30:00+00:00,25337.75,25344.5,25095.25,25347.5
2025-12-15 16:45:00+00:00,25101.5,25344.75,25095.25,25097.5
2025-12-15 18:00:00+00:00,25360.0,25361.25,25111.25,25111.75
2025-12-15 18:15:00+00:00,25360.25,25361.25,25104.5,25335.5
2025-12-15 18:30:00+00:00,25095.5,25327.0,25066.25,25070.25
2025-12-15 18:45:00+00:00,25074.5,25308.75,25056.0,25054.75
2025-12-15 19:00:00+00:00,25068.25,25302.25,25016.0,25020.5
2025-12-15 19:15:00+00:00,25267.5,25278.75,25004.25,25279.75
2025-12-15 19:30:00+00:00,25040.75,25267.0,25023.0,25275.75
2025-12-15 19:45:00+00:00,25276.25,25270.75,25000.0,25005.0
2025-12-15 20:00:00+00:00,25005.0,25237.25,25002.25,25011.5
2025-12-15 20:15:00+00:00,25258.0,25249.5,24998.25,25000.0
2025-12-15 20:30:00+00:00,24995.5,25233.25,24937.5,25119.25
2025-12-15 20:45:00+00:00,25136.25,25153.0,24906.5,24915.0
2025-12-15 21:00:00+00:00,24905.75,25158.0,24889.25,25167.0
2025-12-15 21:15:00+00:00,25168.75,25173.75,24912.25,25176.0
2025-12-15 21:30:00+00:00,25179.0,25159.75,25154.25,25151.0
2025-12-15 21:45:00+00:00,25173.25,25164.75,24920.5,25151.75
2025-12-15 22:00:00+00:00,24906.5,25157.0,24902.75,25134.25
2025-12-15 22:15:00+00:00,25143.75,25136.75,24885.0,24880.75
2025-12-15 22:30:00+00:00,24885.25,25124.0,24884.0,25125.75
2025-12-15 22:45:00+00:00,24889.0,25141.5,24886.0,24914.75
2025-12-15 23:00:00+00:00,25163.75,25159.0,24877.0,24892.0
2025-12-15 23:15:00+00:00,24892.5,25154.5,24889.0,24903.0
2025-12-15 23:30:00+00:00,25155.0,25159.0,24907.75,24916.0
2025-12-15 23:45:00+00:00,25171.75,25170.0,24915.75,24915.75
2025-12-16 00:00:00+00:00,25165.0,25162.5,24909.75,25149.5
2025-12-16 00:15:00+00:00,24898.75,25142.75,24897.25,25149.0
2025-12-16 00:30:00+00:00,24893.0,25136.75,24893.0,25135.25
2025-12-16 00:45:00+00:00,25136.5,25129.75,24878.75,25116.25
2025-12-16 01:00:00+00:00,25117.5,25115.5,24871.75,25116.75
2025-12-16 01:15:00+00:00,24884.25,25120.0,24868.25,24877.75
2025-12-16 01:30:00+00:00,25123.75,25117.0,24865.0,24872.25
2025-12-16 01:45:00+00:00,25118.25,25128.5,24875.5,24883.75
2025-12-16 02:00:00+00:00,25136.75,25140.75,24878.0,24878.0
2025-12-16 02:15:00+00:00,25127.25,25141.75,24884.5,24890.5
2025-12-16 02:30:00+00:00,25136.25,25131.75,24845.0,24831.75
2025-12-16 02:45:00+00:00,25090.0,25125.75,24854.5,24877.75
2025-12-16 03:00:00+00:00,25140.0,25152.5,24893.75,24910.5
2025-12-16 03:15:00+00:00,25161.25,25173.25,24903.5,24933.25
2025-12-16 03:30:00+00:00,25183.25,25180.5,24924.5,24945.0
2025-12-16 03:45:00+00:00,25207.25,25203.25,24951.25,24957.0
2025-12-16 04:00:00+00:00,25204.5,25212.75,24945.25,24984.0
2025-12-16 04:15:00+00:00,25231.5,25223.5,24964.75,24965.5
2025-12-16 04:30:00+00:00,25219.25,25219.75,24958.5,24962.75
2025-12-16 04:45:00+00:00,25213.75,25205.0,24924.5,24936.25
2025-12-16 05:00:00+00:00,25182.5,25197.0,24923.25,24965.0
2025-12-16 05:15:00+00:00,25217.5,25235.0,24968.75,24986.0
2025-12-16 05:30:00+00:00,25237.5,25262.5,24975.75,25022.0
2025-12-16 05:45:00+00:00,25274.5,25270.25,24993.0,25000.75
2025-12-16 06:00:00+00:00,25250.25,25246.0,24993.75,25241.0
2025-12-16 06:15:00+00:00,25249.0,25241.0,25240.5,25244.75
2025-12-16 06:30:00+00:00,25251.25,25272.5,25249.5,25274.0
2025-12-16 06:45:00+00:00,25271.5,25266.0,25017.25,25043.25
2025-12-16 07:00:00+00:00,25047.5,25300.25,25039.25,25311.25
2025-12-16 07:15:00+00:00,25066.0,25308.25,25054.75,25055.5
2025-12-16 07:30:00+00:00,25062.25,25312.25,25052.0,25061.25
2025-12-16 07:45:00+00:00,25065.5,25311.0,25056.75,25054.5
2025-12-16 08:00:00+00:00,25059.0,25274.75,25041.5,25271.25
2025-12-16 08:15:00+00:00,25035.0,25295.75,25024.75,25049.0
2025-12-16 08:30:00+00:00,25359.5,25321.0,25045.75,25056.75
2025-12-16 08:45:00+00:00,25301.0,25285.75,24996.5,25005.5
2025-12-16 09:00:00+00:00,25013.25,25268.75,25008.0,25018.75
2025-12-16 09:15:00+00:00,25277.75,25272.25,25003.75,24992.25
2025-12-16 09:30:00+00:00,25306.25,25259.5,25012.25,25014.25
2025-12-16 09:45:00+00:00,25039.0,25314.25,25024.0,25133.75
2025-12-16 10:00:00+00:00,25164.5,25342.75,25095.0,25087.75
2025-12-16 10:15:00+00:00,25333.75,25291.25,24942.5,24951.5
2025-12-16 10:30:00+00:00,25023.5,25193.75,24967.25,25216.5
2025-12-16 10:45:00+00:00,25283.75,25302.25,25038.0,25306.75
2025-12-16 11:00:00+00:00,25100.75,25322.25,25034.5,25016.25
2025-12-16 11:15:00+00:00,25019.25,25217.5,24992.0,25223.75
2025-12-16 11:30:00+00:00,25235.0,25233.25,25026.0,25256.75
2025-12-16 11:45:00+00:00,25268.5,25252.25,25022.0,25075.0
2025-12-16 12:00:00+00:00,25093.75,25317.0,25087.25,25336.5
2025-12-16 12:15:00+00:00,25111.25,25094.0,25026.25,25027.5
2025-12-16 12:30:00+00:00,25300.0,25280.75,25074.25,25258.25
2025-12-16 12:45:00+00:00,25257.75,25247.0,25023.0,25222.5
2025-12-16 13:00:00+00:00,25210.5,25194.25,24964.0,25196.0
2025-12-16 13:15:00+00:00,24988.0,25197.5,24955.5,25204.5
2025-12-16 13:30:00+00:00,25219.75,25260.25,24969.0,25058.75
2025-12-16 13:45:00+00:00,25337.0,25326.75,25073.25,25074.5
2025-12-16 14:00:00+00:00,25316.5,25295.75,25013.5,25009.0
2025-12-16 14:15:00+00:00,25005.25,25228.75,24993.5,25018.25
2025-12-16 14:30:00+00:00,25295.25,25301.5,25280.25,25311.5
2025-12-16 14:45:00+00:00,25080.75,25325.75,25074.75,25324.75
2025-12-16 15:00:00+00:00,25337.0,25340.5,25111.5,25106.5
2025-12-16 15:15:00+00:00,25343.0,25365.75,25130.0,25126.0
2025-12-16 15:30:00+00:00,25146.25,25419.75,25133.5,25431.0
2025-12-16 15:45:00+00:00,25426.75,25419.75,25162.75,25171.5
2025-12-16 16:00:00+00:00,25376.0,25351.75,25105.5,25346.0
2025-12-16 16:15:00+00:00,25105.75,25094.75,25073.5,25086.0
2025-12-16 16:30:00+00:00,25086.5,25328.0,25084.75,25094.75
2025-12-16 16:45:00+00:00,25098.25,25098.75,25097.5,25088.25
2025-12-16 18:00:00+00:00,25356.0,25332.0,25309.0,25309.0
2025-12-16 18:15:00+00:00,25330.0,25326.0,25074.0,25096.0
2025-12-16 18:30:00+00:00,25341.75,25350.75,25097.75,25104.25
2025-12-16 18:45:00+00:00,25361.75,25353.0,25073.5,25079.0
2025-12-16 19:00:00+00:00,25316.5,25302.0,25043.5,25042.25
2025-12-16 19:15:00+00:00,25294.25,25303.25,25042.0,25054.75
2025-12-16 19:30:00+00:00,25301.5,25312.75,25048.75,25068.5
2025-12-16 19:45:00+00:00,25314.0,25316.25,25063.5,25060.5
2025-12-16 20:00:00+00:00,25327.0,25341.5,25085.75,25100.0
2025-12-16 20:15:00+00:00,25344.25,25333.75,25075.5,25088.25
2025-12-16 20:30:00+00:00,25340.5,25331.0,25070.5,25109.0
2025-12-16 20:45:00+00:00,25344.0,25338.75,25087.0,25110.25
2025-12-16 21:00:00+00:00,25359.75,25348.0,25095.75,25097.0
2025-12-16 21:15:00+00:00,25343.25,25346.0,25098.25,25111.75
2025-12-16 21:30:00+00:00,25368.5,25363.5,25109.0,25119.75
2025-12-16 21:45:00+00:00,25370.5,25369.0,25117.5,25117.25
2025-12-16 22:00:00+00:00,25368.5,25368.75,25123.75,25130.0
2025-12-16 22:15:00+00:00,25379.75,25372.25,25127.25,25131.75
2025-12-16 22:30:00+00:00,25373.0,25369.75,25122.5,25127.5
2025-12-16 22:45:00+00:00,25366.75,25363.75,25110.0,25110.75
2025-12-16 23:00:00+00:00,25352.0,25360.75,25107.0,25119.0
2025-12-16 23:15:00+00:00,25360.25,25357.0,25092.0,25091.0
2025-12-16 23:30:00+00:00,25336.5,25334.0,25078.75,25076.25
2025-12-16 23:45:00+00:00,25321.75,25322.0,25079.25,25324.25
2025-12-17 00:00:00+00:00,25312.75,25324.75,25072.0,25082.0
2025-12-17 00:15:00+00:00,25323.5,25316.75,25067.5,25069.75
2025-12-17 00:30:00+00:00,25312.25,25333.25,25073.75,25102.5
2025-12-17 00:45:00+00:00,25353.0,25352.0,25107.5,25111.75
2025-12-17 01:00:00+00:00,25361.0,25384.0,25123.5,25157.75
2025-12-17 01:15:00+00:00,25405.75,25405.25,25151.5,25153.0
2025-12-17 01:30:00+00:00,25169.0,25401.75,25154.75,25166.5
2025-12-17 01:45:00+00:00,25411.25,25408.5,25157.0,25158.0
2025-12-17 02:00:00+00:00,25157.5,25183.0,25145.25,25185.5
2025-12-17 02:15:00+00:00,25423.25,25414.0,25158.25,25168.75
2025-12-17 02:30:00+00:00,25413.75,25408.0,25163.5,25403.25
2025-12-17 02:45:00+00:00,25172.75,25420.75,25168.75,25181.75
2025-12-17 03:00:00+00:00,25415.0,25406.25,25151.75,25161.75
2025-12-17 03:15:00+00:00,25414.25,25411.5,25159.25,25171.75
2025-12-17 03:30:00+00:00,25420.0,25419.0,25167.5,25184.75
2025-12-17 03:45:00+00:00,25430.0,25427.75,25161.75,25174.0
2025-12-17 04:00:00+00:00,25415.5,25417.75,25168.5,25162.25
2025-12-17 04:15:00+00:00,25438.5,25430.5,25183.25,25184.5
2025-12-17 04:30:00+00:00,25440.0,25447.5,25197.0,25452.25
2025-12-17 04:45:00+00:00,25215.0,25223.75,25215.0,25222.75
2025-12-17 05:00:00+00:00,25221.75,25224.5,25215.5,25228.0
2025-12-17 05:15:00+00:00,25477.75,25472.5,25225.75,25226.5
2025-12-17 05:30:00+00:00,25475.75,25471.75,25225.5,25228.0
2025-12-17 05:45:00+00:00,25235.25,25483.75,25235.0,25484.0
2025-12-17 06:00:00+00:00,25242.5,25491.5,25234.0,25234.0
2025-12-17 06:15:00+00:00,25476.75,25478.0,25226.0,25233.25
2025-12-17 06:30:00+00:00,25484.25,25482.25,25240.75,25247.75
2025-12-17 06:45:00+00:00,25492.0,25489.0,25240.25,25248.0
2025-12-17 07:00:00+00:00,25496.0,25490.0,25239.0,25249.75
2025-12-17 07:15:00+00:00,25496.75,25491.25,25238.25,25236.5
2025-12-17 07:30:00+00:00,25479.0,25491.75,25248.25,25254.0
2025-12-17 07:45:00+00:00,25495.5,25502.5,25247.75,25248.0
2025-12-17 08:00:00+00:00,25493.5,25492.0,25243.25,25214.75
2025-12-17 08:15:00+00:00,25468.0,25449.5,25178.25,25202.75
2025-12-17 08:30:00+00:00,25448.75,25440.0,25183.0,25204.25
2025-12-17 08:45:00+00:00,25453.75,25456.75,25206.75,25224.0
2025-12-17 09:00:00+00:00,25469.5,25466.75,25204.5,25188.0
2025-12-17 09:15:00+00:00,25433.0,25441.25,25185.75,25180.5
2025-12-17 09:30:00+00:00,25434.5,25410.5,25076.0,25082.75
2025-12-17 09:45:00+00:00,25337.5,25311.5,25022.75,25098.5
2025-12-17 10:00:00+00:00,25340.25,25311.0,25059.0,25079.75
2025-12-17 10:15:00+00:00,25324.75,25315.75,25059.25,25085.75
2025-12-17 10:30:00+00:00,25331.5,25309.0,24921.5,24914.25
2025-12-17 10:45:00+00:00,25141.5,25121.75,24825.75,24829.75
2025-12-17 11:00:00+00:00,25079.75,25095.0,24812.5,24796.25
2025-12-17 11:15:00+00:00,25040.25,25078.5,24798.25,24841.5
2025-12-17 11:30:00+00:00,25068.0,25035.0,24785.25,24812.75
2025-12-17 11:45:00+00:00,25060.75,25034.75,24766.5,24808.75
2025-12-17 12:00:00+00:00,25051.0,25027.0,24770.75,24772.25
2025-12-17 12:15:00+00:00,25004.5,25057.0,24787.75,24813.75
2025-12-17 12:30:00+00:00,25063.25,25065.75,24796.25,24782.25
2025-12-17 12:45:00+00:00,25013.25,25015.75,24778.25,24795.0
2025-12-17 13:00:00+00:00,25055.5,25055.25,24799.5,24782.75
2025-12-17 13:15:00+00:00,25010.75,25010.75,24773.5,24785.25
2025-12-17 13:30:00+00:00,25013.5,24999.0,24731.25,24740.75
2025-12-17 13:45:00+00:00,24978.75,24960.5,24716.75,24731.5
2025-12-17 14:00:00+00:00,24969.75,24950.0,24720.75,24730.0
2025-12-17 14:15:00+00:00,24960.0,24956.0,24710.5,24716.25
2025-12-17 14:30:00+00:00,24961.75,24955.75,24700.0,24732.0
2025-12-17 14:45:00+00:00,24970.0,24969.25,24728.5,24747.0
2025-12-17 15:00:00+00:00,24983.25,24965.5,24719.0,24728.5
2025-12-17 15:15:00+00:00,24958.5,24964.25,24716.0,24728.5
2025-12-17 15:30:00+00:00,24967.75,24954.5,24711.75,24740.0
2025-12-17 15:45:00+00:00,24970.5,24958.0,24661.25,24661.0
2025-12-17 16:00:00+00:00,24930.0,24983.75,24712.25,24760.25
2025-12-17 16:15:00+00:00,24993.25,24985.75,24723.25,24724.25
2025-12-17 16:30:00+00:00,24960.0,24955.5,24716.0,24721.25
2025-12-17 16:45:00+00:00,24954.25,24965.25,24720.25,24735.0
2025-12-17 18:00:00+00:00,24999.0,24983.25,24741.75,24960.5
2025-12-17 18:15:00+00:00,24735.25,24956.25,24734.5,24951.5
2025-12-17 18:30:00+00:00,24964.25,24971.0,24728.5,24974.75
2025-12-17 18:45:00+00:00,24740.0,24942.5,24738.0,24936.0
2025-12-17 19:00:00+00:00,24715.5,24925.75,24688.0,24928.75
2025-12-17 19:15:00+00:00,24950.25,24963.25,24729.5,24966.5
2025-12-17 19:30:00+00:00,24969.25,24963.5,24731.25,24735.75
2025-12-17 19:45:00+00:00,24731.0,24986.5,24729.5,24763.5
2025-12-17 20:00:00+00:00,24760.5,24969.0,24740.5,24974.25
2025-12-17 20:15:00+00:00,24759.25,24752.25,24741.5,24759.75
2025-12-17 20:30:00+00:00,24987.75,24978.75,24743.25,24755.5
2025-12-17 20:45:00+00:00,24987.0,24988.75,24965.75,24969.75
2025-12-17 21:00:00+00:00,24747.25,24984.25,24733.0,24763.25
2025-12-17 21:15:00+00:00,24985.5,24997.5,24744.0,24747.5
2025-12-17 21:30:00+00:00,24979.0,24983.75,24749.75,24975.25
2025-12-17 21:45:00+00:00,24976.25,24973.25,24738.75,24743.75
2025-12-17 22:00:00+00:00,24972.0,24965.5,24712.0,24699.75
2025-12-17 22:15:00+00:00,24929.5,24913.0,24683.25,24687.0
2025-12-17 22:30:00+00:00,24702.25,24923.5,24688.5,24922.5
2025-12-17 22:45:00+00:00,24918.5,24910.5,24700.0,24722.5
2025-12-17 23:00:00+00:00,24943.0,24955.5,24715.5,24714.75
2025-12-17 23:15:00+00:00,24950.0,24960.0,24721.75,24736.25
2025-12-17 23:30:00+00:00,24965.5,24972.0,24738.5,24755.75
2025-12-17 23:45:00+00:00,24985.75,24985.75,24752.25,24986.25
2025-12-18 00:00:00+00:00,24987.25,24989.75,24753.25,24989.75
2025-12-18 00:15:00+00:00,24986.75,24984.25,24748.25,24743.25
2025-12-18 00:30:00+00:00,24989.0,24988.0,24748.5,24757.25
2025-12-18 00:45:00+00:00,24987.5,24988.5,24751.5,24758.25
2025-12-18 01:00:00+00:00,24986.5,24986.75,24748.5,24978.75
2025-12-18 01:15:00+00:00,24980.0,24978.75,24750.25,24986.75
2025-12-18 01:30:00+00:00,24755.75,24983.75,24750.0,24750.0
2025-12-18 01:45:00+00:00,24980.25,24976.25,24730.0,24755.0
2025-12-18 02:00:00+00:00,25007.0,25016.75,24767.75,24787.75
2025-12-18 02:15:00+00:00,25028.5,25030.0,24795.75,25030.25
2025-12-18 02:30:00+00:00,25036.5,25034.0,24797.0,24808.75
2025-12-18 02:45:00+00:00,25036.25,25028.75,24800.0,24807.0
2025-12-18 03:00:00+00:00,25034.25,25022.75,24796.5,24802.25
2025-12-18 03:15:00+00:00,25031.5,25037.5,24792.5,24781.25
2025-12-18 03:30:00+00:00,25028.0,25043.0,24794.0,24824.75
2025-12-18 03:45:00+00:00,25058.0,25047.0,24830.75,24833.25
2025-12-18 04:00:00+00:00,25060.5,25050.0,24822.0,24822.0
2025-12-18 04:15:00+00:00,25047.0,25049.75,24805.5,24819.75
2025-12-18 04:30:00+00:00,25055.0,25063.25,24827.75,24852.5
2025-12-18 04:45:00+00:00,25081.75,25091.75,24854.75,25094.25
2025-12-18 05:00:00+00:00,25098.0,25094.5,24845.5,24848.25
2025-12-18 05:15:00+00:00,25077.25,25075.5,24845.5,24852.0
2025-12-18 05:30:00+00:00,25087.5,25088.75,24847.75,24854.5
2025-12-18 05:45:00+00:00,25085.5,25082.0,24850.5,24852.5
2025-12-18 06:00:00+00:00,25086.5,25090.0,24858.0,24865.5
2025-12-18 06:15:00+00:00,25100.75,25093.25,24859.5,24861.25
2025-12-18 06:30:00+00:00,25093.0,25096.5,24858.5,24859.25
2025-12-18 06:45:00+00:00,25087.25,25097.0,24865.25,25098.25
2025-12-18 07:00:00+00:00,25106.75,25105.5,24873.75,24874.5
2025-12-18 07:15:00+00:00,25104.0,25107.0,24870.75,24873.75
2025-12-18 07:30:00+00:00,25105.5,25095.0,24865.25,24876.25
2025-12-18 07:45:00+00:00,25104.5,25097.25,24863.5,25098.25
2025-12-18 08:00:00+00:00,24874.0,25095.5,24856.75,25101.75
2025-12-18 08:15:00+00:00,24880.5,25104.5,24871.0,24875.0
2025-12-18 08:30:00+00:00,25200.0,25230.5,25114.75,25240.25
2025-12-18 08:45:00+00:00,25253.0,25242.0,25008.25,25214.75
2025-12-18 09:00:00+00:00,25232.25,25268.25,25221.5,25270.0
2025-12-18 09:15:00+00:00,25267.25,25271.0,25024.5,25271.0
2025-12-18 09:30:00+00:00,25082.0,25240.5,24985.5,25194.25
2025-12-18 09:45:00+00:00,24985.5,25181.25,24963.75,25039.75
2025-12-18 10:00:00+00:00,25062.25,25262.5,25043.0,25194.25
2025-12-18 10:15:00+00:00,25215.75,25186.5,24959.25,25092.5
2025-12-18 10:30:00+00:00,25099.75,25386.75,25091.0,25397.75
2025-12-18 10:45:00+00:00,25386.75,25373.5,25130.25,25128.25
2025-12-18 11:00:00+00:00,25366.75,25383.75,25150.0,25167.0
2025-12-18 11:15:00+00:00,25387.5,25388.0,25148.5,25134.5
2025-12-18 11:30:00+00:00,25372.0,25390.0,25142.5,25398.75
2025-12-18 11:45:00+00:00,25163.25,25401.0,25159.25,25385.0
2025-12-18 12:00:00+00:00,25386.75,25372.5,25039.0,25254.25
2025-12-18 12:15:00+00:00,25232.75,25212.0,25192.0,25227.5
2025-12-18 12:30:00+00:00,25008.0,25318.25,24997.5,25320.5
2025-12-18 12:45:00+00:00,25359.5,25341.5,25095.5,25105.5
2025-12-18 13:00:00+00:00,25356.75,25345.0,25089.0,25130.5
2025-12-18 13:15:00+00:00,25361.25,25365.0,25124.75,25368.0
2025-12-18 13:30:00+00:00,25377.75,25390.5,25362.75,25388.5
2025-12-18 13:45:00+00:00,25141.25,25130.5,25106.5,25123.25
2025-12-18 14:00:00+00:00,25340.0,25324.0,25057.5,25072.75
2025-12-18 14:15:00+00:00,25064.5,25275.25,25025.75,25038.75
2025-12-18 14:30:00+00:00,25050.0,25031.25,25017.25,25022.25
2025-12-18 14:45:00+00:00,25014.5,25245.75,25008.75,25197.0
2025-12-18 15:00:00+00:00,24988.75,25237.0,24978.25,25035.75
2025-12-18 15:15:00+00:00,25065.75,25280.75,25051.5,25075.0
2025-12-18 15:30:00+00:00,25079.75,25080.25,25069.75,25088.25
2025-12-18 15:45:00+00:00,25103.75,25292.25,25041.75,25045.75
2025-12-18 16:00:00+00:00,25257.25,25242.25,24988.75,25215.0
2025-12-18 16:15:00+00:00,25212.75,25207.5,24979.25,24980.25
2025-12-18 16:30:00+00:00,24988.5,25215.25,24970.25,24965.5
2025-12-18 16:45:00+00:00,25204.0,25214.75,24977.25,25214.25
2025-12-18 18:00:00+00:00,25250.0,25237.75,24986.0,25223.5
2025-12-18 18:15:00+00:00,25239.5,25235.75,24990.0,25219.5
2025-12-18 18:30:00+00:00,25228.0,25232.25,24990.75,24995.75
2025-12-18 18:45:00+00:00,25238.0,25241.0,25005.75,25022.0
2025-12-18 19:00:00+00:00,25262.0,25260.5,25007.0,25005.0
2025-12-18 19:15:00+00:00,25243.75,25232.0,24994.5,25001.25
2025-12-18 19:30:00+00:00,25240.75,25233.75,25000.0,25234.75
2025-12-18 19:45:00+00:00,25230.25,25237.75,24992.5,25010.5
2025-12-18 20:00:00+00:00,25245.5,25238.25,24988.0,25229.75
2025-12-18 20:15:00+00:00,25237.25,25235.75,25003.25,25230.5
2025-12-18 20:30:00+00:00,24995.75,25227.5,24995.5,25000.0
2025-12-18 20:45:00+00:00,25232.75,25263.5,24999.75,25034.25
2025-12-18 21:00:00+00:00,25267.5,25267.0,25031.0,25044.25
2025-12-18 21:15:00+00:00,25273.25,25272.75,25031.25,25040.25
2025-12-18 21:30:00+00:00,25275.0,25279.0,25268.5,25279.25
2025-12-18 21:45:00+00:00,25274.5,25270.5,25023.75,25259.0
2025-12-18 22:00:00+00:00,25253.0,25261.75,25012.0,25035.0
2025-12-18 22:15:00+00:00,25264.75,25293.5,25021.5,25052.0
2025-12-18 22:30:00+00:00,25300.5,25301.25,25055.0,25308.0
2025-12-18 22:45:00+00:00,25309.75,25309.75,25071.25,25073.0
2025-12-18 23:00:00+00:00,25314.25,25313.75,25080.0,25081.5
2025-12-18 23:15:00+00:00,25313.75,25311.25,25061.5,25063.25
2025-12-18 23:30:00+00:00,25306.0,25298.25,25059.5,25293.75
2025-12-18 23:45:00+00:00,25299.0,25307.25,25064.0,25071.25
2025-12-19 00:00:00+00:00,25309.25,25299.0,25054.25,25292.0
2025-12-19 00:15:00+00:00,25288.25,25288.5,25055.0,25288.0
2025-12-19 00:30:00+00:00,25299.5,25307.0,25059.25,25310.5
2025-12-19 00:45:00+00:00,25307.25,25301.5,25060.0,25291.25
2025-12-19 01:00:00+00:00,25292.75,25299.0,25290.0,25284.75
2025-12-19 01:15:00+00:00,25050.0,25287.5,25050.0,25289.0
2025-12-19 01:30:00+00:00,25287.75,25287.0,25057.25,25279.75
2025-12-19 01:45:00+00:00,25278.25,25288.75,25032.25,25057.0
2025-12-19 02:00:00+00:00,25310.75,25352.25,25079.75,25354.0
2025-12-19 02:15:00+00:00,25369.5,25363.0,25117.75,25120.0
2025-12-19 02:30:00+00:00,25350.75,25344.75,25105.25,25337.75
2025-12-19 02:45:00+00:00,25336.5,25335.5,25094.75,25336.75
2025-12-19 03:00:00+00:00,25354.5,25369.0,25122.25,25127.5
2025-12-19 03:15:00+00:00,25372.0,25371.25,25124.75,25122.25
2025-12-19 03:30:00+00:00,25351.0,25368.75,25121.75,25143.75
2025-12-19 03:45:00+00:00,25375.75,25384.5,25147.25,25383.25
2025-12-19 04:00:00+00:00,25372.0,25374.0,25137.25,25370.25
2025-12-19 04:15:00+00:00,25135.75,25383.0,25133.25,25386.5
2025-12-19 04:30:00+00:00,25389.5,25385.5,25142.75,25142.75
2025-12-19 04:45:00+00:00,25379.75,25382.75,25143.0,25150.25
2025-12-19 05:00:00+00:00,25383.5,25377.0,25125.0,25140.0
2025-12-19 05:15:00+00:00,25383.0,25376.75,25375.5,25376.75
2025-12-19 05:30:00+00:00,25377.5,25373.5,25131.5,25141.5
2025-12-19 05:45:00+00:00,25375.0,25374.75,25128.75,25128.75
2025-12-19 06:00:00+00:00,25360.5,25355.25,25096.25,25112.75
2025-12-19 06:15:00+00:00,25355.5,25348.5,25100.75,25120.75
2025-12-19 06:30:00+00:00,25356.25,25352.25,25117.25,25354.0
2025-12-19 06:45:00+00:00,25358.0,25355.0,25114.25,25341.5
2025-12-19 07:00:00+00:00,25112.25,25339.25,25083.0,25097.75
2025-12-19 07:15:00+00:00,25344.75,25333.5,25086.25,25336.75
2025-12-19 07:30:00+00:00,25340.5,25332.25,25081.25,25082.25
2025-12-19 07:45:00+00:00,25320.5,25318.75,25050.0,25050.0
2025-12-19 08:00:00+00:00,25289.25,25302.5,25045.5,25074.75
2025-12-19 08:15:00+00:00,25311.0,25311.5,25081.75,25307.25
2025-12-19 08:30:00+00:00,25313.75,25329.25,25096.25,25311.0
2025-12-19 08:45:00+00:00,25089.75,25324.0,25088.75,25090.0
2025-12-19 09:00:00+00:00,25325.5,25328.25,25078.25,25102.0
2025-12-19 09:15:00+00:00,25348.0,25371.25,25110.5,25339.75
2025-12-19 09:30:00+00:00,25401.0,25447.75,25361.25,25465.75
2025-12-19 09:45:00+00:00,25565.0,25545.75,25547.25,25547.75
2025-12-19 10:00:00+00:00,25600.25,25555.5,25544.0,25531.25
2025-12-19 10:15:00+00:00,25542.5,25526.25,25475.5,25480.75
2025-12-19 10:30:00+00:00,25509.25,25537.5,25509.0,25528.75
2025-12-19 10:45:00+00:00,25511.75,25493.25,25481.25,25485.5
2025-12-19 11:00:00+00:00,25484.25,25548.5,25483.0,25554.5
2025-12-19 11:15:00+00:00,25531.5,25538.25,25527.5,25539.5
2025-12-19 11:30:00+00:00,25557.75,25552.0,25542.0,25554.75
2025-12-19 11:45:00+00:00,25539.5,25522.75,25500.75,25509.0
2025-12-19 12:00:00+00:00,25521.25,25537.75,25505.25,25541.5
2025-12-19 12:15:00+00:00,25562.75,25574.0,25551.25,25569.75
2025-12-19 12:30:00+00:00,25575.5,25571.75,25563.25,25575.25
2025-12-19 12:45:00+00:00,25573.0,25587.0,25568.75,25592.25
2025-12-19 13:00:00+00:00,25582.25,25584.0,25575.0,25584.0
2025-12-19 13:15:00+00:00,25585.75,25581.75,25575.0,25571.5
2025-12-19 13:30:00+00:00,25575.75,25569.75,25552.0,25552.75
2025-12-19 13:45:00+00:00,25555.75,25557.5,25548.75,25552.0
2025-12-19 14:00:00+00:00,25562.75,25568.5,25551.5,25571.5
2025-12-19 14:15:00+00:00,25574.0,25577.0,25568.25,25580.0
2025-12-19 14:30:00+00:00,25579.5,25580.75,25577.5,25581.25
2025-12-19 14:45:00+00:00,25589.5,25581.25,25574.25,25574.25
2025-12-19 15:00:00+00:00,25576.25,25576.25,25569.5,25579.25
2025-12-19 15:15:00+00:00,25575.5,25583.0,25575.0,25581.5
2025-12-19 15:30:00+00:00,25582.25,25575.0,25572.75,25571.75
2025-12-19 15:45:00+00:00,25567.5,25568.75,25562.0,25567.75
2025-12-19 16:00:00+00:00,25582.75,25587.25,25580.75,25583.75
2025-12-19 16:15:00+00:00,25581.5,25584.5,25576.5,25583.75
2025-12-19 16:30:00+00:00,25588.0,25589.5,25587.25,25585.5
2025-12-19 16:45:00+00:00,25591.5,25596.75,25587.5,25596.75
2025-12-21 18:00:00+00:00,25668.0,25648.25,25635.25,25638.25
2025-12-21 18:15:00+00:00,25648.75,25640.75,25638.0,25644.25
2025-12-21 18:30:00+00:00,25649.25,25662.75,25647.0,25664.25
2025-12-21 18:45:00+00:00,25671.0,25666.0,25664.0,25667.5
2025-12-21 19:00:00+00:00,25681.5,25668.5,25655.5,25658.25
2025-12-21 19:15:00+00:00,25660.5,25657.5,25649.25,25648.25
2025-12-21 19:30:00+00:00,25662.75,25656.0,25651.0,25657.0
2025-12-21 19:45:00+00:00,25656.75,25659.75,25651.75,25654.5
2025-12-21 20:00:00+00:00,25659.5,25680.75,25654.75,25686.0
2025-12-21 20:15:00+00:00,25684.0,25685.5,25680.25,25686.0
2025-12-21 20:30:00+00:00,25691.0,25690.0,25688.75,25692.25
2025-12-21 20:45:00+00:00,25692.0,25691.75,25688.0,25692.25
2025-12-21 21:00:00+00:00,25692.75,25687.25,25682.5,25681.5
2025-12-21 21:15:00+00:00,25689.75,25690.25,25686.0,25689.25
2025-12-21 21:30:00+00:00,25695.25,25693.75,25689.25,25687.25
2025-12-21 21:45:00+00:00,25692.75,25694.0,25688.75,25694.0
2025-12-21 22:00:00+00:00,25697.0,25696.5,25695.0,25695.25
2025-12-21 22:15:00+00:00,25692.75,25689.0,25680.25,25679.25
2025-12-21 22:30:00+00:00,25680.75,25677.75,25676.25,25678.75
2025-12-21 22:45:00+00:00,25682.75,25678.75,25676.75,25678.0
2025-12-21 23:00:00+00:00,25686.25,25680.75,25672.25,25677.75
2025-12-21 23:15:00+00:00,25680.75,25680.0,25677.0,25678.25
2025-12-21 23:30:00+00:00,25685.0,25681.5,25680.0,25682.75
2025-12-21 23:45:00+00:00,25684.75,25687.5,25682.25,25682.75
2025-12-22 00:00:00+00:00,25681.25,25679.25,25669.5,25673.0
2025-12-22 00:15:00+00:00,25670.75,25666.0,25666.25,25668.0
2025-12-22 00:30:00+00:00,25665.25,25676.5,25664.75,25675.0
2025-12-22 00:45:00+00:00,25678.75,25677.75,25675.25,25676.5
2025-12-22 01:00:00+00:00,25676.5,25684.25,25674.25,25681.75
2025-12-22 01:15:00+00:00,25680.25,25681.25,25679.5,25681.25
2025-12-22 01:30:00+00:00,25682.75,25688.75,25681.0,25689.0
2025-12-22 01:45:00+00:00,25688.25,25694.0,25686.5,25690.5
2025-12-22 02:00:00+00:00,25694.5,25696.5,25690.25,25698.0
2025-12-22 02:15:00+00:00,25700.5,25701.75,25696.5,25699.25
2025-12-22 02:30:00+00:00,25699.75,25703.5,25697.25,25700.75
2025-12-22 02:45:00+00:00,25701.75,25704.0,25698.5,25708.0
2025-12-22 03:00:00+00:00,25704.25,25712.25,25703.0,25699.25
2025-12-22 03:15:00+00:00,25705.75,25708.0,25703.0,25706.5
2025-12-22 03:30:00+00:00,25710.25,25705.25,25695.5,25699.5
2025-12-22 03:45:00+00:00,25699.0,25696.25,25685.0,25687.0
2025-12-22 04:00:00+00:00,25689.25,25700.25,25687.5,25701.0
2025-12-22 04:15:00+00:00,25705.75,25710.75,25703.5,25711.75
2025-12-22 04:30:00+00:00,25712.5,25719.25,25710.5,25715.5
2025-12-22 04:45:00+00:00,25716.25,25715.75,25711.75,25714.0
2025-12-22 05:00:00+00:00,25713.0,25717.75,25712.5,25718.75
2025-12-22 05:15:00+00:00,25718.5,25717.0,25710.5,25715.5
2025-12-22 05:30:00+00:00,25716.25,25713.0,25710.0,25708.75
2025-12-22 05:45:00+00:00,25710.5,25711.0,25708.75,25708.25
2025-12-22 06:00:00+00:00,25708.0,25711.75,25707.75,25712.5
2025-12-22 06:15:00+00:00,25711.25,25715.5,25711.0,25718.25
2025-12-22 06:30:00+00:00,25718.25,25715.75,25707.0,25712.0
2025-12-22 06:45:00+00:00,25715.5,25712.75,25703.0,25698.75
2025-12-22 07:00:00+00:00,25704.0,25715.0,25700.25,25717.25
2025-12-22 07:15:00+00:00,25713.25,25723.0,25711.25,25723.5
2025-12-22 07:30:00+00:00,25730.25,25732.25,25725.75,25732.5
2025-12-22 07:45:00+00:00,25735.25,25731.5,25727.0,25732.25
2025-12-22 08:00:00+00:00,25739.75,25742.25,25736.75,25739.75
2025-12-22 08:15:00+00:00,25743.25,25751.0,25742.0,25748.75
2025-12-22 08:30:00+00:00,25749.75,25745.5,25737.25,25739.25
2025-12-22 08:45:00+00:00,25741.25,25744.5,25737.25,25748.75
2025-12-22 09:00:00+00:00,25754.5,25765.75,25752.5,25766.25
2025-12-22 09:15:00+00:00,25761.25,25773.75,25760.25,25769.75
2025-12-22 09:30:00+00:00,25785.0,25754.25,25684.5,25681.25
2025-12-22 09:45:00+00:00,25709.75,25739.25,25693.0,25750.25
2025-12-22 10:00:00+00:00,25754.75,25727.5,25688.0,25685.25
2025-12-22 10:15:00+00:00,25697.25,25704.25,25678.0,25693.0
2025-12-22 10:30:00+00:00,25696.75,25684.75,25647.25,25672.0
2025-12-22 10:45:00+00:00,25681.0,25683.25,25667.75,25687.25
2025-12-22 11:00:00+00:00,25686.75,25696.25,25674.25,25699.75
2025-12-22 11:15:00+00:00,25710.0,25713.25,25706.0,25711.0
2025-12-22 11:30:00+00:00,25712.5,25706.25,25696.5,25697.5
2025-12-22 11:45:00+00:00,25699.25,25703.75,25690.5,25705.5
2025-12-22 12:00:00+00:00,25718.75,25710.0,25699.25,25700.0
2025-12-22 12:15:00+00:00,25704.0,25705.0,25699.5,25696.25
2025-12-22 12:30:00+00:00,25703.5,25696.75,25691.5,25694.5
2025-12-22 12:45:00+00:00,25695.0,25720.75,25692.75,25724.5
2025-12-22 13:00:00+00:00,25721.75,25715.75,25699.25,25695.25
2025-12-22 13:15:00+00:00,25693.25,25688.0,25682.75,25686.5
2025-12-22 13:30:00+00:00,25694.25,25694.25,25685.25,25694.5
2025-12-22 13:45:00+00:00,25699.0,25695.25,25680.75,25689.5
2025-12-22 14:00:00+00:00,25692.0,25687.75,25676.5,25678.25
2025-12-22 14:15:00+00:00,25683.5,25695.5,25682.5,25698.25
2025-12-22 14:30:00+00:00,25707.5,25706.75,25699.5,25699.25
2025-12-22 14:45:00+00:00,25701.75,25699.0,25693.0,25690.5
2025-12-22 15:00:00+00:00,25694.0,25690.0,25685.25,25683.5
2025-12-22 15:15:00+00:00,25687.25,25690.5,25682.5,25688.75
2025-12-22 15:30:00+00:00,25692.5,25694.5,25688.5,25696.0
2025-12-22 15:45:00+00:00,25695.25,25696.0,25686.5,25699.0
2025-12-22 16:00:00+00:00,25704.0,25702.0,25688.25,25700.0
2025-12-22 16:15:00+00:00,25702.0,25700.25,25697.5,25696.75
2025-12-22 16:30:00+00:00,25696.0,25698.25,25694.75,25700.0
2025-12-22 16:45:00+00:00,25700.25,25698.75,25694.0,25699.25
2025-12-22 18:00:00+00:00,25710.25,25712.5,25701.0,25709.25
2025-12-22 18:15:00+00:00,25710.0,25714.25,25706.75,25714.25
2025-12-22 18:30:00+00:00,25715.0,25718.75,25712.75,25713.5
2025-12-22 18:45:00+00:00,25714.25,25715.5,25710.75,25711.5
2025-12-22 19:00:00+00:00,25717.0,25716.5,25709.75,25716.5
2025-12-22 19:15:00+00:00,25714.75,25715.5,25713.25,25716.0
2025-12-22 19:30:00+00:00,25715.0,25718.5,25714.25,25717.25
2025-12-22 19:45:00+00:00,25717.0,25720.0,25717.0,25720.25
2025-12-22 20:00:00+00:00,25723.75,25724.5,25713.5,25715.75
2025-12-22 20:15:00+00:00,25721.0,25715.75,25713.25,25716.0
2025-12-22 20:30:00+00:00,25713.5,25716.25,25703.75,25716.75
2025-12-22 20:45:00+00:00,25716.0,25711.25,25708.5,25709.25
2025-12-22 21:00:00+00:00,25711.75,25726.5,25710.75,25727.5
2025-12-22 21:15:00+00:00,25732.25,25733.25,25724.75,25726.0
2025-12-22 21:30:00+00:00,25728.75,25728.0,25721.5,25724.0
2025-12-22 21:45:00+00:00,25722.5,25721.25,25715.75,25720.75
2025-12-22 22:00:00+00:00,25725.25,25726.25,25722.0,25722.0
2025-12-22 22:15:00+00:00,25724.0,25722.75,25717.25,25717.0
2025-12-22 22:30:00+00:00,25719.75,25718.75,25717.0,25717.25
2025-12-22 22:45:00+00:00,25719.25,25717.75,25710.25,25712.0
2025-12-22 23:00:00+00:00,25711.25,25709.75,25703.5,25709.75
2025-12-22 23:15:00+00:00,25711.25,25710.5,25707.75,25708.25
2025-12-22 23:30:00+00:00,25704.0,25701.75,25689.75,25692.0
2025-12-22 23:45:00+00:00,25690.75,25690.0,25686.25,25688.5
2025-12-23 00:00:00+00:00,25691.25,25687.5,25685.75,25686.25
2025-12-23 00:15:00+00:00,25686.0,25694.0,25684.75,25696.25
2025-12-23 00:30:00+00:00,25697.0,25693.0,25691.25,25692.5
2025-12-23 00:45:00+00:00,25690.0,25687.75,25682.0,25683.25
2025-12-23 01:00:00+00:00,25678.75,25678.25,25677.25,25677.5
2025-12-23 01:15:00+00:00,25672.25,25670.25,25662.5,25662.75
2025-12-23 01:30:00+00:00,25664.0,25666.75,25658.0,25668.25
2025-12-23 01:45:00+00:00,25666.75,25666.0,25659.0,25667.25
2025-12-23 02:00:00+00:00,25669.75,25666.5,25659.75,25660.5
2025-12-23 02:15:00+00:00,25666.75,25668.5,25663.5,25669.5
2025-12-23 02:30:00+00:00,25674.25,25669.75,25665.75,25672.25
2025-12-23 02:45:00+00:00,25673.0,25675.75,25672.25,25676.75
2025-12-23 03:00:00+00:00,25674.25,25691.5,25669.5,25692.5
2025-12-23 03:15:00+00:00,25697.5,25700.75,25694.25,25703.5
2025-12-23 03:30:00+00:00,25700.25,25699.75,25694.25,25697.5
2025-12-23 03:45:00+00:00,25699.0,25693.75,25687.75,25690.75
2025-12-23 04:00:00+00:00,25695.5,25700.75,25690.0,25700.75
2025-12-23 04:15:00+00:00,25701.5,25712.75,25698.25,25716.5
2025-12-23 04:30:00+00:00,25724.0,25723.5,25716.25,25727.5
2025-12-23 04:45:00+00:00,25726.5,25721.25,25716.0,25718.5
2025-12-23 05:00:00+00:00,25722.25,25719.5,25715.0,25716.25
2025-12-23 05:15:00+00:00,25714.0,25712.5,25702.0,25705.25
2025-12-23 05:30:00+00:00,25707.5,25705.0,25701.5,25702.75
2025-12-23 05:45:00+00:00,25706.5,25706.0,25705.25,25704.0
2025-12-23 06:00:00+00:00,25708.25,25705.0,25701.0,25699.75
2025-12-23 06:15:00+00:00,25692.5,25696.0,25689.0,25697.5
2025-12-23 06:30:00+00:00,25698.25,25702.5,25694.0,25702.0
2025-12-23 06:45:00+00:00,25700.25,25698.5,25694.25,25693.5
2025-12-23 07:00:00+00:00,25702.0,25691.5,25679.5,25677.0
2025-12-23 07:15:00+00:00,25684.0,25679.5,25668.25,25667.0
2025-12-23 07:30:00+00:00,25670.5,25674.0,25665.5,25674.25
2025-12-23 07:45:00+00:00,25673.25,25681.5,25670.0,25681.75
2025-12-23 08:00:00+00:00,25687.0,25679.75,25671.75,25673.0
2025-12-23 08:15:00+00:00,25673.5,25670.5,25663.25,25673.75
2025-12-23 08:30:00+00:00,25679.0,25670.0,25620.0,25627.0
2025-12-23 08:45:00+00:00,25645.0,25637.0,25632.0,25636.75
2025-12-23 09:00:00+00:00,25631.0,25620.25,25618.0,25625.25
2025-12-23 09:15:00+00:00,25628.0,25634.0,25624.25,25639.25
2025-12-23 09:30:00+00:00,25720.5,25707.0,25644.25,25709.25
2025-12-23 09:45:00+00:00,25740.25,25733.75,25683.0,25696.75
2025-12-23 10:00:00+00:00,25694.75,25677.5,25636.0,25636.5
2025-12-23 10:15:00+00:00,25659.5,25680.25,25649.25,25682.25
2025-12-23 10:30:00+00:00,25691.25,25703.5,25673.25,25711.5
2025-12-23 10:45:00+00:00,25713.0,25726.75,25711.75,25727.75
2025-12-23 11:00:00+00:00,25738.0,25743.25,25731.5,25729.75
2025-12-23 11:15:00+00:00,25739.25,25743.0,25732.25,25747.25
2025-12-23 11:30:00+00:00,25745.5,25750.0,25737.75,25751.75
2025-12-23 11:45:00+00:00,25761.25,25769.25,25752.25,25771.5
2025-12-23 12:00:00+00:00,25774.25,25773.0,25770.0,25770.75
2025-12-23 12:15:00+00:00,25771.75,25770.25,25764.0,25766.75
2025-12-23 12:30:00+00:00,25772.0,25764.75,25758.5,25759.25
2025-12-23 12:45:00+00:00,25764.75,25760.75,25754.25,25757.25
2025-12-23 13:00:00+00:00,25757.0,25767.0,25753.25,25767.75
2025-12-23 13:15:00+00:00,25770.75,25773.75,25767.0,25772.5
2025-12-23 13:30:00+00:00,25772.25,25775.0,25770.75,25775.25
2025-12-23 13:45:00+00:00,25778.25,25775.75,25772.5,25773.5
2025-12-23 14:00:00+00:00,25775.75,25785.75,25774.0,25787.5
2025-12-23 14:15:00+00:00,25788.75,25788.75,25786.0,25786.75
2025-12-23 14:30:00+00:00,25786.75,25784.5,25784.25,25783.5
2025-12-23 14:45:00+00:00,25787.0,25797.25,25785.5,25797.75
2025-12-23 15:00:00+00:00,25801.5,25801.25,25797.0,25799.75
2025-12-23 15:15:00+00:00,25799.25,25800.5,25795.25,25799.5
2025-12-23 15:30:00+00:00,25798.5,25799.5,25797.0,25797.5
2025-12-23 15:45:00+00:00,25804.25,25811.25,25797.25,25818.5
2025-12-23 16:00:00+00:00,25819.75,25816.25,25811.0,25811.5
2025-12-23 16:15:00+00:00,25811.5,25817.25,25809.25,25813.5
2025-12-23 16:30:00+00:00,25817.5,25816.75,25811.5,25813.25
2025-12-23 16:45:00+00:00,25812.0,25811.0,25804.75,25809.25
2025-12-23 18:00:00+00:00,25818.25,25809.25,25806.25,25815.25
2025-12-23 18:15:00+00:00,25813.25,25812.0,25808.0,25807.0
2025-12-23 18:30:00+00:00,25807.0,25807.75,25805.0,25807.75
2025-12-23 18:45:00+00:00,25807.0,25806.5,25805.25,25808.0
2025-12-23 19:00:00+00:00,25816.75,25818.75,25810.0,25819.75
2025-12-23 19:15:00+00:00,25820.25,25818.25,25816.25,25816.75
2025-12-23 19:30:00+00:00,25816.5,25817.0,25814.5,25817.75
2025-12-23 19:45:00+00:00,25820.0,25815.0,25814.25,25813.75
2025-12-23 20:00:00+00:00,25817.5,25815.0,25813.0,25815.0
2025-12-23 20:15:00+00:00,25816.75,25816.0,25813.75,25815.75
2025-12-23 20:30:00+00:00,25813.75,25814.5,25811.75,25809.5
2025-12-23 20:45:00+00:00,25810.0,25809.75,25807.25,25807.0
2025-12-23 21:00:00+00:00,25809.0,25809.75,25806.0,25811.25
2025-12-23 21:15:00+00:00,25810.25,25808.25,25801.75,25801.75
2025-12-23 21:30:00+00:00,25800.75,25798.0,25792.0,25792.75
2025-12-23 21:45:00+00:00,25792.0,25797.75,25787.5,25794.75
2025-12-23 22:00:00+00:00,25795.0,25791.0,25791.25,25791.5
2025-12-23 22:15:00+00:00,25794.0,25794.25,25791.25,25793.75
2025-12-23 22:30:00+00:00,25795.75,25798.0,25795.25,25798.25
2025-12-23 22:45:00+00:00,25801.75,25800.0,25796.75,25797.75
2025-12-23 23:00:00+00:00,25797.25,25800.25,25796.25,25799.5
2025-12-23 23:15:00+00:00,25798.75,25798.0,25792.25,25791.25
2025-12-23 23:30:00+00:00,25792.75,25791.5,25788.75,25789.5
2025-12-23 23:45:00+00:00,25788.0,25786.75,25783.25,25783.0
2025-12-24 00:00:00+00:00,25785.5,25784.25,25781.0,25781.25
2025-12-24 00:15:00+00:00,25783.25,25786.75,25781.0,25786.75
2025-12-24 00:30:00+00:00,25787.25,25795.25,25787.0,25795.25
2025-12-24 00:45:00+00:00,25796.0,25794.25,25791.5,25792.25
2025-12-24 01:00:00+00:00,25793.0,25795.25,25792.5,25797.0
2025-12-24 01:15:00+00:00,25800.5,25797.75,25796.5,25797.0
2025-12-24 01:30:00+00:00,25796.75,25796.5,25792.75,25796.5
2025-12-24 01:45:00+00:00,25795.0,25794.0,25791.75,25793.0
2025-12-24 02:00:00+00:00,25794.0,25792.0,25791.75,25793.0
2025-12-24 02:15:00+00:00,25791.5,25788.0,25785.0,25786.0
2025-12-24 02:30:00+00:00,25789.25,25789.5,25787.25,25788.0
2025-12-24 02:45:00+00:00,25792.5,25790.5,25788.0,25787.75
2025-12-24 03:00:00+00:00,25792.25,25793.25,25791.25,25793.5
2025-12-24 03:15:00+00:00,25790.5,25793.5,25790.25,25792.5
2025-12-24 03:30:00+00:00,25793.0,25793.25,25790.0,25790.0
2025-12-24 03:45:00+00:00,25793.25,25793.0,25787.25,25789.5
2025-12-24 04:00:00+00:00,25787.5,25795.0,25786.5,25797.25
2025-12-24 04:15:00+00:00,25807.0,25803.0,25800.25,25802.5
2025-12-24 04:30:00+00:00,25803.0,25802.25,25800.5,25800.75
2025-12-24 04:45:00+00:00,25799.5,25798.5,25797.75,25798.75
2025-12-24 05:00:00+00:00,25798.75,25795.75,25789.0,25793.25
2025-12-24 05:15:00+00:00,25792.75,25796.75,25791.5,25793.75
2025-12-24 05:30:00+00:00,25794.5,25795.75,25793.25,25795.5
2025-12-24 05:45:00+00:00,25796.5,25795.0,25791.75,25796.0
2025-12-24 06:00:00+00:00,25793.5,25798.25,25792.75,25798.75
2025-12-24 06:15:00+00:00,25798.75,25796.25,25789.75,25792.25
2025-12-24 06:30:00+00:00,25792.75,25791.5,25787.25,25789.75
2025-12-24 06:45:00+00:00,25789.5,25790.0,25789.0,25790.25
2025-12-24 07:00:00+00:00,25792.75,25797.25,25792.25,25800.75
2025-12-24 07:15:00+00:00,25804.0,25810.75,25802.25,25808.0
2025-12-24 07:30:00+00:00,25809.25,25810.5,25806.0,25810.0
2025-12-24 07:45:00+00:00,25813.75,25813.5,25812.5,25814.0
2025-12-24 08:00:00+00:00,25816.0,25810.5,25804.25,25805.25
2025-12-24 08:15:00+00:00,25810.0,25810.0,25806.0,25810.75
2025-12-24 08:30:00+00:00,25824.5,25821.75,25811.75,25824.25
2025-12-24 08:45:00+00:00,25824.0,25826.75,25819.5,25823.25
2025-12-24 09:00:00+00:00,25824.5,25820.0,25814.5,25821.0
2025-12-24 09:15:00+00:00,25820.0,25817.25,25808.0,25807.25
2025-12-24 09:30:00+00:00,25827.5,25800.75,25795.0,25811.25
2025-12-24 09:45:00+00:00,25807.75,25806.5,25793.0,25807.25
2025-12-24 10:00:00+00:00,25812.25,25822.0,25809.5,25829.5
2025-12-24 10:15:00+00:00,25835.25,25828.75,25806.25,25812.5
2025-12-24 10:30:00+00:00,25822.75,25820.75,25810.75,25823.0
2025-12-24 10:45:00+00:00,25829.75,25827.25,25822.75,25822.75
2025-12-24 11:00:00+00:00,25832.75,25842.25,25828.75,25846.75
2025-12-24 11:15:00+00:00,25851.5,25852.5,25843.5,25852.0
2025-12-24 11:30:00+00:00,25855.5,25876.75,25853.5,25879.25
2025-12-24 11:45:00+00:00,25882.75,25880.75,25873.5,25874.25
2025-12-24 12:00:00+00:00,25879.0,25878.25,25873.25,25878.75
2025-12-24 12:15:00+00:00,25881.0,25878.0,25867.25,25873.5
2025-12-24 12:30:00+00:00,25888.0,25877.5,25873.75,25872.25
2025-12-24 12:45:00+00:00,25872.75,25879.75,25866.5,25885.5
2025-12-24 13:00:00+00:00,25881.0,25873.5,25854.25,25856.25
2025-12-25 18:00:00+00:00,25894.5,25881.5,25868.0,25883.25
2025-12-25 18:15:00+00:00,25893.25,25878.25,25871.75,25879.0
2025-12-25 18:30:00+00:00,25891.5,25884.25,25881.25,25885.0
2025-12-25 18:45:00+00:00,25884.0,25884.75,25882.25,25885.75
2025-12-25 19:00:00+00:00,25892.75,25899.75,25889.0,25905.5
2025-12-25 19:15:00+00:00,25904.25,25906.5,25903.75,25905.5
2025-12-25 19:30:00+00:00,25909.0,25904.5,25903.0,25905.0
2025-12-25 19:45:00+00:00,25905.0,25903.5,25897.0,25903.5
2025-12-25 20:00:00+00:00,25916.5,25910.0,25906.0,25911.0
2025-12-25 20:15:00+00:00,25916.5,25912.0,25901.25,25901.5
2025-12-25 20:30:00+00:00,25904.0,25899.75,25896.0,25888.0
2025-12-25 20:45:00+00:00,25891.75,25893.0,25887.75,25892.5
2025-12-25 21:00:00+00:00,25892.0,25892.25,25890.0,25893.5
2025-12-25 21:15:00+00:00,25896.75,25894.5,25888.25,25887.0
2025-12-25 21:30:00+00:00,25888.75,25894.5,25885.5,25897.75
2025-12-25 21:45:00+00:00,25898.0,25895.75,25895.25,25895.25
2025-12-25 22:00:00+00:00,25897.75,25899.0,25896.25,25898.75
2025-12-25 22:15:00+00:00,25899.5,25898.25,25895.75,25894.25
2025-12-25 22:30:00+00:00,25895.0,25889.75,25885.0,25882.5
2025-12-25 22:45:00+00:00,25886.0,25884.25,25883.5,25882.5
2025-12-25 23:00:00+00:00,25882.25,25881.0,25877.75,25882.0
2025-12-25 23:15:00+00:00,25883.0,25881.75,25879.5,25881.75
2025-12-25 23:30:00+00:00,25878.25,25878.25,25875.5,25880.0
2025-12-25 23:45:00+00:00,25881.0,25882.25,25879.75,25881.0
2025-12-26 00:00:00+00:00,25881.0,25880.75,25878.75,25880.0
2025-12-26 00:15:00+00:00,25881.0,25885.25,25880.25,25885.75
2025-12-26 00:30:00+00:00,25884.25,25883.0,25879.75,25878.75
2025-12-26 00:45:00+00:00,25880.0,25879.0,25875.25,25876.25
2025-12-26 01:00:00+00:00,25880.0,25878.75,25876.25,25876.75
2025-12-26 01:15:00+00:00,25877.75,25875.5,25873.25,25872.25
2025-12-26 01:30:00+00:00,25872.25,25876.75,25870.75,25878.0
2025-12-26 01:45:00+00:00,25877.75,25876.25,25869.5,25871.75
2025-12-26 02:00:00+00:00,25869.0,25869.25,25867.25,25869.75
2025-12-26 02:15:00+00:00,25867.75,25866.75,25854.0,25863.0
2025-12-26 02:30:00+00:00,25863.75,25865.0,25859.75,25862.25
2025-12-26 02:45:00+00:00,25862.0,25860.75,25858.75,25860.25
2025-12-26 03:00:00+00:00,25858.5,25856.75,25847.25,25851.0
2025-12-26 03:15:00+00:00,25852.25,25850.5,25848.25,25852.75
2025-12-26 03:30:00+00:00,25852.25,25848.25,25845.75,25847.5
2025-12-26 03:45:00+00:00,25848.0,25857.0,25847.25,25857.5
2025-12-26 04:00:00+00:00,25864.0,25869.0,25861.5,25869.5
2025-12-26 04:15:00+00:00,25869.25,25869.25,25862.25,25861.5
2025-12-26 04:30:00+00:00,25867.0,25865.25,25863.75,25864.25
2025-12-26 04:45:00+00:00,25866.0,25875.25,25866.0,25876.0
2025-12-26 05:00:00+00:00,25899.0,25885.75,25881.0,25886.0
2025-12-26 05:15:00+00:00,25886.75,25887.5,25881.0,25883.25
2025-12-26 05:30:00+00:00,25883.25,25888.0,25883.0,25888.0
2025-12-26 05:45:00+00:00,25888.75,25887.5,25879.5,25882.25
2025-12-26 06:00:00+00:00,25888.0,25886.5,25882.25,25886.75
2025-12-26 06:15:00+00:00,25885.5,25883.75,25882.0,25881.75
2025-12-26 06:30:00+00:00,25881.25,25881.5,25873.75,25874.75
2025-12-26 06:45:00+00:00,25877.75,25877.0,25870.25,25878.25
2025-12-26 07:00:00+00:00,25881.0,25875.5,25870.75,25873.5
2025-12-26 07:15:00+00:00,25875.0,25882.75,25874.75,25884.0
2025-12-26 07:30:00+00:00,25884.75,25892.5,25883.5,25894.25
2025-12-26 07:45:00+00:00,25895.75,25895.25,25890.75,25892.5
2025-12-26 08:00:00+00:00,25893.5,25893.25,25889.5,25896.0
2025-12-26 08:15:00+00:00,25893.75,25898.75,25892.5,25897.5
2025-12-26 08:30:00+00:00,25899.5,25915.75,25894.0,25917.75
2025-12-26 08:45:00+00:00,25923.25,25917.75,25893.5,25896.0
2025-12-26 09:00:00+00:00,25899.5,25898.0,25893.25,25899.75
2025-12-26 09:15:00+00:00,25905.75,25908.5,25896.75,25897.5
2025-12-26 09:30:00+00:00,25910.25,25916.0,25883.5,25917.25
2025-12-26 09:45:00+00:00,25935.25,25925.0,25881.0,25877.5
2025-12-26 10:00:00+00:00,25884.0,25868.25,25843.25,25841.5
2025-12-26 10:15:00+00:00,25846.0,25877.75,25842.25,25870.25
2025-12-26 10:30:00+00:00,25885.75,25886.25,25877.0,25886.5
2025-12-26 10:45:00+00:00,25885.25,25893.25,25881.5,25896.5
2025-12-26 11:00:00+00:00,25904.5,25905.0,25882.5,25874.5
2025-12-26 11:15:00+00:00,25869.25,25877.5,25861.75,25875.25
2025-12-26 11:30:00+00:00,25884.25,25886.0,25879.0,25888.5
2025-12-26 11:45:00+00:00,25890.25,25885.5,25876.5,25876.25
2025-12-26 12:00:00+00:00,25874.75,25864.5,25860.75,25860.5
2025-12-26 12:15:00+00:00,25859.0,25872.75,25851.5,25876.25
2025-12-26 12:30:00+00:00,25881.75,25876.75,25865.75,25868.75
2025-12-26 12:45:00+00:00,25868.5,25871.0,25862.25,25874.0
2025-12-26 13:00:00+00:00,25875.75,25877.5,25871.75,25879.0
2025-12-26 13:15:00+00:00,25876.0,25870.25,25857.25,25867.0
2025-12-26 13:30:00+00:00,25872.75,25878.0,25869.25,25879.0
2025-12-26 13:45:00+00:00,25875.75,25888.25,25873.5,25889.75
2025-12-26 14:00:00+00:00,25895.0,25893.25,25888.75,25892.0
2025-12-26 14:15:00+00:00,25891.75,25888.0,25879.25,25883.75
2025-12-26 14:30:00+00:00,25884.25,25883.75,25878.0,25878.25
2025-12-26 14:45:00+00:00,25880.5,25892.0,25876.5,25894.25
2025-12-26 15:00:00+00:00,25891.25,25885.0,25874.75,25872.25
2025-12-26 15:15:00+00:00,25874.25,25874.0,25870.75,25874.75
2025-12-26 15:30:00+00:00,25874.5,25876.5,25872.75,25877.25
2025-12-26 15:45:00+00:00,25879.25,25873.75,25859.75,25868.5
2025-12-26 16:00:00+00:00,25872.75,25867.75,25864.25,25868.75
2025-12-26 16:15:00+00:00,25869.75,25868.0,25864.5,25865.0
2025-12-26 16:30:00+00:00,25862.5,25860.25,25857.5,25860.25
2025-12-26 16:45:00+00:00,25860.75,25861.25,25858.5,25858.25
2025-12-28 18:00:00+00:00,25877.0,25871.5,25863.25,25865.25
2025-12-28 18:15:00+00:00,25864.75,25864.75,25847.0,25851.25
2025-12-28 18:30:00+00:00,25866.25,25874.25,25861.25,25877.25
2025-12-28 18:45:00+00:00,25874.25,25873.0,25870.75,25870.0
2025-12-28 19:00:00+00:00,25872.0,25866.0,25860.0,25866.0
2025-12-28 19:15:00+00:00,25859.25,25859.75,25857.75,25864.25
2025-12-28 19:30:00+00:00,25862.25,25876.0,25861.25,25872.75
2025-12-28 19:45:00+00:00,25879.5,25883.75,25876.0,25884.5
2025-12-28 20:00:00+00:00,25892.5,25890.0,25874.5,25873.5
2025-12-28 20:15:00+00:00,25878.25,25871.75,25867.0,25866.25
2025-12-28 20:30:00+00:00,25861.75,25859.25,25842.5,25841.75
2025-12-28 20:45:00+00:00,25847.5,25845.25,25841.5,25838.25
2025-12-28 21:00:00+00:00,25844.0,25845.25,25842.5,25846.5
2025-12-28 21:15:00+00:00,25845.0,25843.75,25838.75,25841.75
2025-12-28 21:30:00+00:00,25840.0,25843.5,25839.0,25845.25
2025-12-28 21:45:00+00:00,25847.5,25847.75,25844.5,25845.0
2025-12-28 22:00:00+00:00,25846.25,25850.5,25844.25,25847.75
2025-12-28 22:15:00+00:00,25845.25,25842.5,25827.0,25830.25
2025-12-28 22:30:00+00:00,25838.75,25851.25,25834.0,25849.5
2025-12-28 22:45:00+00:00,25850.25,25851.25,25847.25,25852.0
2025-12-28 23:00:00+00:00,25855.5,25855.0,25852.5,25856.25
2025-12-28 23:15:00+00:00,25857.25,25859.25,25856.5,25858.25
2025-12-28 23:30:00+00:00,25862.0,25864.5,25858.25,25865.25
2025-12-28 23:45:00+00:00,25868.0,25864.5,25861.5,25862.5
2025-12-29 00:00:00+00:00,25856.0,25840.75,25833.0,25831.0
2025-12-29 00:15:00+00:00,25831.75,25830.0,25820.5,25820.25
2025-12-29 00:30:00+00:00,25827.75,25826.0,25821.5,25827.25
2025-12-29 00:45:00+00:00,25828.75,25834.75,25826.25,25826.0
2025-12-29 01:00:00+00:00,25820.75,25826.0,25812.25,25829.0
2025-12-29 01:15:00+00:00,25830.25,25840.0,25829.0,25840.0
2025-12-29 01:30:00+00:00,25839.5,25832.25,25820.0,25822.0
2025-12-29 01:45:00+00:00,25824.25,25821.5,25815.75,25813.25
2025-12-29 02:00:00+00:00,25819.0,25813.0,25797.75,25799.0
2025-12-29 02:15:00+00:00,25795.0,25803.5,25786.25,25807.0
2025-12-29 02:30:00+00:00,25812.5,25809.75,25802.5,25800.0
2025-12-29 02:45:00+00:00,25804.5,25802.0,25799.75,25800.25
2025-12-29 03:00:00+00:00,25803.5,25788.75,25781.0,25779.0
2025-12-29 03:15:00+00:00,25788.25,25788.5,25781.5,25777.5
2025-12-29 03:30:00+00:00,25782.5,25775.5,25754.25,25755.75
2025-12-29 03:45:00+00:00,25757.5,25744.75,25734.0,25739.0
2025-12-29 04:00:00+00:00,25753.0,25753.5,25739.0,25751.75
2025-12-29 04:15:00+00:00,25765.75,25763.0,25760.25,25765.0
2025-12-29 04:30:00+00:00,25768.5,25764.5,25749.5,25746.75
2025-12-29 04:45:00+00:00,25746.5,25754.75,25738.25,25756.5
2025-12-29 05:00:00+00:00,25763.25,25760.0,25754.5,25760.0
2025-12-29 05:15:00+00:00,25767.5,25761.0,25753.75,25756.75
2025-12-29 05:30:00+00:00,25763.0,25760.0,25752.0,25756.75
2025-12-29 05:45:00+00:00,25756.25,25753.5,25748.5,25749.25
2025-12-29 06:00:00+00:00,25749.25,25750.0,25746.5,25747.25
2025-12-29 06:15:00+00:00,25742.5,25741.0,25739.5,25745.75
2025-12-29 06:30:00+00:00,25751.25,25765.5,25745.0,25766.75
2025-12-29 06:45:00+00:00,25775.0,25769.75,25766.5,25770.75
2025-12-29 07:00:00+00:00,25773.25,25765.5,25762.5,25763.25
2025-12-29 07:15:00+00:00,25768.25,25773.0,25764.25,25774.0
2025-12-29 07:30:00+00:00,25770.0,25766.0,25760.0,25752.75
2025-12-29 07:45:00+00:00,25747.0,25750.0,25738.75,25750.0
2025-12-29 08:00:00+00:00,25745.5,25753.25,25745.5,25749.75
2025-12-29 08:15:00+00:00,25752.25,25749.5,25741.5,25755.75
2025-12-29 08:30:00+00:00,25748.75,25745.25,25738.5,25736.0
2025-12-29 08:45:00+00:00,25741.75,25734.75,25664.75,25696.0
2025-12-29 09:00:00+00:00,25696.0,25690.0,25684.75,25685.25
2025-12-29 09:15:00+00:00,25699.5,25688.25,25666.5,25692.0
2025-12-29 09:30:00+00:00,25708.5,25793.0,25706.75,25803.25
2025-12-29 09:45:00+00:00,25793.5,25745.5,25734.25,25731.0
2025-12-29 10:00:00+00:00,25736.75,25715.0,25670.5,25679.75
2025-12-29 10:15:00+00:00,25698.75,25741.75,25677.25,25745.25
2025-12-29 10:30:00+00:00,25753.5,25754.75,25743.25,25745.5
2025-12-29 10:45:00+00:00,25758.25,25743.75,25692.75,25718.0
2025-12-29 11:00:00+00:00,25710.0,25699.75,25690.25,25704.25
2025-12-29 11:15:00+00:00,25712.25,25700.5,25685.0,25691.25
2025-12-29 11:30:00+00:00,25706.75,25707.25,25682.0,25687.75
2025-12-29 11:45:00+00:00,25699.0,25704.25,25689.5,25710.25
2025-12-29 12:00:00+00:00,25698.75,25695.25,25680.25,25684.25
2025-12-29 12:15:00+00:00,25683.75,25684.0,25664.5,25660.5
2025-12-29 12:30:00+00:00,25661.25,25671.25,25658.75,25679.75
2025-12-29 12:45:00+00:00,25680.5,25700.5,25678.25,25702.5
2025-12-29 13:00:00+00:00,25699.75,25691.0,25684.25,25684.0
2025-12-29 13:15:00+00:00,25685.75,25705.75,25682.75,25703.75
2025-12-29 13:30:00+00:00,25702.5,25722.0,25702.0,25711.25
2025-12-29 13:45:00+00:00,25708.25,25705.5,25694.25,25693.75
2025-12-29 14:00:00+00:00,25697.0,25691.75,25686.5,25690.75
2025-12-29 14:15:00+00:00,25692.0,25708.75,25688.25,25710.0
2025-12-29 14:30:00+00:00,25712.75,25732.75,25710.5,25734.5
2025-12-29 14:45:00+00:00,25738.5,25768.0,25734.0,25771.0
2025-12-29 15:00:00+00:00,25766.0,25757.5,25754.0,25751.5
2025-12-29 15:15:00+00:00,25766.25,25758.75,25753.0,25755.0
2025-12-29 15:30:00+00:00,25752.75,25752.0,25747.0,25746.75
2025-12-29 15:45:00+00:00,25746.0,25745.75,25735.0,25735.25
2025-12-29 16:00:00+00:00,25744.75,25736.75,25733.0,25736.5
2025-12-29 16:15:00+00:00,25739.5,25742.25,25737.25,25742.25
2025-12-29 16:30:00+00:00,25743.75,25745.75,25741.25,25747.75
2025-12-29 16:45:00+00:00,25746.5,25745.75,25744.0,25744.5
2025-12-29 18:00:00+00:00,25747.75,25735.25,25730.5,25729.75
2025-12-29 18:15:00+00:00,25727.75,25722.25,25715.5,25717.25
2025-12-29 18:30:00+00:00,25714.25,25718.5,25709.5,25713.25
2025-12-29 18:45:00+00:00,25712.0,25710.75,25708.5,25712.0
2025-12-29 19:00:00+00:00,25708.25,25712.25,25707.5,25712.5
2025-12-29 19:15:00+00:00,25717.0,25719.0,25714.75,25720.25
2025-12-29 19:30:00+00:00,25723.0,25721.0,25712.5,25716.0
2025-12-29 19:45:00+00:00,25720.25,25721.0,25707.0,25704.25
2025-12-29 20:00:00+00:00,25705.25,25711.75,25705.0,25714.0
2025-12-29 20:15:00+00:00,25713.25,25712.25,25707.25,25709.75
2025-12-29 20:30:00+00:00,25710.25,25714.75,25707.0,25715.75
2025-12-29 20:45:00+00:00,25720.75,25716.0,25708.25,25713.5
2025-12-29 21:00:00+00:00,25727.75,25724.0,25721.5,25719.75
2025-12-29 21:15:00+00:00,25717.5,25720.0,25710.25,25710.5
2025-12-29 21:30:00+00:00,25709.5,25710.5,25706.25,25707.0
2025-12-29 21:45:00+00:00,25707.5,25705.25,25701.75,25706.0
2025-12-29 22:00:00+00:00,25712.75,25715.0,25710.25,25711.0
2025-12-29 22:15:00+00:00,25713.75,25720.25,25712.0,25722.0
2025-12-29 22:30:00+00:00,25725.25,25736.5,25723.0,25736.25
2025-12-29 22:45:00+00:00,25740.25,25735.75,25734.75,25734.75
2025-12-29 23:00:00+00:00,25736.25,25743.75,25736.0,25745.0
2025-12-29 23:15:00+00:00,25751.0,25746.0,25740.75,25744.5
2025-12-29 23:30:00+00:00,25748.5,25749.25,25746.25,25748.5
2025-12-29 23:45:00+00:00,25751.25,25749.5,25747.25,25747.25
2025-12-30 00:00:00+00:00,25755.0,25748.75,25745.0,25743.25
2025-12-30 00:15:00+00:00,25744.25,25741.25,25736.0,25738.75
2025-12-30 00:30:00+00:00,25735.0,25732.0,25722.5,25731.25
2025-12-30 00:45:00+00:00,25734.5,25743.75,25734.0,25743.75
2025-12-30 01:00:00+00:00,25744.5,25741.75,25729.0,25733.75
2025-12-30 01:15:00+00:00,25735.0,25733.0,25720.25,25718.25
2025-12-30 01:30:00+00:00,25721.0,25724.5,25716.75,25725.0
2025-12-30 01:45:00+00:00,25727.25,25729.75,25726.5,25728.0
2025-12-30 02:00:00+00:00,25726.5,25720.25,25711.0,25712.25
2025-12-30 02:15:00+00:00,25713.0,25711.25,25686.75,25696.5
2025-12-30 02:30:00+00:00,25696.5,25692.75,25687.25,25692.25
2025-12-30 02:45:00+00:00,25696.25,25703.75,25694.25,25705.75
2025-12-30 03:00:00+00:00,25707.75,25724.0,25704.25,25726.5
2025-12-30 03:15:00+00:00,25726.0,25724.75,25721.0,25725.5
2025-12-30 03:30:00+00:00,25724.5,25729.25,25722.0,25729.25
2025-12-30 03:45:00+00:00,25733.75,25737.75,25729.5,25737.5
2025-12-30 04:00:00+00:00,25740.25,25743.75,25729.25,25737.75
2025-12-30 04:15:00+00:00,25739.25,25745.75,25737.0,25747.0
2025-12-30 04:30:00+00:00,25750.25,25749.5,25744.5,25744.0
2025-12-30 04:45:00+00:00,25739.75,25737.5,25732.0,25738.0
2025-12-30 05:00:00+00:00,25743.5,25740.0,25734.5,25741.25
2025-12-30 05:15:00+00:00,25737.75,25741.75,25737.75,25739.0
2025-12-30 05:30:00+00:00,25739.25,25740.0,25731.75,25736.0
2025-12-30 05:45:00+00:00,25740.0,25737.75,25726.5,25727.25
2025-12-30 06:00:00+00:00,25728.5,25724.75,25712.25,25719.0
2025-12-30 06:15:00+00:00,25717.5,25714.25,25704.75,25703.25
2025-12-30 06:30:00+00:00,25710.0,25711.5,25707.0,25713.5
2025-12-30 06:45:00+00:00,25716.25,25734.0,25715.0,25734.5
2025-12-30 07:00:00+00:00,25734.5,25738.25,25732.5,25740.0
2025-12-30 07:15:00+00:00,25739.5,25738.75,25725.5,25726.25
2025-12-30 07:30:00+00:00,25730.75,25729.75,25713.25,25730.75
2025-12-30 07:45:00+00:00,25736.5,25733.0,25723.0,25722.25
2025-12-30 08:00:00+00:00,25729.25,25733.75,25726.25,25739.25
2025-12-30 08:15:00+00:00,25736.5,25738.25,25734.25,25737.0
2025-12-30 08:30:00+00:00,25735.25,25728.0,25699.25,25703.25
2025-12-30 08:45:00+00:00,25709.25,25706.75,25692.5,25705.5
2025-12-30 09:00:00+00:00,25714.5,25716.5,25708.5,25719.25
2025-12-30 09:15:00+00:00,25721.0,25717.0,25702.5,25700.5
2025-12-30 09:30:00+00:00,25733.5,25713.75,25692.75,25692.25
2025-12-30 09:45:00+00:00,25697.0,25765.25,25691.0,25772.75
2025-12-30 10:00:00+00:00,25761.5,25741.0,25706.0,25694.25
2025-12-30 10:15:00+00:00,25702.25,25701.0,25696.0,25692.25
2025-12-30 10:30:00+00:00,25700.0,25697.25,25689.0,25691.75
2025-12-30 10:45:00+00:00,25694.5,25737.0,25693.25,25740.25
2025-12-30 11:00:00+00:00,25751.75,25754.25,25744.5,25753.75
2025-12-30 11:15:00+00:00,25761.25,25780.5,25758.5,25774.25
2025-12-30 11:30:00+00:00,25776.0,25770.5,25740.0,25739.0
2025-12-30 11:45:00+00:00,25742.5,25736.0,25723.75,25720.75
2025-12-30 12:00:00+00:00,25721.0,25716.5,25717.0,25715.25
2025-12-30 12:15:00+00:00,25710.75,25717.75,25708.75,25719.25
2025-12-30 12:30:00+00:00,25722.0,25731.5,25721.5,25733.25
2025-12-30 12:45:00+00:00,25723.5,25729.0,25712.75,25730.25
2025-12-30 13:00:00+00:00,25729.25,25730.25,25712.5,25728.75
2025-12-30 13:15:00+00:00,25734.5,25731.75,25729.25,25732.5
2025-12-30 13:30:00+00:00,25743.5,25736.5,25722.25,25721.5
2025-12-30 13:45:00+00:00,25733.0,25734.5,25729.0,25730.75
2025-12-30 14:00:00+00:00,25735.0,25730.5,25719.0,25725.0
2025-12-30 14:15:00+00:00,25737.0,25739.0,25735.25,25736.0
2025-12-30 14:30:00+00:00,25741.0,25735.5,25725.25,25729.0
2025-12-30 14:45:00+00:00,25727.5,25721.75,25708.25,25709.0
2025-12-30 15:00:00+00:00,25712.25,25709.0,25689.75,25690.5
2025-12-30 15:15:00+00:00,25698.75,25713.25,25692.5,25709.25
2025-12-30 15:30:00+00:00,25708.0,25710.25,25704.75,25710.75
2025-12-30 15:45:00+00:00,25710.0,25704.75,25690.5,25686.75
2025-12-30 16:00:00+00:00,25689.5,25682.25,25674.5,25683.0
2025-12-30 16:15:00+00:00,25687.5,25688.75,25685.5,25684.0
2025-12-30 16:30:00+00:00,25686.75,25685.25,25683.0,25687.75
2025-12-30 16:45:00+00:00,25688.25,25686.25,25682.75,25678.75
2025-12-30 18:00:00+00:00,25689.5,25684.75,25675.75,25668.25
2025-12-30 18:15:00+00:00,25664.0,25668.25,25662.25,25669.25
2025-12-30 18:30:00+00:00,25664.5,25665.0,25653.25,25656.25
2025-12-30 18:45:00+00:00,25658.25,25657.5,25651.25,25658.25
2025-12-30 19:00:00+00:00,25657.0,25650.0,25639.25,25641.75
2025-12-30 19:15:00+00:00,25647.75,25644.75,25640.0,25644.5
2025-12-30 19:30:00+00:00,25648.25,25644.25,25636.25,25637.0
2025-12-30 19:45:00+00:00,25635.75,25631.0,25612.5,25614.75
2025-12-30 20:00:00+00:00,25614.0,25618.0,25598.5,25620.5
2025-12-30 20:15:00+00:00,25620.0,25616.0,25614.25,25617.75
2025-12-30 20:30:00+00:00,25620.0,25616.75,25610.75,25610.5
2025-12-30 20:45:00+00:00,25616.25,25619.25,25616.0,25619.25
2025-12-30 21:00:00+00:00,25619.25,25616.5,25613.5,25614.75
2025-12-30 21:15:00+00:00,25619.0,25627.5,25618.75,25624.25
2025-12-30 21:30:00+00:00,25633.5,25628.5,25622.25,25623.25
2025-12-30 21:45:00+00:00,25623.75,25627.0,25614.0,25627.0
2025-12-30 22:00:00+00:00,25627.5,25628.5,25626.25,25622.75
2025-12-30 22:15:00+00:00,25629.75,25627.75,25616.0,25617.25
2025-12-30 22:30:00+00:00,25615.25,25613.25,25608.0,25612.0
2025-12-30 22:45:00+00:00,25612.75,25614.0,25611.25,25614.75
2025-12-30 23:00:00+00:00,25618.5,25622.5,25616.75,25622.75
2025-12-30 23:15:00+00:00,25630.0,25628.75,25628.25,25626.75
2025-12-30 23:30:00+00:00,25627.5,25628.25,25626.25,25624.5
2025-12-30 23:45:00+00:00,25621.5,25620.75,25616.0,25621.5
2025-12-31 00:00:00+00:00,25619.5,25620.5,25616.75,25620.25
2025-12-31 00:15:00+00:00,25618.0,25620.25,25615.5,25621.0
2025-12-31 00:30:00+00:00,25623.0,25622.0,25615.5,25613.5
2025-12-31 00:45:00+00:00,25612.75,25610.75,25597.0,25597.75
2025-12-31 01:00:00+00:00,25600.0,25604.0,25594.5,25604.75
2025-12-31 01:15:00+00:00,25603.75,25598.75,25584.0,25581.0
2025-12-31 01:30:00+00:00,25589.0,25593.0,25585.0,25589.25
2025-12-31 01:45:00+00:00,25595.0,25594.75,25592.5,25591.75
2025-12-31 02:00:00+00:00,25599.0,25594.75,25581.5,25584.75
2025-12-31 02:15:00+00:00,25584.0,25595.75,25582.75,25595.75
2025-12-31 02:30:00+00:00,25604.0,25606.5,25600.5,25605.0
2025-12-31 02:45:00+00:00,25606.75,25605.25,25593.5,25594.5
2025-12-31 03:00:00+00:00,25597.75,25598.0,25588.0,25586.0
2025-12-31 03:15:00+00:00,25590.5,25588.75,25583.75,25585.0
2025-12-31 03:30:00+00:00,25580.25,25577.0,25557.75,25568.5
2025-12-31 03:45:00+00:00,25569.25,25566.0,25564.25,25562.5
2025-12-31 04:00:00+00:00,25571.0,25578.25,25558.5,25573.25
2025-12-31 04:15:00+00:00,25580.0,25578.5,25570.25,25574.5
2025-12-31 04:30:00+00:00,25570.5,25577.75,25569.5,25574.75
2025-12-31 04:45:00+00:00,25573.25,25572.0,25568.0,25570.75
2025-12-31 05:00:00+00:00,25569.75,25570.0,25564.5,25574.0
2025-12-31 05:15:00+00:00,25578.5,25578.0,25573.75,25576.0
2025-12-31 05:30:00+00:00,25591.5,25585.5,25579.5,25579.25
2025-12-31 05:45:00+00:00,25581.75,25583.25,25577.25,25584.0
2025-12-31 06:00:00+00:00,25588.25,25591.25,25585.0,25590.75
2025-12-31 06:15:00+00:00,25597.25,25593.25,25586.75,25597.75
2025-12-31 06:30:00+00:00,25597.0,25601.75,25595.25,25603.75
2025-12-31 06:45:00+00:00,25607.25,25605.25,25601.5,25604.5
2025-12-31 07:00:00+00:00,25615.5,25607.5,25600.75,25610.25
2025-12-31 07:15:00+00:00,25611.75,25624.0,25607.25,25624.5
2025-12-31 07:30:00+00:00,25625.25,25627.5,25622.25,25621.0
2025-12-31 07:45:00+00:00,25624.0,25624.75,25622.5,25629.75
2025-12-31 08:00:00+00:00,25633.0,25629.0,25626.0,25628.5
2025-12-31 08:15:00+00:00,25630.25,25644.25,25629.25,25646.0
2025-12-31 08:30:00+00:00,25652.25,25664.5,25647.75,25667.75
2025-12-31 08:45:00+00:00,25677.5,25704.0,25675.5,25705.75
2025-12-31 09:00:00+00:00,25709.5,25709.0,25702.75,25704.75
2025-12-31 09:15:00+00:00,25701.75,25699.0,25695.0,25689.0
2025-12-31 09:30:00+00:00,25686.25,25663.5,25620.0,25621.0
2025-12-31 09:45:00+00:00,25626.25,25606.75,25589.25,25603.5
2025-12-31 10:00:00+00:00,25613.5,25603.5,25584.5,25593.0
2025-12-31 10:15:00+00:00,25611.0,25597.25,25586.5,25598.0
2025-12-31 10:30:00+00:00,25608.75,25598.0,25579.75,25580.25
2025-12-31 10:45:00+00:00,25588.5,25579.25,25546.0,25546.25
2025-12-31 11:00:00+00:00,25565.0,25560.5,25554.25,25564.25
2025-12-31 11:15:00+00:00,25570.25,25582.25,25563.0,25586.0
2025-12-31 11:30:00+00:00,25597.75,25584.75,25575.0,25574.5
2025-12-31 11:45:00+00:00,25581.75,25598.75,25574.0,25601.25
2025-12-31 12:00:00+00:00,25606.5,25601.0,25575.25,25572.75
2025-12-31 12:15:00+00:00,25583.5,25587.25,25578.25,25587.75
2025-12-31 12:30:00+00:00,25591.75,25596.0,25586.75,25589.5
2025-12-31 12:45:00+00:00,25596.0,25592.5,25574.5,25577.0
2025-12-31 13:00:00+00:00,25586.25,25591.0,25576.25,25598.0
2025-12-31 13:15:00+00:00,25603.0,25598.75,25587.0,25601.0
2025-12-31 13:30:00+00:00,25604.25,25613.75,25599.5,25613.75
2025-12-31 13:45:00+00:00,25621.25,25625.5,25618.0,25624.25
2025-12-31 14:00:00+00:00,25626.25,25626.5,25614.5,25623.25
2025-12-31 14:15:00+00:00,25620.75,25610.5,25590.75,25588.25
2025-12-31 14:30:00+00:00,25585.25,25577.75,25539.25,25550.75
2025-12-31 14:45:00+00:00,25549.25,25544.0,25534.25,25537.25
2025-12-31 15:00:00+00:00,25539.5,25516.0,25492.25,25489.25
2025-12-31 15:15:00+00:00,25502.25,25504.75,25485.25,25482.25
2025-12-31 15:30:00+00:00,25487.5,25499.0,25478.0,25498.5
2025-12-31 15:45:00+00:00,25508.75,25501.0,25477.5,25472.75
2025-12-31 16:00:00+00:00,25471.5,25453.0,25446.0,25454.75
2025-12-31 16:15:00+00:00,25459.0,25450.0,25445.5,25447.0
2025-12-31 16:30:00+00:00,25445.5,25442.0,25438.0,25440.25
2025-12-31 16:45:00+00:00,25443.75,25443.0,25435.0,25431.25
2026-01-01 18:00:00+00:00,25484.0,25476.25,25457.75,25484.75
2026-01-01 18:15:00+00:00,25492.0,25488.5,25480.75,25487.5
2026-01-01 18:30:00+00:00,25485.5,25493.5,25485.0,25489.25
2026-01-01 18:45:00+00:00,25500.25,25496.0,25490.0,25493.0
2026-01-01 19:00:00+00:00,25499.25,25494.5,25475.25,25488.0
2026-01-01 19:15:00+00:00,25489.25,25500.75,25485.25,25502.5
2026-01-01 19:30:00+00:00,25507.75,25504.0,25496.5,25495.75
2026-01-01 19:45:00+00:00,25506.75,25506.5,25497.0,25509.25
2026-01-01 20:00:00+00:00,25521.5,25528.25,25511.0,25530.75
2026-01-01 20:15:00+00:00,25535.25,25530.5,25519.25,25527.75
2026-01-01 20:30:00+00:00,25538.0,25548.5,25532.25,25548.25
2026-01-01 20:45:00+00:00,25551.0,25550.5,25548.0,25553.75
2026-01-01 21:00:00+00:00,25559.5,25565.25,25555.25,25563.75
2026-01-01 21:15:00+00:00,25577.0,25584.75,25569.5,25588.25
2026-01-01 21:30:00+00:00,25590.5,25589.0,25587.75,25591.75
2026-01-01 21:45:00+00:00,25590.5,25603.25,25589.5,25604.5
2026-01-01 22:00:00+00:00,25608.75,25601.5,25601.0,25601.75
2026-01-01 22:15:00+00:00,25604.75,25603.0,25600.5,25602.0
2026-01-01 22:30:00+00:00,25607.25,25618.0,25597.25,25618.5
2026-01-01 22:45:00+00:00,25622.0,25622.25,25615.25,25624.75
2026-01-01 23:00:00+00:00,25626.75,25628.0,25622.5,25628.0
2026-01-01 23:15:00+00:00,25631.5,25629.0,25626.75,25626.25
2026-01-01 23:30:00+00:00,25630.5,25627.75,25618.0,25630.25
2026-01-01 23:45:00+00:00,25632.25,25630.0,25628.0,25628.0
2026-01-02 00:00:00+00:00,25626.75,25624.75,25615.75,25622.75
2026-01-02 00:15:00+00:00,25626.75,25630.5,25622.25,25627.5
2026-01-02 00:30:00+00:00,25632.0,25628.0,25623.25,25623.5
2026-01-02 00:45:00+00:00,25624.75,25636.0,25622.75,25638.25
2026-01-02 01:00:00+00:00,25639.0,25641.75,25635.25,25641.75
2026-01-02 01:15:00+00:00,25642.25,25643.0,25640.25,25642.0
2026-01-02 01:30:00+00:00,25640.25,25646.5,25636.75,25646.5
2026-01-02 01:45:00+00:00,25648.75,25644.25,25637.0,25638.5
2026-01-02 02:00:00+00:00,25641.25,25638.75,25636.25,25636.0
2026-01-02 02:15:00+00:00,25633.5,25634.75,25628.0,25639.25
2026-01-02 02:30:00+00:00,25638.0,25641.0,25637.25,25641.5
2026-01-02 02:45:00+00:00,25640.0,25638.5,25627.5,25642.0
2026-01-02 03:00:00+00:00,25652.75,25662.75,25637.75,25671.25
2026-01-02 03:15:00+00:00,25692.75,25695.0,25685.5,25696.5
2026-01-02 03:30:00+00:00,25687.75,25686.5,25683.25,25688.75
2026-01-02 03:45:00+00:00,25695.0,25713.0,25693.0,25716.75
2026-01-02 04:00:00+00:00,25713.5,25731.25,25709.0,25733.25
2026-01-02 04:15:00+00:00,25736.0,25725.75,25719.25,25727.75
2026-01-02 04:30:00+00:00,25734.5,25729.5,25730.0,25730.75
2026-01-02 04:45:00+00:00,25732.0,25730.25,25724.75,25731.75
2026-01-02 05:00:00+00:00,25737.0,25734.25,25724.0,25734.75
2026-01-02 05:15:00+00:00,25731.5,25729.25,25713.5,25719.75
2026-01-02 05:30:00+00:00,25718.5,25719.5,25713.25,25719.5
2026-01-02 05:45:00+00:00,25729.5,25731.75,25722.5,25730.25
2026-01-02 06:00:00+00:00,25734.5,25735.0,25730.25,25735.0
2026-01-02 06:15:00+00:00,25736.25,25733.75,25717.75,25714.5
2026-01-02 06:30:00+00:00,25721.0,25724.75,25717.25,25726.0
2026-01-02 06:45:00+00:00,25727.5,25726.25,25719.25,25722.0
2026-01-02 07:00:00+00:00,25727.25,25717.5,25686.5,25687.25
2026-01-02 07:15:00+00:00,25701.25,25695.25,25691.0,25694.0
2026-01-02 07:30:00+00:00,25700.5,25698.25,25692.25,25700.25
2026-01-02 07:45:00+00:00,25705.0,25701.75,25694.5,25698.0
2026-01-02 08:00:00+00:00,25705.5,25701.0,25699.75,25697.5
2026-01-02 08:15:00+00:00,25703.25,25704.25,25696.25,25696.75
2026-01-02 08:30:00+00:00,25699.0,25695.5,25689.5,25696.5
2026-01-02 08:45:00+00:00,25697.5,25693.5,25685.0,25682.5
2026-01-02 09:00:00+00:00,25697.5,25696.25,25686.0,25684.0
2026-01-02 09:15:00+00:00,25677.25,25686.25,25667.0,25693.0
2026-01-02 09:30:00+00:00,25728.75,25677.25,25656.0,25665.0
2026-01-02 09:45:00+00:00,25710.25,25769.75,25691.0,25739.75
2026-01-02 10:00:00+00:00,25767.5,25757.25,25656.5,25627.0
2026-01-02 10:15:00+00:00,25604.0,25581.75,25490.5,25481.25
2026-01-02 10:30:00+00:00,25490.0,25577.5,25489.25,25597.0
2026-01-02 10:45:00+00:00,25593.5,25575.0,25445.5,25392.5
2026-01-02 11:00:00+00:00,25379.0,25350.25,25321.0,25331.0
2026-01-02 11:15:00+00:00,25405.5,25378.0,25333.5,25383.75
2026-01-02 11:30:00+00:00,25385.5,25391.75,25367.5,25374.0
2026-01-02 11:45:00+00:00,25373.5,25359.0,25322.75,25320.75
2026-01-02 12:00:00+00:00,25348.5,25360.75,25336.25,25382.75
2026-01-02 12:15:00+00:00,25399.75,25390.25,25374.5,25380.0
2026-01-02 12:30:00+00:00,25400.75,25387.0,25368.0,25383.75
2026-01-02 12:45:00+00:00,25384.5,25368.0,25321.75,25326.25
2026-01-02 13:00:00+00:00,25337.75,25336.5,25321.5,25319.75
2026-01-02 13:15:00+00:00,25316.75,25338.0,25315.75,25337.5
2026-01-02 13:30:00+00:00,25335.75,25333.5,25318.5,25326.75
2026-01-02 13:45:00+00:00,25351.75,25339.25,25270.25,25279.0
2026-01-02 14:00:00+00:00,25313.75,25368.5,25294.5,25379.5
2026-01-02 14:15:00+00:00,25395.0,25398.75,25368.25,25406.5
2026-01-02 14:30:00+00:00,25430.5,25436.5,25410.75,25438.5
2026-01-02 14:45:00+00:00,25444.25,25432.75,25414.75,25403.25
2026-01-02 15:00:00+00:00,25407.5,25423.75,25399.5,25428.25
2026-01-02 15:15:00+00:00,25424.0,25440.0,25421.25,25435.75
2026-01-02 15:30:00+00:00,25440.25,25423.5,25408.0,25404.0
2026-01-02 15:45:00+00:00,25401.25,25387.5,25372.5,25373.0
2026-01-02 16:00:00+00:00,25413.75,25399.0,25385.25,25391.25
2026-01-02 16:15:00+00:00,25398.25,25393.75,25392.25,25395.25
2026-01-02 16:30:00+00:00,25396.5,25398.5,25395.0,25398.0
2026-01-02 16:45:00+00:00,25399.75,25396.5,25381.75,25388.75
2026-01-04 18:00:00+00:00,25444.0,25439.25,25421.5,25424.0
2026-01-04 18:15:00+00:00,25438.0,25458.5,25425.0,25460.25
2026-01-04 18:30:00+00:00,25459.25,25451.5,25446.5,25445.5
2026-01-04 18:45:00+00:00,25434.75,25450.5,25429.5,25451.5
2026-01-04 19:00:00+00:00,25468.75,25468.0,25457.75,25454.25
2026-01-04 19:15:00+00:00,25464.0,25475.5,25453.75,25473.75
2026-01-04 19:30:00+00:00,25471.5,25467.5,25442.0,25447.0
2026-01-04 19:45:00+00:00,25465.5,25465.0,25452.75,25467.0
2026-01-04 20:00:00+00:00,25473.25,25468.25,25454.75,25455.0
2026-01-04 20:15:00+00:00,25464.75,25461.5,25456.0,25463.5
2026-01-04 20:30:00+00:00,25470.5,25481.75,25468.5,25475.25
2026-01-04 20:45:00+00:00,25478.25,25469.75,25453.0,25460.5
2026-01-04 21:00:00+00:00,25470.5,25477.25,25459.25,25472.5
2026-01-04 21:15:00+00:00,25475.0,25470.0,25463.0,25464.5
2026-01-04 21:30:00+00:00,25466.75,25466.0,25455.75,25460.5
2026-01-04 21:45:00+00:00,25468.5,25476.25,25466.0,25477.0
2026-01-04 22:00:00+00:00,25476.75,25478.25,25473.0,25474.5
2026-01-04 22:15:00+00:00,25474.0,25474.5,25467.5,25474.5
2026-01-04 22:30:00+00:00,25473.75,25471.75,25466.0,25467.5
2026-01-04 22:45:00+00:00,25465.75,25465.5,25461.5,25466.5
2026-01-04 23:00:00+00:00,25464.25,25463.5,25459.75,25461.5
2026-01-04 23:15:00+00:00,25463.0,25466.0,25460.5,25458.5
2026-01-04 23:30:00+00:00,25465.5,25474.25,25462.25,25476.0
2026-01-04 23:45:00+00:00,25487.25,25487.5,25481.25,25489.0
2026-01-05 00:00:00+00:00,25488.5,25485.5,25472.75,25471.75
2026-01-05 00:15:00+00:00,25475.0,25478.25,25470.5,25479.5
2026-01-05 00:30:00+00:00,25482.5,25481.75,25476.0,25481.25
2026-01-05 00:45:00+00:00,25482.25,25492.5,25482.0,25496.0
2026-01-05 01:00:00+00:00,25496.25,25498.25,25494.5,25496.5
2026-01-05 01:15:00+00:00,25496.75,25499.5,25486.0,25487.5
2026-01-05 01:30:00+00:00,25481.5,25483.0,25472.5,25481.0
2026-01-05 01:45:00+00:00,25492.5,25501.75,25489.25,25504.0
2026-01-05 02:00:00+00:00,25508.5,25506.0,25500.25,25490.75
2026-01-05 02:15:00+00:00,25493.5,25492.0,25469.0,25466.5
2026-01-05 02:30:00+00:00,25473.75,25471.75,25464.5,25464.0
2026-01-05 02:45:00+00:00,25463.75,25478.0,25459.0,25480.75
2026-01-05 03:00:00+00:00,25483.0,25500.75,25478.0,25510.25
2026-01-05 03:15:00+00:00,25528.0,25547.75,25521.75,25539.75
2026-01-05 03:30:00+00:00,25539.75,25538.0,25518.25,25523.5
2026-01-05 03:45:00+00:00,25525.25,25521.0,25510.5,25514.0
2026-01-05 04:00:00+00:00,25520.75,25524.0,25511.25,25523.0
2026-01-05 04:15:00+00:00,25522.25,25524.25,25498.5,25504.0
2026-01-05 04:30:00+00:00,25500.0,25519.0,25498.0,25519.0
2026-01-05 04:45:00+00:00,25520.5,25516.5,25507.75,25509.25
2026-01-05 05:00:00+00:00,25522.0,25530.75,25512.25,25534.25
2026-01-05 05:15:00+00:00,25544.5,25549.0,25541.5,25544.75
2026-01-05 05:30:00+00:00,25544.5,25543.0,25539.5,25545.5
2026-01-05 05:45:00+00:00,25547.75,25550.0,25542.25,25550.5
2026-01-05 06:00:00+00:00,25555.0,25557.0,25547.25,25550.5
2026-01-05 06:15:00+00:00,25556.25,25560.0,25552.25,25559.75
2026-01-05 06:30:00+00:00,25552.75,25567.5,25548.25,25567.0
2026-01-05 06:45:00+00:00,25569.25,25570.25,25566.25,25572.25
2026-01-05 07:00:00+00:00,25580.75,25570.5,25567.0,25569.25
2026-01-05 07:15:00+00:00,25571.0,25573.25,25567.5,25564.0
2026-01-05 07:30:00+00:00,25561.0,25567.25,25555.75,25548.25
2026-01-05 07:45:00+00:00,25552.5,25556.25,25550.0,25556.0
2026-01-05 08:00:00+00:00,25566.75,25561.5,25547.25,25570.0
2026-01-05 08:15:00+00:00,25563.0,25552.0,25526.5,25536.0
2026-01-05 08:30:00+00:00,25547.25,25555.75,25537.75,25547.25
2026-01-05 08:45:00+00:00,25550.0,25579.75,25546.75,25585.0
2026-01-05 09:00:00+00:00,25591.5,25604.25,25576.0,25611.25
2026-01-05 09:15:00+00:00,25611.25,25622.75,25607.25,25629.5
2026-01-05 09:30:00+00:00,25672.5,25623.5,25573.0,25567.75
2026-01-05 09:45:00+00:00,25630.75,25600.5,25578.75,25584.5
2026-01-05 10:00:00+00:00,25628.25,25639.0,25593.25,25632.5
2026-01-05 10:15:00+00:00,25655.75,25653.25,25639.5,25667.75
2026-01-05 10:30:00+00:00,25681.0,25681.25,25656.75,25660.0
2026-01-05 10:45:00+00:00,25656.5,25660.0,25641.0,25662.0
2026-01-05 11:00:00+00:00,25667.25,25688.75,25661.5,25690.5
2026-01-05 11:15:00+00:00,25679.25,25684.0,25672.75,25685.25
2026-01-05 11:30:00+00:00,25690.0,25687.0,25666.5,25674.5
2026-01-05 11:45:00+00:00,25686.75,25696.75,25669.0,25663.5
2026-01-05 12:00:00+00:00,25671.25,25660.0,25657.25,25660.25
2026-01-05 12:15:00+00:00,25673.0,25650.5,25622.0,25625.25
2026-01-05 12:30:00+00:00,25630.75,25624.25,25615.5,25625.75
2026-01-05 12:45:00+00:00,25623.25,25628.0,25613.5,25621.0
2026-01-05 13:00:00+00:00,25628.25,25624.75,25595.5,25598.25
2026-01-05 13:15:00+00:00,25597.5,25591.0,25570.75,25591.75
2026-01-05 13:30:00+00:00,25615.5,25609.25,25601.75,25614.25
2026-01-05 13:45:00+00:00,25622.0,25617.25,25610.75,25607.5
2026-01-05 14:00:00+00:00,25618.0,25612.75,25601.5,25602.75
2026-01-05 14:15:00+00:00,25602.5,25598.25,25592.5,25588.0
2026-01-05 14:30:00+00:00,25589.5,25586.0,25563.5,25557.75
2026-01-05 14:45:00+00:00,25570.5,25583.25,25562.5,25585.25
2026-01-05 15:00:00+00:00,25578.75,25594.5,25567.5,25602.0
2026-01-05 15:15:00+00:00,25605.25,25598.5,25595.75,25597.75
2026-01-05 15:30:00+00:00,25602.5,25600.0,25596.75,25600.0
2026-01-05 15:45:00+00:00,25612.75,25606.25,25574.25,25580.75
2026-01-05 16:00:00+00:00,25589.5,25582.75,25578.0,25575.25
2026-01-05 16:15:00+00:00,25580.0,25585.75,25579.25,25586.75
2026-01-05 16:30:00+00:00,25587.0,25586.5,25583.5,25583.0
2026-01-05 16:45:00+00:00,25581.0,25579.75,25578.75,25580.25
2026-01-05 18:00:00+00:00,25598.75,25590.0,25583.0,25592.5
2026-01-05 18:15:00+00:00,25589.25,25586.25,25579.25,25586.25
2026-01-05 18:30:00+00:00,25588.0,25572.25,25571.5,25569.5
2026-01-05 18:45:00+00:00,25571.5,25571.5,25562.25,25566.25
2026-01-05 19:00:00+00:00,25570.0,25574.0,25564.0,25559.5
2026-01-05 19:15:00+00:00,25558.0,25567.5,25556.0,25568.25
2026-01-05 19:30:00+00:00,25574.25,25569.5,25556.5,25554.75
2026-01-05 19:45:00+00:00,25563.5,25560.5,25559.0,25563.5
2026-01-05 20:00:00+00:00,25565.75,25570.25,25563.5,25575.0
2026-01-05 20:15:00+00:00,25572.5,25591.25,25571.25,25591.75
2026-01-05 20:30:00+00:00,25596.25,25595.5,25592.75,25594.25
2026-01-05 20:45:00+00:00,25594.25,25598.25,25592.75,25600.5
2026-01-05 21:00:00+00:00,25602.0,25601.75,25595.75,25596.25
2026-01-05 21:15:00+00:00,25596.5,25605.5,25594.5,25607.0
2026-01-05 21:30:00+00:00,25607.25,25613.75,25604.0,25613.25
2026-01-05 21:45:00+00:00,25614.75,25623.0,25614.75,25624.0
2026-01-05 22:00:00+00:00,25627.0,25625.5,25622.25,25626.0
2026-01-05 22:15:00+00:00,25627.5,25624.5,25622.25,25622.5
2026-01-05 22:30:00+00:00,25623.5,25622.75,25622.75,25625.0
2026-01-05 22:45:00+00:00,25626.75,25624.0,25618.25,25621.25
2026-01-05 23:00:00+00:00,25626.0,25635.25,25623.25,25636.25
2026-01-05 23:15:00+00:00,25636.5,25636.25,25634.5,25636.25
2026-01-05 23:30:00+00:00,25642.5,25640.5,25636.5,25640.25
2026-01-05 23:45:00+00:00,25639.75,25643.75,25639.0,25647.0
2026-01-06 00:00:00+00:00,25649.0,25647.75,25641.0,25650.0
2026-01-06 00:15:00+00:00,25650.75,25650.0,25648.5,25647.0
2026-01-06 00:30:00+00:00,25650.5,25647.5,25645.75,25648.25
2026-01-06 00:45:00+00:00,25642.25,25641.5,25640.0,25643.0
2026-01-06 01:00:00+00:00,25646.75,25656.5,25645.75,25656.5
2026-01-06 01:15:00+00:00,25659.75,25663.0,25659.0,25662.0
2026-01-06 01:30:00+00:00,25665.25,25670.75,25662.25,25671.25
2026-01-06 01:45:00+00:00,25671.5,25669.5,25668.75,25669.75
2026-01-06 02:00:00+00:00,25665.25,25661.0,25660.25,25660.0
2026-01-06 02:15:00+00:00,25660.5,25657.25,25649.75,25651.0
2026-01-06 02:30:00+00:00,25657.0,25655.0,25650.75,25651.0
2026-01-06 02:45:00+00:00,25649.0,25646.5,25643.75,25647.25
2026-01-06 03:00:00+00:00,25639.75,25630.25,25608.0,25596.75
2026-01-06 03:15:00+00:00,25582.5,25580.25,25553.5,25556.75
2026-01-06 03:30:00+00:00,25543.0,25547.75,25536.25,25556.25
2026-01-06 03:45:00+00:00,25562.0,25573.0,25559.5,25574.75
2026-01-06 04:00:00+00:00,25579.25,25577.5,25566.75,25580.5
2026-01-06 04:15:00+00:00,25585.25,25578.5,25567.5,25568.0
2026-01-06 04:30:00+00:00,25573.25,25582.5,25567.0,25586.25
2026-01-06 04:45:00+00:00,25585.25,25593.0,25584.0,25589.0
2026-01-06 05:00:00+00:00,25587.75,25584.75,25581.75,25579.75
2026-01-06 05:15:00+00:00,25581.25,25580.0,25575.75,25578.0
2026-01-06 05:30:00+00:00,25583.0,25590.0,25580.75,25588.75
2026-01-06 05:45:00+00:00,25592.25,25594.75,25589.25,25593.5
2026-01-06 06:00:00+00:00,25597.5,25601.75,25594.0,25602.0
2026-01-06 06:15:00+00:00,25598.25,25596.75,25596.5,25591.75
2026-01-06 06:30:00+00:00,25596.0,25593.75,25592.25,25595.75
2026-01-06 06:45:00+00:00,25598.5,25602.25,25593.75,25603.0
2026-01-06 07:00:00+00:00,25598.0,25612.25,25593.0,25615.5
2026-01-06 07:15:00+00:00,25615.75,25614.0,25610.0,25614.75
2026-01-06 07:30:00+00:00,25618.5,25625.25,25613.0,25633.0
2026-01-06 07:45:00+00:00,25638.5,25645.25,25634.0,25645.25
2026-01-06 08:00:00+00:00,25644.0,25643.25,25625.75,25636.0
2026-01-06 08:15:00+00:00,25642.25,25635.5,25621.75,25621.5
2026-01-06 08:30:00+00:00,25629.0,25630.25,25623.0,25621.5
2026-01-06 08:45:00+00:00,25623.0,25621.0,25602.75,25621.0
2026-01-06 09:00:00+00:00,25611.5,25607.25,25600.75,25613.5
2026-01-06 09:15:00+00:00,25616.5,25620.0,25609.5,25632.0
2026-01-06 09:30:00+00:00,25671.5,25645.5,25630.5,25640.0
2026-01-06 09:45:00+00:00,25699.75,25750.0,25688.75,25756.75
2026-01-06 10:00:00+00:00,25772.75,25759.75,25737.5,25755.75
2026-01-06 10:15:00+00:00,25764.0,25763.25,25747.5,25763.5
2026-01-06 10:30:00+00:00,25773.0,25754.25,25736.75,25737.0
2026-01-06 10:45:00+00:00,25730.0,25721.5,25685.5,25693.0
2026-01-06 11:00:00+00:00,25684.75,25672.25,25650.5,25672.25
2026-01-06 11:15:00+00:00,25677.5,25681.75,25671.25,25678.0
2026-01-06 11:30:00+00:00,25691.75,25688.25,25680.75,25663.75
2026-01-06 11:45:00+00:00,25677.25,25692.75,25669.75,25692.5
2026-01-06 12:00:00+00:00,25688.25,25713.25,25678.75,25715.0
2026-01-06 12:15:00+00:00,25715.75,25736.25,25711.5,25737.0
2026-01-06 12:30:00+00:00,25747.25,25768.0,25741.25,25763.0
2026-01-06 12:45:00+00:00,25771.75,25767.0,25752.25,25760.25
2026-01-06 13:00:00+00:00,25763.25,25757.25,25749.5,25760.0
2026-01-06 13:15:00+00:00,25776.5,25774.25,25758.5,25760.75
2026-01-06 13:30:00+00:00,25761.5,25769.75,25761.0,25779.5
2026-01-06 13:45:00+00:00,25798.5,25800.25,25788.75,25800.5
2026-01-06 14:00:00+00:00,25809.25,25803.5,25794.5,25804.0
2026-01-06 14:15:00+00:00,25806.75,25807.75,25803.5,25811.0
2026-01-06 14:30:00+00:00,25814.25,25817.0,25809.75,25819.75
2026-01-06 14:45:00+00:00,25818.5,25816.75,25808.25,25810.0
2026-01-06 15:00:00+00:00,25815.5,25811.0,25802.0,25812.0
2026-01-06 15:15:00+00:00,25824.0,25814.25,25811.0,25814.0
2026-01-06 15:30:00+00:00,25815.0,25827.5,25813.25,25831.5
2026-01-06 15:45:00+00:00,25830.25,25829.25,25826.25,25830.5
2026-01-06 16:00:00+00:00,25822.75,25822.75,25815.75,25824.0
2026-01-06 16:15:00+00:00,25822.25,25824.75,25821.5,25822.75
2026-01-06 16:30:00+00:00,25821.0,25823.75,25819.0,25825.75
2026-01-06 16:45:00+00:00,25829.5,25829.75,25827.25,25830.5
2026-01-06 18:00:00+00:00,25835.0,25835.5,25831.25,25833.75
2026-01-06 18:15:00+00:00,25830.75,25828.0,25823.0,25822.25
2026-01-06 18:30:00+00:00,25825.25,25823.0,25818.0,25818.0
2026-01-06 18:45:00+00:00,25820.5,25828.75,25818.5,25829.75
2026-01-06 19:00:00+00:00,25827.5,25837.0,25825.25,25826.5
2026-01-06 19:15:00+00:00,25838.0,25831.0,25829.25,25833.25
2026-01-06 19:30:00+00:00,25832.0,25823.75,25822.25,25822.0
2026-01-06 19:45:00+00:00,25830.75,25835.0,25823.75,25833.75
2026-01-06 20:00:00+00:00,25831.0,25830.75,25828.75,25833.0
2026-01-06 20:15:00+00:00,25831.0,25819.25,25816.25,25814.75
2026-01-06 20:30:00+00:00,25818.5,25821.25,25815.75,25821.25
2026-01-06 20:45:00+00:00,25819.0,25819.5,25817.0,25819.5
2026-01-06 21:00:00+00:00,25817.5,25822.0,25815.75,25813.25
2026-01-06 21:15:00+00:00,25815.75,25815.25,25811.75,25812.25
2026-01-06 21:30:00+00:00,25810.25,25808.5,25803.0,25810.0
2026-01-06 21:45:00+00:00,25812.0,25810.0,25802.5,25806.0
2026-01-06 22:00:00+00:00,25809.5,25812.0,25807.25,25810.0
2026-01-06 22:15:00+00:00,25816.75,25816.25,25813.0,25816.25
2026-01-06 22:30:00+00:00,25819.0,25816.75,25811.5,25814.0
2026-01-06 22:45:00+00:00,25816.25,25817.0,25806.25,25807.75
2026-01-06 23:00:00+00:00,25804.0,25797.25,25787.75,25788.25
2026-01-06 23:15:00+00:00,25792.25,25790.0,25786.25,25782.75
2026-01-06 23:30:00+00:00,25782.75,25785.5,25781.5,25786.25
2026-01-06 23:45:00+00:00,25793.25,25792.0,25786.75,25786.0
2026-01-07 00:00:00+00:00,25786.75,25785.75,25776.25,25787.0
2026-01-07 00:15:00+00:00,25788.0,25785.75,25783.25,25783.25
2026-01-07 00:30:00+00:00,25785.25,25791.5,25785.0,25784.25
2026-01-07 00:45:00+00:00,25785.25,25783.75,25779.5,25785.0
2026-01-07 01:00:00+00:00,25786.25,25795.5,25782.75,25795.5
2026-01-07 01:15:00+00:00,25799.75,25797.25,25790.25,25790.75
2026-01-07 01:30:00+00:00,25792.75,25785.5,25773.0,25770.75
2026-01-07 01:45:00+00:00,25773.0,25773.0,25772.0,25772.5
2026-01-07 02:00:00+00:00,25769.5,25773.25,25768.75,25771.25
2026-01-07 02:15:00+00:00,25773.0,25773.75,25772.0,25775.0
2026-01-07 02:30:00+00:00,25775.25,25772.75,25768.75,25772.0
2026-01-07 02:45:00+00:00,25770.75,25771.0,25768.25,25768.5
2026-01-07 03:00:00+00:00,25767.25,25771.75,25761.75,25777.75
2026-01-07 03:15:00+00:00,25775.25,25777.5,25772.25,25770.75
2026-01-07 03:30:00+00:00,25775.0,25770.75,25766.75,25772.25
2026-01-07 03:45:00+00:00,25773.25,25771.5,25764.5,25765.25
2026-01-07 04:00:00+00:00,25758.75,25752.75,25733.5,25744.25
2026-01-07 04:15:00+00:00,25746.25,25742.75,25731.5,25742.0
2026-01-07 04:30:00+00:00,25746.25,25749.5,25744.25,25748.0
2026-01-07 04:45:00+00:00,25754.25,25753.0,25749.5,25753.5
2026-01-07 05:00:00+00:00,25754.0,25754.25,25745.5,25755.75
2026-01-07 05:15:00+00:00,25759.0,25756.5,25737.75,25735.5
2026-01-07 05:30:00+00:00,25735.5,25736.25,25731.25,25736.75
2026-01-07 05:45:00+00:00,25733.75,25733.25,25730.5,25735.0
2026-01-07 06:00:00+00:00,25740.25,25739.75,25735.5,25746.75
2026-01-07 06:15:00+00:00,25748.0,25745.25,25744.5,25740.25
2026-01-07 06:30:00+00:00,25743.25,25757.25,25741.25,25758.5
2026-01-07 06:45:00+00:00,25759.0,25762.75,25756.75,25764.5
2026-01-07 07:00:00+00:00,25768.75,25776.25,25768.0,25777.5
2026-01-07 07:15:00+00:00,25773.0,25778.0,25771.5,25778.25
2026-01-07 07:30:00+00:00,25774.75,25770.0,25754.5,25767.5
2026-01-07 07:45:00+00:00,25770.5,25774.25,25760.75,25765.0
2026-01-07 08:00:00+00:00,25765.0,25763.25,25758.5,25757.0
2026-01-07 08:15:00+00:00,25770.25,25770.25,25762.75,25772.0
2026-01-07 08:30:00+00:00,25786.25,25789.0,25771.0,25791.5
2026-01-07 08:45:00+00:00,25790.5,25786.25,25773.75,25788.0
2026-01-07 09:00:00+00:00,25789.25,25778.75,25766.75,25769.25
2026-01-07 09:15:00+00:00,25777.0,25780.25,25765.75,25787.25
2026-01-07 09:30:00+00:00,25810.75,25840.0,25790.75,25843.5
2026-01-07 09:45:00+00:00,25858.5,25854.25,25854.5,25859.5
2026-01-07 10:00:00+00:00,25868.5,25859.0,25828.5,25869.25
2026-01-07 10:15:00+00:00,25860.25,25846.5,25825.0,25856.75
2026-01-07 10:30:00+00:00,25872.0,25892.0,25832.5,25853.5
2026-01-07 10:45:00+00:00,25873.5,25902.5,25854.75,25903.75
2026-01-07 11:00:00+00:00,25921.5,25919.5,25905.5,25925.75
2026-01-07 11:15:00+00:00,25929.25,25921.25,25892.25,25892.5
2026-01-07 11:30:00+00:00,25902.0,25917.25,25895.25,25924.0
2026-01-07 11:45:00+00:00,25954.25,25965.0,25942.75,25969.5
2026-01-07 12:00:00+00:00,25974.75,25980.5,25968.0,25976.25
2026-01-07 12:15:00+00:00,25976.25,25984.75,25975.75,25978.5
2026-01-07 12:30:00+00:00,25985.25,25981.0,25977.25,25983.0
2026-01-07 12:45:00+00:00,25996.25,25989.75,25967.5,25967.25
2026-01-07 13:00:00+00:00,25972.0,25963.25,25950.5,25955.5
2026-01-07 13:15:00+00:00,25961.75,25945.0,25936.0,25938.75
2026-01-07 13:30:00+00:00,25944.25,25964.5,25930.5,25968.0
2026-01-07 13:45:00+00:00,25970.25,25973.0,25952.5,25953.5
2026-01-07 14:00:00+00:00,25956.25,25951.75,25922.25,25916.75
2026-01-07 14:15:00+00:00,25922.0,25903.25,25894.25,25894.75
2026-01-07 14:30:00+00:00,25902.0,25912.5,25899.5,25913.25
2026-01-07 14:45:00+00:00,25915.5,25913.0,25908.75,25910.5
2026-01-07 15:00:00+00:00,25907.0,25905.75,25899.75,25891.75
2026-01-07 15:15:00+00:00,25872.75,25873.25,25863.0,25855.0
2026-01-07 15:30:00+00:00,25862.25,25850.5,25821.0,25835.75
2026-01-07 15:45:00+00:00,25836.25,25834.25,25825.75,25826.25
2026-01-07 16:00:00+00:00,25836.0,25828.25,25824.0,25824.25
2026-01-07 16:15:00+00:00,25827.75,25831.5,25821.75,25829.5
2026-01-07 16:30:00+00:00,25830.75,25831.5,25828.5,25831.75
2026-01-07 16:45:00+00:00,25832.5,25835.75,25830.75,25835.25
2026-01-07 18:00:00+00:00,25849.75,25843.0,25832.5,25832.25
2026-01-07 18:15:00+00:00,25832.5,25827.75,25826.25,25826.25
2026-01-07 18:30:00+00:00,25831.0,25830.75,25827.0,25830.0
2026-01-07 18:45:00+00:00,25834.0,25831.0,25820.25,25820.75
2026-01-07 19:00:00+00:00,25824.5,25822.75,25819.0,25820.25
2026-01-07 19:15:00+00:00,25828.25,25824.0,25812.5,25809.25
2026-01-07 19:30:00+00:00,25815.0,25831.5,25810.5,25833.0
2026-01-07 19:45:00+00:00,25839.5,25836.75,25834.5,25838.0
2026-01-07 20:00:00+00:00,25844.5,25837.0,25820.5,25819.25
2026-01-07 20:15:00+00:00,25822.75,25836.0,25820.0,25836.0
2026-01-07 20:30:00+00:00,25837.5,25829.0,25823.75,25834.5
2026-01-07 20:45:00+00:00,25836.25,25838.0,25833.5,25838.0
2026-01-07 21:00:00+00:00,25838.0,25836.5,25832.75,25833.5
2026-01-07 21:15:00+00:00,25828.0,25828.5,25823.25,25825.25
2026-01-07 21:30:00+00:00,25827.5,25825.5,25803.5,25798.75
2026-01-07 21:45:00+00:00,25800.75,25793.25,25782.5,25784.25
2026-01-07 22:00:00+00:00,25788.0,25787.25,25783.5,25788.0
2026-01-07 22:15:00+00:00,25793.75,25788.5,25784.5,25784.0
2026-01-07 22:30:00+00:00,25790.5,25786.5,25778.25,25781.5
2026-01-07 22:45:00+00:00,25775.5,25777.0,25773.5,25776.75
2026-01-07 23:00:00+00:00,25779.75,25781.0,25776.25,25781.25
2026-01-07 23:15:00+00:00,25787.0,25786.25,25779.25,25788.25
2026-01-07 23:30:00+00:00,25785.75,25782.75,25777.0,25777.25
2026-01-07 23:45:00+00:00,25779.5,25777.75,25774.25,25776.25
2026-01-08 00:00:00+00:00,25781.25,25780.75,25776.25,25771.0
2026-01-08 00:15:00+00:00,25765.5,25764.25,25760.25,25764.5
2026-01-08 00:30:00+00:00,25763.5,25756.75,25749.25,25749.0
2026-01-08 00:45:00+00:00,25749.75,25750.5,25744.0,25745.5
2026-01-08 01:00:00+00:00,25742.5,25737.75,25688.0,25692.0
2026-01-08 01:15:00+00:00,25695.0,25688.25,25673.5,25680.75
2026-01-08 01:30:00+00:00,25684.0,25690.5,25675.25,25695.25
2026-01-08 01:45:00+00:00,25706.0,25704.0,25700.0,25707.25
2026-01-08 02:00:00+00:00,25707.25,25709.0,25689.5,25710.25
2026-01-08 02:15:00+00:00,25719.25,25770.25,25715.5,25758.0
2026-01-08 02:30:00+00:00,25762.5,25768.75,25752.25,25770.0
2026-01-08 02:45:00+00:00,25773.0,25765.5,25754.75,25755.75
2026-01-08 03:00:00+00:00,25761.25,25769.25,25749.0,25772.25
2026-01-08 03:15:00+00:00,25776.5,25780.75,25772.0,25784.5
2026-01-08 03:30:00+00:00,25789.75,25794.75,25781.0,25801.25
2026-01-08 03:45:00+00:00,25801.5,25796.5,25783.25,25788.5
2026-01-08 04:00:00+00:00,25786.0,25788.5,25780.75,25786.5
2026-01-08 04:15:00+00:00,25783.75,25773.0,25766.25,25771.75
2026-01-08 04:30:00+00:00,25770.5,25767.75,25760.5,25759.5
2026-01-08 04:45:00+00:00,25762.0,25759.5,25755.25,25763.0
2026-01-08 05:00:00+00:00,25770.0,25764.5,25746.25,25747.0
2026-01-08 05:15:00+00:00,25754.5,25749.75,25749.25,25747.25
2026-01-08 05:30:00+00:00,25753.5,25764.75,25748.0,25767.0
2026-01-08 05:45:00+00:00,25765.75,25766.5,25758.0,25771.0
2026-01-08 06:00:00+00:00,25774.5,25776.0,25768.0,25773.75
2026-01-08 06:15:00+00:00,25774.5,25782.25,25769.25,25783.0
2026-01-08 06:30:00+00:00,25779.5,25779.5,25772.25,25783.0
2026-01-08 06:45:00+00:00,25774.75,25778.5,25774.25,25775.75
2026-01-08 07:00:00+00:00,25774.5,25758.75,25749.25,25762.0
2026-01-08 07:15:00+00:00,25765.0,25771.5,25760.0,25776.0
2026-01-08 07:30:00+00:00,25774.75,25768.75,25756.5,25759.25
2026-01-08 07:45:00+00:00,25759.25,25774.5,25759.25,25776.25
2026-01-08 08:00:00+00:00,25766.5,25779.5,25761.25,25783.5
2026-01-08 08:15:00+00:00,25784.25,25801.5,25782.75,25802.0
2026-01-08 08:30:00+00:00,25818.0,25805.25,25795.0,25804.25
2026-01-08 08:45:00+00:00,25800.0,25794.25,25791.25,25791.5
2026-01-08 09:00:00+00:00,25799.5,25800.5,25794.75,25800.25
2026-01-08 09:15:00+00:00,25796.0,25793.0,25781.75,25787.25
2026-01-08 09:30:00+00:00,25803.0,25745.5,25678.0,25638.75
2026-01-08 09:45:00+00:00,25624.0,25645.0,25621.75,25629.25
2026-01-08 10:00:00+00:00,25610.5,25662.0,25583.5,25680.0
2026-01-08 10:15:00+00:00,25680.5,25682.5,25675.25,25686.25
2026-01-08 10:30:00+00:00,25699.5,25677.5,25635.75,25684.25
2026-01-08 10:45:00+00:00,25692.0,25678.0,25622.75,25637.0
2026-01-08 11:00:00+00:00,25686.5,25667.5,25637.25,25663.5
2026-01-08 11:15:00+00:00,25641.25,25658.25,25635.25,25628.0
2026-01-08 11:30:00+00:00,25629.75,25633.5,25601.5,25647.25
2026-01-08 11:45:00+00:00,25665.75,25665.5,25634.75,25657.75
2026-01-08 12:00:00+00:00,25674.5,25659.25,25643.25,25636.5
2026-01-08 12:15:00+00:00,25653.5,25673.25,25631.75,25643.0
2026-01-08 12:30:00+00:00,25654.0,25669.75,25636.0,25674.0
2026-01-08 12:45:00+00:00,25681.0,25696.25,25674.0,25694.25
2026-01-08 13:00:00+00:00,25683.75,25673.5,25639.75,25636.75
2026-01-08 13:15:00+00:00,25632.0,25654.75,25626.25,25661.25
2026-01-08 13:30:00+00:00,25661.5,25662.0,25651.75,25664.0
2026-01-08 13:45:00+00:00,25661.75,25667.5,25631.0,25629.25
2026-01-08 14:00:00+00:00,25636.25,25647.5,25621.5,25622.25
2026-01-08 14:15:00+00:00,25616.25,25630.75,25614.5,25623.25
2026-01-08 14:30:00+00:00,25636.25,25636.25,25622.5,25623.0
2026-01-08 14:45:00+00:00,25626.75,25634.75,25619.5,25621.0
2026-01-08 15:00:00+00:00,25634.5,25642.0,25633.5,25646.25
2026-01-08 15:15:00+00:00,25659.5,25667.75,25644.25,25674.75
2026-01-08 15:30:00+00:00,25687.25,25693.5,25673.5,25672.25
2026-01-08 15:45:00+00:00,25687.75,25688.75,25677.75,25686.0
2026-01-08 16:00:00+00:00,25701.25,25690.5,25682.75,25689.25
2026-01-08 16:15:00+00:00,25690.5,25692.75,25686.75,25694.25
2026-01-08 16:30:00+00:00,25699.75,25728.75,25695.75,25731.75
2026-01-08 16:45:00+00:00,25732.75,25730.75,25717.25,25707.25
2026-01-08 18:00:00+00:00,25725.0,25717.5,25713.75,25712.5
2026-01-08 18:15:00+00:00,25710.0,25706.5,25697.75,25698.5
2026-01-08 18:30:00+00:00,25697.5,25695.75,25687.0,25687.5
2026-01-08 18:45:00+00:00,25687.25,25686.5,25676.5,25677.5
2026-01-08 19:00:00+00:00,25682.0,25680.75,25675.25,25683.0
2026-01-08 19:15:00+00:00,25686.75,25686.25,25675.5,25677.25
2026-01-08 19:30:00+00:00,25690.5,25691.5,25685.5,25693.5
2026-01-08 19:45:00+00:00,25693.75,25690.0,25670.25,25670.75
2026-01-08 20:00:00+00:00,25673.25,25672.75,25665.0,25669.25
2026-01-08 20:15:00+00:00,25672.75,25666.75,25635.0,25636.0
2026-01-08 20:30:00+00:00,25641.5,25637.25,25630.0,25634.0
2026-01-08 20:45:00+00:00,25637.5,25650.25,25636.25,25652.5
2026-01-08 21:00:00+00:00,25653.75,25656.0,25651.5,25652.0
2026-01-08 21:15:00+00:00,25656.0,25683.0,25654.5,25683.0
2026-01-08 21:30:00+00:00,25689.25,25685.0,25675.5,25680.0
2026-01-08 21:45:00+00:00,25692.75,25689.5,25681.5,25681.25
2026-01-08 22:00:00+00:00,25683.25,25683.5,25675.0,25687.0
2026-01-08 22:15:00+00:00,25684.25,25687.0,25675.0,25676.0
2026-01-08 22:30:00+00:00,25675.5,25676.0,25672.75,25678.0
2026-01-08 22:45:00+00:00,25684.0,25682.0,25673.75,25676.75
2026-01-08 23:00:00+00:00,25676.75,25674.25,25668.75,25668.75
2026-01-08 23:15:00+00:00,25670.0,25669.75,25658.75,25670.75
2026-01-08 23:30:00+00:00,25674.0,25671.75,25669.25,25672.0
2026-01-08 23:45:00+00:00,25674.25,25677.25,25669.25,25679.25
2026-01-09 00:00:00+00:00,25684.25,25684.0,25676.5,25677.25
2026-01-09 00:15:00+00:00,25677.75,25679.25,25675.75,25679.25
2026-01-09 00:30:00+00:00,25680.5,25677.0,25670.5,25670.75
2026-01-09 00:45:00+00:00,25672.75,25689.5,25670.0,25690.25
2026-01-09 01:00:00+00:00,25702.5,25692.0,25680.75,25678.5
2026-01-09 01:15:00+00:00,25683.0,25680.25,25676.5,25678.5
2026-01-09 01:30:00+00:00,25690.75,25693.75,25682.0,25694.75
2026-01-09 01:45:00+00:00,25696.0,25697.0,25689.75,25689.0
2026-01-09 02:00:00+00:00,25691.75,25685.25,25682.75,25683.0
2026-01-09 02:15:00+00:00,25687.5,25683.75,25655.25,25656.0
2026-01-09 02:30:00+00:00,25657.5,25670.5,25656.25,25673.25
2026-01-09 02:45:00+00:00,25672.75,25677.5,25670.25,25677.5
2026-01-09 03:00:00+00:00,25678.25,25689.75,25673.75,25691.0
2026-01-09 03:15:00+00:00,25695.0,25693.25,25688.0,25692.25
2026-01-09 03:30:00+00:00,25694.25,25693.5,25673.75,25694.75
2026-01-09 03:45:00+00:00,25690.5,25688.0,25667.75,25677.5
2026-01-09 04:00:00+00:00,25681.5,25673.25,25667.75,25668.0
2026-01-09 04:15:00+00:00,25677.0,25689.75,25674.0,25691.5
2026-01-09 04:30:00+00:00,25706.75,25716.25,25696.5,25715.0
2026-01-09 04:45:00+00:00,25714.25,25719.25,25711.25,25720.75
2026-01-09 05:00:00+00:00,25729.0,25724.0,25722.0,25724.0
2026-01-09 05:15:00+00:00,25724.25,25733.5,25722.75,25734.75
2026-01-09 05:30:00+00:00,25731.0,25730.0,25727.0,25728.25
2026-01-09 05:45:00+00:00,25728.0,25730.25,25726.0,25731.0
2026-01-09 06:00:00+00:00,25735.0,25729.75,25724.5,25729.0
2026-01-09 06:15:00+00:00,25727.0,25743.0,25726.25,25743.75
2026-01-09 06:30:00+00:00,25749.75,25756.75,25745.25,25763.5
2026-01-09 06:45:00+00:00,25767.25,25761.0,25745.75,25741.0
2026-01-09 07:00:00+00:00,25743.75,25748.5,25737.5,25742.25
2026-01-09 07:15:00+00:00,25738.25,25730.5,25726.25,25728.25
2026-01-09 07:30:00+00:00,25726.75,25724.25,25718.5,25724.75
2026-01-09 07:45:00+00:00,25731.75,25744.75,25728.25,25745.5
2026-01-09 08:00:00+00:00,25751.5,25744.5,25737.5,25746.25
2026-01-09 08:15:00+00:00,25742.25,25739.75,25734.5,25736.75
2026-01-09 08:30:00+00:00,25795.5,25792.75,25742.75,25800.5
2026-01-09 08:45:00+00:00,25803.0,25798.75,25789.0,25801.0
2026-01-09 09:00:00+00:00,25811.75,25814.75,25772.25,25757.5
2026-01-09 09:15:00+00:00,25773.25,25764.75,25715.5,25715.0
2026-01-09 09:30:00+00:00,25715.75,25752.75,25670.75,25763.75
2026-01-09 09:45:00+00:00,25766.0,25734.75,25715.25,25717.75
2026-01-09 10:00:00+00:00,25763.75,25719.0,25638.25,25724.25
2026-01-09 10:15:00+00:00,25761.0,25823.25,25744.75,25839.25
2026-01-09 10:30:00+00:00,25862.0,25858.5,25814.5,25803.5
2026-01-09 10:45:00+00:00,25784.5,25787.0,25781.0,25796.25
2026-01-09 11:00:00+00:00,25827.5,25869.75,25811.75,25869.25
2026-01-09 11:15:00+00:00,25895.0,25881.75,25874.25,25871.25
2026-01-09 11:30:00+00:00,25869.5,25857.25,25855.5,25857.0
2026-01-09 11:45:00+00:00,25876.5,25911.5,25868.0,25910.0
2026-01-09 12:00:00+00:00,25912.25,25918.5,25905.75,25906.25
2026-01-09 12:15:00+00:00,25913.75,25908.75,25894.5,25916.5
2026-01-09 12:30:00+00:00,25913.0,25915.5,25912.5,25912.75
2026-01-09 12:45:00+00:00,25915.5,25926.75,25910.5,25933.5
2026-01-09 13:00:00+00:00,25923.5,25912.5,25893.75,25890.25
2026-01-09 13:15:00+00:00,25893.75,25888.0,25887.25,25888.5
2026-01-09 13:30:00+00:00,25917.25,25955.5,25908.5,25957.0
2026-01-09 13:45:00+00:00,25943.25,25956.5,25939.5,25966.5
2026-01-09 14:00:00+00:00,25963.0,25954.5,25950.5,25954.25
2026-01-09 14:15:00+00:00,25958.75,25962.25,25954.5,25962.75
2026-01-09 14:30:00+00:00,25961.25,25959.0,25957.5,25960.75
2026-01-09 14:45:00+00:00,25962.5,25964.25,25957.25,25955.25
2026-01-09 15:00:00+00:00,25954.25,25970.0,25954.25,25968.75
2026-01-09 15:15:00+00:00,25967.25,25979.5,25966.25,25975.5
2026-01-09 15:30:00+00:00,25970.5,25965.25,25962.0,25956.0
2026-01-09 15:45:00+00:00,25964.5,25960.0,25944.25,25948.25
2026-01-09 16:00:00+00:00,25939.0,25936.0,25933.0,25932.75
2026-01-09 16:15:00+00:00,25937.0,25936.5,25932.75,25933.75
2026-01-09 16:30:00+00:00,25933.75,25930.75,25927.75,25928.25
2026-01-09 16:45:00+00:00,25926.75,25931.75,25924.25,25931.0
2026-01-11 18:00:00+00:00,25960.0,25908.5,25889.25,25912.25
2026-01-11 18:15:00+00:00,25913.0,25906.0,25885.0,25908.75
2026-01-11 18:30:00+00:00,25904.0,25905.25,25902.75,25908.5
2026-01-11 18:45:00+00:00,25907.75,25905.25,25899.75,25905.25
2026-01-11 19:00:00+00:00,25896.25,25888.25,25858.0,25866.75
2026-01-11 19:15:00+00:00,25869.25,25862.25,25860.25,25866.0
2026-01-11 19:30:00+00:00,25862.5,25849.0,25784.0,25800.5
2026-01-11 19:45:00+00:00,25812.0,25805.25,25788.75,25790.5
2026-01-11 20:00:00+00:00,25795.75,25786.25,25770.5,25776.5
2026-01-11 20:15:00+00:00,25784.5,25772.5,25751.25,25756.0
2026-01-11 20:30:00+00:00,25757.5,25751.75,25740.5,25757.0
2026-01-11 20:45:00+00:00,25778.5,25778.0,25770.25,25783.25
2026-01-11 21:00:00+00:00,25778.25,25768.5,25744.0,25747.0
2026-01-11 21:15:00+00:00,25745.0,25740.25,25731.75,25734.25
2026-01-11 21:30:00+00:00,25747.5,25755.0,25740.5,25756.5
2026-01-11 21:45:00+00:00,25759.5,25759.75,25745.5,25746.5
2026-01-11 22:00:00+00:00,25749.5,25748.5,25742.75,25745.25
2026-01-11 22:15:00+00:00,25745.0,25748.25,25744.75,25745.25
2026-01-11 22:30:00+00:00,25747.0,25749.5,25742.75,25746.5
2026-01-11 22:45:00+00:00,25747.0,25738.0,25716.0,25735.25
2026-01-11 23:00:00+00:00,25739.25,25734.75,25722.25,25723.25
2026-01-11 23:15:00+00:00,25725.5,25726.0,25719.0,25726.75
2026-01-11 23:30:00+00:00,25730.0,25733.5,25728.25,25731.25
2026-01-11 23:45:00+00:00,25730.5,25730.0,25726.25,25727.75
2026-01-12 00:00:00+00:00,25727.75,25731.75,25727.0,25725.75
2026-01-12 00:15:00+00:00,25721.0,25720.0,25701.5,25700.75
2026-01-12 00:30:00+00:00,25702.25,25696.25,25689.25,25692.0
2026-01-12 00:45:00+00:00,25690.75,25696.5,25682.75,25697.0
2026-01-12 01:00:00+00:00,25704.5,25716.5,25699.75,25717.0
2026-01-12 01:15:00+00:00,25718.0,25714.75,25705.25,25717.75
2026-01-12 01:30:00+00:00,25715.75,25711.25,25710.25,25712.25
2026-01-12 01:45:00+00:00,25717.5,25718.5,25713.75,25720.25
2026-01-12 02:00:00+00:00,25718.75,25733.75,25718.0,25736.5
2026-01-12 02:15:00+00:00,25737.5,25734.5,25727.5,25735.75
2026-01-12 02:30:00+00:00,25733.75,25730.25,25725.5,25731.5
2026-01-12 02:45:00+00:00,25726.5,25732.25,25726.5,25731.25
2026-01-12 03:00:00+00:00,25733.5,25741.5,25731.75,25732.25
2026-01-12 03:15:00+00:00,25722.5,25714.75,25665.75,25679.5
2026-01-12 03:30:00+00:00,25677.25,25650.75,25639.25,25641.75
2026-01-12 03:45:00+00:00,25653.5,25662.25,25640.75,25669.0
2026-01-12 04:00:00+00:00,25674.25,25693.75,25660.0,25695.75
2026-01-12 04:15:00+00:00,25699.25,25693.5,25677.5,25681.0
2026-01-12 04:30:00+00:00,25681.5,25674.5,25669.5,25683.25
2026-01-12 04:45:00+00:00,25684.5,25699.75,25675.5,25704.75
2026-01-12 05:00:00+00:00,25702.25,25697.25,25689.25,25692.5
2026-01-12 05:15:00+00:00,25693.25,25698.75,25691.5,25702.0
2026-01-12 05:30:00+00:00,25717.0,25717.25,25705.25,25719.5
2026-01-12 05:45:00+00:00,25716.5,25713.75,25705.0,25705.25
2026-01-12 06:00:00+00:00,25710.75,25726.5,25707.5,25731.0
2026-01-12 06:15:00+00:00,25730.0,25727.0,25718.25,25718.0
2026-01-12 06:30:00+00:00,25718.5,25718.25,25714.75,25719.25
2026-01-12 06:45:00+00:00,25720.5,25716.0,25714.75,25715.25
2026-01-12 07:00:00+00:00,25723.5,25736.75,25718.5,25739.25
2026-01-12 07:15:00+00:00,25736.25,25736.25,25731.75,25735.0
2026-01-12 07:30:00+00:00,25737.5,25740.0,25729.0,25739.25
2026-01-12 07:45:00+00:00,25744.0,25753.0,25742.25,25756.25
2026-01-12 08:00:00+00:00,25755.25,25754.75,25741.25,25731.75
2026-01-12 08:15:00+00:00,25741.5,25753.5,25731.0,25753.25
2026-01-12 08:30:00+00:00,25755.0,25750.0,25739.25,25740.0
2026-01-12 08:45:00+00:00,25748.0,25754.0,25742.25,25757.25
2026-01-12 09:00:00+00:00,25745.5,25742.75,25739.25,25746.0
2026-01-12 09:15:00+00:00,25745.0,25738.75,25728.25,25722.25
2026-01-12 09:30:00+00:00,25797.75,25870.75,25746.25,25876.0
2026-01-12 09:45:00+00:00,25869.5,25901.5,25851.5,25906.5
2026-01-12 10:00:00+00:00,25905.25,25888.0,25879.75,25904.25
2026-01-12 10:15:00+00:00,25907.0,25915.25,25895.25,25918.0
2026-01-12 10:30:00+00:00,25922.5,25899.75,25889.5,25890.25
2026-01-12 10:45:00+00:00,25887.5,25901.5,25887.5,25909.25
2026-01-12 11:00:00+00:00,25916.5,25926.5,25915.5,25929.75
2026-01-12 11:15:00+00:00,25952.75,25951.5,25936.25,25934.25
2026-01-12 11:30:00+00:00,25945.0,25940.5,25940.25,25936.0
2026-01-12 11:45:00+00:00,25933.5,25964.5,25925.25,25968.25
2026-01-12 12:00:00+00:00,25961.75,25965.0,25956.0,25965.5
2026-01-12 12:15:00+00:00,25970.5,25962.0,25954.0,25952.75
2026-01-12 12:30:00+00:00,25962.75,25956.5,25947.75,25956.5
2026-01-12 12:45:00+00:00,25963.5,25965.5,25959.0,25968.5
2026-01-12 13:00:00+00:00,25969.25,25982.5,25968.5,25983.75
2026-01-12 13:15:00+00:00,25985.75,25992.5,25978.5,25991.0
2026-01-12 13:30:00+00:00,25993.5,25990.0,25983.25,25980.25
2026-01-12 13:45:00+00:00,25982.75,25984.75,25976.75,25978.5
2026-01-12 14:00:00+00:00,25979.0,25976.0,25965.5,25980.5
2026-01-12 14:15:00+00:00,25983.25,25997.0,25981.25,25998.25
2026-01-12 14:30:00+00:00,26001.25,26008.75,25996.25,26008.0
2026-01-12 14:45:00+00:00,26010.0,26009.5,26006.5,26013.75
2026-01-12 15:00:00+00:00,26018.5,26012.5,26005.5,26004.0
2026-01-12 15:15:00+00:00,26003.0,25995.25,25988.75,25992.5
2026-01-12 15:30:00+00:00,25991.0,25987.75,25975.75,25975.25
2026-01-12 15:45:00+00:00,25979.75,25985.5,25964.5,25963.75
2026-01-12 16:00:00+00:00,25956.5,25957.0,25952.25,25955.25
2026-01-12 16:15:00+00:00,25959.25,25969.5,25955.25,25969.75
2026-01-12 16:30:00+00:00,25971.5,25966.75,25963.5,25965.5
2026-01-12 16:45:00+00:00,25967.75,25966.5,25935.0,25944.75
2026-01-12 18:00:00+00:00,25954.0,25936.75,25917.0,25931.5
2026-01-12 18:15:00+00:00,25937.25,25934.0,25930.0,25932.5
2026-01-12 18:30:00+00:00,25928.25,25926.25,25919.25,25919.5
2026-01-12 18:45:00+00:00,25919.0,25912.0,25899.5,25896.25
2026-01-12 19:00:00+00:00,25895.25,25891.5,25889.75,25889.0
2026-01-12 19:15:00+00:00,25892.0,25890.75,25886.75,25889.25
2026-01-12 19:30:00+00:00,25886.25,25881.5,25873.75,25876.0
2026-01-12 19:45:00+00:00,25880.0,25878.75,25874.75,25872.0
2026-01-12 20:00:00+00:00,25878.25,25876.25,25874.25,25874.0
2026-01-12 20:15:00+00:00,25874.5,25877.25,25873.75,25874.5
2026-01-12 20:30:00+00:00,25876.5,25871.5,25850.0,25848.0
2026-01-12 20:45:00+00:00,25854.0,25878.75,25853.5,25882.75
2026-01-12 21:00:00+00:00,25884.75,25892.25,25879.0,25893.5
2026-01-12 21:15:00+00:00,25897.0,25892.0,25877.25,25879.0
2026-01-12 21:30:00+00:00,25880.0,25885.0,25877.5,25885.5
2026-01-12 21:45:00+00:00,25888.25,25885.25,25876.75,25875.5
2026-01-12 22:00:00+00:00,25878.75,25882.5,25869.25,25885.25
2026-01-12 22:15:00+00:00,25887.5,25889.25,25883.25,25887.0
2026-01-12 22:30:00+00:00,25886.75,25883.25,25864.25,25868.0
2026-01-12 22:45:00+00:00,25867.75,25880.25,25867.75,25884.25
2026-01-12 23:00:00+00:00,25883.75,25882.0,25878.75,25877.0
2026-01-12 23:15:00+00:00,25878.0,25883.75,25877.5,25876.25
2026-01-12 23:30:00+00:00,25885.0,25883.75,25874.75,25876.5
2026-01-12 23:45:00+00:00,25873.0,25887.25,25872.5,25885.75
2026-01-13 00:00:00+00:00,25886.0,25884.25,25878.75,25877.5
2026-01-13 00:15:00+00:00,25884.5,25897.0,25883.0,25903.0
2026-01-13 00:30:00+00:00,25906.5,25901.0,25885.75,25892.0
2026-01-13 00:45:00+00:00,25899.0,25905.25,25897.5,25905.25
2026-01-13 01:00:00+00:00,25905.0,25911.75,25902.0,25913.25
2026-01-13 01:15:00+00:00,25915.75,25917.25,25912.25,25919.5
2026-01-13 01:30:00+00:00,25923.0,25919.5,25914.5,25917.0
2026-01-13 01:45:00+00:00,25918.0,25925.5,25916.0,25919.5
2026-01-13 02:00:00+00:00,25919.0,25918.5,25913.0,25914.0
2026-01-13 02:15:00+00:00,25925.25,25922.0,25912.5,25920.75
2026-01-13 02:30:00+00:00,25915.0,25917.25,25913.5,25918.0
2026-01-13 02:45:00+00:00,25920.75,25920.25,25917.0,25919.5
2026-01-13 03:00:00+00:00,25917.5,25916.0,25904.25,25905.0
2026-01-13 03:15:00+00:00,25907.0,25917.5,25901.75,25921.75
2026-01-13 03:30:00+00:00,25920.25,25916.25,25896.75,25913.0
2026-01-13 03:45:00+00:00,25915.5,25911.5,25906.0,25907.25
2026-01-13 04:00:00+00:00,25917.5,25923.25,25907.0,25926.5
2026-01-13 04:15:00+00:00,25931.25,25928.75,25927.5,25925.75
2026-01-13 04:30:00+00:00,25923.75,25923.0,25912.25,25907.25
2026-01-13 04:45:00+00:00,25899.0,25910.5,25898.0,25910.5
2026-01-13 05:00:00+00:00,25911.75,25909.25,25896.5,25893.0
2026-01-13 05:15:00+00:00,25879.25,25884.25,25878.5,25883.0
2026-01-13 05:30:00+00:00,25886.5,25892.25,25881.5,25882.25
2026-01-13 05:45:00+00:00,25884.0,25881.25,25878.0,25878.25
2026-01-13 06:00:00+00:00,25882.5,25893.5,25878.5,25887.25
2026-01-13 06:15:00+00:00,25884.75,25888.0,25883.0,25889.5
2026-01-13 06:30:00+00:00,25889.75,25881.0,25872.25,25883.5
2026-01-13 06:45:00+00:00,25881.75,25893.0,25875.0,25896.5
2026-01-13 07:00:00+00:00,25902.0,25901.25,25898.5,25902.5
2026-01-13 07:15:00+00:00,25910.5,25912.25,25904.0,25914.0
2026-01-13 07:30:00+00:00,25917.5,25915.0,25911.5,25915.5
2026-01-13 07:45:00+00:00,25917.0,25914.75,25892.75,25897.5
2026-01-13 08:00:00+00:00,25897.0,25902.0,25895.25,25901.25
2026-01-13 08:15:00+00:00,25902.0,25899.5,25890.5,25900.25
2026-01-13 08:30:00+00:00,26009.25,26004.25,25912.0,25991.0
2026-01-13 08:45:00+00:00,25991.75,25983.25,25960.0,25960.0
2026-01-13 09:00:00+00:00,25972.75,25967.25,25967.75,25966.0
2026-01-13 09:15:00+00:00,25972.5,25988.75,25971.0,25980.0
2026-01-13 09:30:00+00:00,25977.75,26012.25,25949.5,26021.5
2026-01-13 09:45:00+00:00,25996.0,25975.0,25965.5,25963.25
2026-01-13 10:00:00+00:00,25969.75,25940.0,25905.75,25911.75
2026-01-13 10:15:00+00:00,25914.5,25886.5,25829.0,25815.75
2026-01-13 10:30:00+00:00,25843.5,25858.75,25824.25,25836.5
2026-01-13 10:45:00+00:00,25845.75,25876.75,25832.25,25878.0
2026-01-13 11:00:00+00:00,25903.75,25898.75,25889.0,25906.0
2026-01-13 11:15:00+00:00,25914.5,25910.25,25896.25,25892.75
2026-01-13 11:30:00+00:00,25915.75,25956.25,25904.5,25973.75
2026-01-13 11:45:00+00:00,25979.0,26017.0,25972.5,26019.25
2026-01-13 12:00:00+00:00,26013.75,26012.0,26000.75,26003.0
2026-01-13 12:15:00+00:00,25996.0,25979.0,25946.75,25961.75
2026-01-13 12:30:00+00:00,25978.0,25966.5,25953.0,25951.5
2026-01-13 12:45:00+00:00,25932.5,25928.75,25881.25,25877.5
2026-01-13 13:00:00+00:00,25881.5,25871.75,25864.75,25891.5
2026-01-13 13:15:00+00:00,25910.75,25898.25,25878.75,25881.5
2026-01-13 13:30:00+00:00,25876.5,25894.25,25873.75,25880.25
2026-01-13 13:45:00+00:00,25879.25,25869.25,25836.0,25838.25
2026-01-13 14:00:00+00:00,25853.0,25839.0,25829.25,25830.0
2026-01-13 14:15:00+00:00,25841.75,25854.75,25830.5,25863.5
2026-01-13 14:30:00+00:00,25867.5,25867.0,25854.5,25869.5
2026-01-13 14:45:00+00:00,25858.5,25871.75,25847.5,25872.75
2026-01-13 15:00:00+00:00,25866.5,25856.25,25847.0,25843.75
2026-01-13 15:15:00+00:00,25850.0,25843.5,25835.5,25830.25
2026-01-13 15:30:00+00:00,25830.25,25833.25,25807.75,25844.75
2026-01-13 15:45:00+00:00,25845.0,25890.75,25844.5,25899.0
2026-01-13 16:00:00+00:00,25924.0,25920.5,25904.25,25910.5
2026-01-13 16:15:00+00:00,25911.25,25913.0,25910.25,25916.5
2026-01-13 16:30:00+00:00,25914.25,25912.5,25905.75,25900.25
2026-01-13 16:45:00+00:00,25899.0,25901.5,25898.0,25901.5
2026-01-13 18:00:00+00:00,25913.75,25909.75,25900.5,25893.5
2026-01-13 18:15:00+00:00,25902.0,25898.75,25895.75,25892.0
2026-01-13 18:30:00+00:00,25897.5,25896.75,25891.25,25897.5
2026-01-13 18:45:00+00:00,25896.75,25893.75,25891.75,25890.25
2026-01-13 19:00:00+00:00,25891.25,25915.0,25891.0,25921.5
2026-01-13 19:15:00+00:00,25918.75,25917.25,25914.25,25922.5
2026-01-13 19:30:00+00:00,25924.75,25918.0,25913.25,25908.5
2026-01-13 19:45:00+00:00,25916.75,25919.25,25913.0,25917.75
2026-01-13 20:00:00+00:00,25911.25,25910.25,25901.5,25899.5
2026-01-13 20:15:00+00:00,25907.75,25919.0,25903.75,25919.75
2026-01-13 20:30:00+00:00,25923.0,25917.0,25900.75,25899.5
2026-01-13 20:45:00+00:00,25901.25,25897.5,25886.0,25886.5
2026-01-13 21:00:00+00:00,25887.75,25888.5,25881.0,25889.25
2026-01-13 21:15:00+00:00,25890.75,25890.75,25882.0,25891.5
2026-01-13 21:30:00+00:00,25896.0,25891.75,25886.75,25891.0
2026-01-13 21:45:00+00:00,25888.5,25890.0,25888.25,25889.5
2026-01-13 22:00:00+00:00,25895.0,25905.5,25893.0,25908.25
2026-01-13 22:15:00+00:00,25913.75,25916.0,25911.75,25916.0
2026-01-13 22:30:00+00:00,25922.0,25922.0,25916.5,25925.25
2026-01-13 22:45:00+00:00,25921.5,25918.0,25915.5,25914.5
2026-01-13 23:00:00+00:00,25917.5,25912.75,25901.0,25902.0
2026-01-13 23:15:00+00:00,25901.5,25900.5,25897.75,25901.75
2026-01-13 23:30:00+00:00,25900.75,25896.75,25894.0,25892.0
2026-01-13 23:45:00+00:00,25892.0,25890.25,25877.0,25881.25
2026-01-14 00:00:00+00:00,25882.0,25878.5,25876.75,25875.5
2026-01-14 00:15:00+00:00,25875.5,25873.25,25864.0,25864.75
2026-01-14 00:30:00+00:00,25866.75,25868.0,25864.5,25867.25
2026-01-14 00:45:00+00:00,25864.25,25861.5,25857.25,25856.75
2026-01-14 01:00:00+00:00,25857.75,25850.25,25846.25,25858.0
2026-01-14 01:15:00+00:00,25854.0,25850.0,25846.25,25848.5
2026-01-14 01:30:00+00:00,25863.75,25853.5,25843.25,25856.5
2026-01-14 01:45:00+00:00,25858.5,25849.0,25845.5,25851.5
2026-01-14 02:00:00+00:00,25864.0,25858.5,25852.75,25860.25
2026-01-14 02:15:00+00:00,25859.75,25860.75,25855.0,25860.75
2026-01-14 02:30:00+00:00,25860.25,25864.0,25859.75,25865.75
2026-01-14 02:45:00+00:00,25868.5,25864.75,25856.75,25859.0
2026-01-14 03:00:00+00:00,25871.25,25867.5,25862.25,25868.25
2026-01-14 03:15:00+00:00,25863.5,25861.75,25860.25,25865.0
2026-01-14 03:30:00+00:00,25865.75,25856.5,25843.75,25844.25
2026-01-14 03:45:00+00:00,25854.5,25853.25,25846.0,25861.0
2026-01-14 04:00:00+00:00,25864.0,25868.0,25858.5,25870.5
2026-01-14 04:15:00+00:00,25876.25,25874.75,25872.75,25865.5
2026-01-14 04:30:00+00:00,25868.5,25865.0,25858.25,25857.25
2026-01-14 04:45:00+00:00,25855.5,25853.25,25848.25,25853.25
2026-01-14 05:00:00+00:00,25852.75,25846.5,25843.0,25839.5
2026-01-14 05:15:00+00:00,25834.5,25825.25,25767.75,25761.0
2026-01-14 05:30:00+00:00,25774.5,25762.25,25746.5,25756.25
2026-01-14 05:45:00+00:00,25754.0,25746.5,25727.0,25742.0
2026-01-14 06:00:00+00:00,25742.5,25736.75,25724.5,25738.25
2026-01-14 06:15:00+00:00,25741.5,25755.75,25737.75,25763.75
2026-01-14 06:30:00+00:00,25769.25,25760.0,25752.25,25749.75
2026-01-14 06:45:00+00:00,25748.5,25755.25,25746.5,25743.75
2026-01-14 07:00:00+00:00,25750.25,25738.25,25727.0,25743.5
2026-01-14 07:15:00+00:00,25753.25,25772.0,25750.75,25772.5
2026-01-14 07:30:00+00:00,25776.0,25781.5,25773.75,25778.5
2026-01-14 07:45:00+00:00,25780.75,25776.0,25773.0,25780.75
2026-01-14 08:00:00+00:00,25784.75,25777.0,25763.5,25774.25
2026-01-14 08:15:00+00:00,25767.5,25789.5,25765.75,25784.75
2026-01-14 08:30:00+00:00,25805.5,25770.75,25759.75,25767.75
2026-01-14 08:45:00+00:00,25753.5,25756.5,25745.5,25757.75
2026-01-14 09:00:00+00:00,25763.0,25757.75,25739.75,25744.25
2026-01-14 09:15:00+00:00,25753.25,25755.75,25748.25,25760.5
2026-01-14 09:30:00+00:00,25748.25,25713.5,25662.25,25656.0
2026-01-14 09:45:00+00:00,25654.5,25633.5,25620.5,25624.5
2026-01-14 10:00:00+00:00,25587.5,25605.25,25546.25,25637.5
2026-01-14 10:15:00+00:00,25692.5,25667.5,25652.75,25651.75
2026-01-14 10:30:00+00:00,25612.75,25603.25,25591.0,25599.25
2026-01-14 10:45:00+00:00,25570.5,25545.0,25484.25,25505.0
2026-01-14 11:00:00+00:00,25506.0,25508.75,25491.75,25511.75
2026-01-14 11:15:00+00:00,25511.0,25562.0,25499.75,25569.75
2026-01-14 11:30:00+00:00,25592.25,25570.0,25528.0,25518.5
2026-01-14 11:45:00+00:00,25514.25,25498.0,25449.75,25454.0
2026-01-14 12:00:00+00:00,25469.25,25493.5,25459.5,25497.75
2026-01-14 12:15:00+00:00,25495.0,25491.25,25454.0,25493.75
2026-01-14 12:30:00+00:00,25493.25,25471.25,25456.25,25462.75
2026-01-14 12:45:00+00:00,25496.25,25488.75,25443.0,25442.25
2026-01-14 13:00:00+00:00,25462.0,25478.25,25449.75,25483.75
2026-01-14 13:15:00+00:00,25490.5,25483.25,25477.75,25490.75
2026-01-14 13:30:00+00:00,25507.5,25488.5,25431.75,25451.25
2026-01-14 13:45:00+00:00,25472.5,25495.5,25464.0,25511.25
2026-01-14 14:00:00+00:00,25515.5,25499.25,25496.0,25504.75
2026-01-14 14:15:00+00:00,25508.0,25513.0,25497.25,25516.75
2026-01-14 14:30:00+00:00,25524.25,25519.0,25508.75,25521.25
2026-01-14 14:45:00+00:00,25513.0,25514.75,25506.0,25512.0
2026-01-14 15:00:00+00:00,25504.5,25568.75,25500.0,25555.0
2026-01-14 15:15:00+00:00,25560.25,25556.25,25532.0,25556.25
2026-01-14 15:30:00+00:00,25585.0,25618.0,25564.5,25618.5
2026-01-14 15:45:00+00:00,25591.0,25622.0,25583.0,25629.75
2026-01-14 16:00:00+00:00,25655.0,25646.0,25625.5,25628.5
2026-01-14 16:15:00+00:00,25635.0,25629.75,25622.0,25623.75
2026-01-14 16:30:00+00:00,25622.75,25619.75,25611.5,25617.0
2026-01-14 16:45:00+00:00,25622.0,25624.75,25607.25,25604.0
2026-01-14 18:00:00+00:00,25605.5,25605.0,25585.5,25595.75
2026-01-14 18:15:00+00:00,25603.25,25591.75,25566.0,25586.25
2026-01-14 18:30:00+00:00,25598.5,25602.0,25596.5,25593.0
2026-01-14 18:45:00+00:00,25595.0,25604.25,25591.0,25604.75
2026-01-14 19:00:00+00:00,25607.75,25600.75,25599.0,25605.0
2026-01-14 19:15:00+00:00,25603.25,25599.0,25595.25,25591.0
2026-01-14 19:30:00+00:00,25599.25,25597.25,25594.0,25596.75
2026-01-14 19:45:00+00:00,25610.75,25600.0,25591.75,25591.5
2026-01-14 20:00:00+00:00,25612.5,25632.5,25602.5,25627.25
2026-01-14 20:15:00+00:00,25621.25,25614.25,25607.5,25616.25
2026-01-14 20:30:00+00:00,25617.25,25609.0,25582.0,25617.0
2026-01-14 20:45:00+00:00,25609.25,25626.25,25606.25,25629.25
2026-01-14 21:00:00+00:00,25632.75,25626.0,25625.25,25625.0
2026-01-14 21:15:00+00:00,25634.25,25626.5,25611.0,25614.25
2026-01-14 21:30:00+00:00,25610.75,25606.75,25601.5,25609.75
2026-01-14 21:45:00+00:00,25607.25,25608.75,25600.0,25610.25
2026-01-14 22:00:00+00:00,25616.0,25621.0,25609.75,25620.75
2026-01-14 22:15:00+00:00,25615.75,25615.5,25605.0,25608.0
2026-01-14 22:30:00+00:00,25597.0,25606.75,25597.0,25606.75
2026-01-14 22:45:00+00:00,25601.25,25596.75,25583.0,25581.75
2026-01-14 23:00:00+00:00,25585.0,25585.75,25581.5,25592.0
2026-01-14 23:15:00+00:00,25595.25,25591.25,25579.75,25591.75
2026-01-14 23:30:00+00:00,25591.5,25586.5,25586.25,25580.75
2026-01-14 23:45:00+00:00,25585.0,25584.5,25573.25,25577.25
2026-01-15 00:00:00+00:00,25580.0,25606.5,25578.0,25612.5
2026-01-15 00:15:00+00:00,25614.5,25613.5,25607.5,25609.25
2026-01-15 00:30:00+00:00,25629.25,25627.0,25610.25,25629.25
2026-01-15 00:45:00+00:00,25641.25,25644.75,25628.75,25624.0
2026-01-15 01:00:00+00:00,25622.0,25648.0,25615.75,25654.25
2026-01-15 01:15:00+00:00,25691.75,25707.75,25645.25,25710.5
2026-01-15 01:30:00+00:00,25702.75,25702.0,25692.5,25702.75
2026-01-15 01:45:00+00:00,25722.25,25715.5,25708.0,25705.75
2026-01-15 02:00:00+00:00,25706.0,25695.75,25688.5,25693.0
2026-01-15 02:15:00+00:00,25697.5,25693.25,25679.25,25684.0
2026-01-15 02:30:00+00:00,25684.0,25693.25,25683.75,25688.25
2026-01-15 02:45:00+00:00,25688.25,25691.25,25682.75,25691.25
2026-01-15 03:00:00+00:00,25695.0,25727.75,25677.75,25728.75
2026-01-15 03:15:00+00:00,25731.25,25717.75,25709.5,25713.0
2026-01-15 03:30:00+00:00,25722.5,25724.0,25712.25,25726.25
2026-01-15 03:45:00+00:00,25733.75,25735.75,25722.25,25739.0
2026-01-15 04:00:00+00:00,25740.0,25767.75,25737.5,25771.75
2026-01-15 04:15:00+00:00,25777.25,25801.0,25777.25,25802.75
2026-01-15 04:30:00+00:00,25811.5,25824.75,25804.5,25830.0
2026-01-15 04:45:00+00:00,25829.25,25825.5,25812.5,25809.5
2026-01-15 05:00:00+00:00,25817.75,25822.75,25812.25,25824.25
2026-01-15 05:15:00+00:00,25826.0,25821.25,25801.0,25805.0
2026-01-15 05:30:00+00:00,25816.5,25816.5,25813.5,25821.0
2026-01-15 05:45:00+00:00,25824.5,25824.0,25813.75,25817.5
2026-01-15 06:00:00+00:00,25823.25,25837.75,25817.75,25838.25
2026-01-15 06:15:00+00:00,25845.75,25841.25,25835.75,25834.5
2026-01-15 06:30:00+00:00,25835.0,25844.5,25833.25,25846.25
2026-01-15 06:45:00+00:00,25844.5,25849.0,25838.0,25840.75
2026-01-15 07:00:00+00:00,25841.75,25834.25,25833.0,25836.0
2026-01-15 07:15:00+00:00,25835.75,25830.0,25818.75,25819.25
2026-01-15 07:30:00+00:00,25832.0,25823.25,25814.0,25826.0
2026-01-15 07:45:00+00:00,25836.0,25847.0,25833.0,25846.0
2026-01-15 08:00:00+00:00,25854.75,25862.5,25841.25,25864.5
2026-01-15 08:15:00+00:00,25865.0,25861.25,25857.25,25870.5
2026-01-15 08:30:00+00:00,25877.75,25887.25,25867.5,25889.75
2026-01-15 08:45:00+00:00,25897.0,25904.25,25893.5,25895.5
2026-01-15 09:00:00+00:00,25897.25,25909.75,25893.75,25908.0
2026-01-15 09:15:00+00:00,25902.0,25941.25,25900.25,25942.5
2026-01-15 09:30:00+00:00,25946.25,25900.0,25856.75,25888.75
2026-01-15 09:45:00+00:00,25952.75,25905.25,25865.0,25884.5
2026-01-15 10:00:00+00:00,25884.75,25864.25,25862.0,25876.25
2026-01-15 10:15:00+00:00,25880.75,25894.5,25870.5,25885.25
2026-01-15 10:30:00+00:00,25883.5,25910.5,25863.0,25888.0
2026-01-15 10:45:00+00:00,25859.0,25844.5,25820.0,25868.0
2026-01-15 11:00:00+00:00,25894.5,25903.25,25884.5,25902.75
2026-01-15 11:15:00+00:00,25897.75,25918.25,25895.0,25899.25
2026-01-15 11:30:00+00:00,25910.75,25907.5,25893.25,25911.0
2026-01-15 11:45:00+00:00,25918.25,25923.5,25904.5,25918.75
2026-01-15 12:00:00+00:00,25930.0,25933.5,25924.5,25927.5
2026-01-15 12:15:00+00:00,25912.0,25900.25,25897.5,25897.5
2026-01-15 12:30:00+00:00,25889.0,25875.75,25867.25,25874.0
2026-01-15 12:45:00+00:00,25888.0,25883.0,25869.75,25864.5
2026-01-15 13:00:00+00:00,25866.25,25891.25,25853.25,25878.0
2026-01-15 13:15:00+00:00,25884.5,25891.25,25877.5,25890.75
2026-01-15 13:30:00+00:00,25900.75,25899.5,25889.5,25897.5
2026-01-15 13:45:00+00:00,25899.0,25893.0,25884.25,25891.25
2026-01-15 14:00:00+00:00,25885.0,25870.5,25838.75,25841.0
2026-01-15 14:15:00+00:00,25839.5,25839.75,25800.75,25808.0
2026-01-15 14:30:00+00:00,25800.0,25782.5,25768.0,25787.0
2026-01-15 14:45:00+00:00,25791.0,25787.5,25750.25,25754.5
2026-01-15 15:00:00+00:00,25757.25,25759.5,25755.0,25757.75
2026-01-15 15:15:00+00:00,25751.25,25741.0,25697.5,25701.5
2026-01-15 15:30:00+00:00,25720.5,25708.0,25699.0,25719.5
2026-01-15 15:45:00+00:00,25718.25,25704.75,25700.5,25697.25
2026-01-15 16:00:00+00:00,25727.25,25718.5,25710.5,25706.5
2026-01-15 16:15:00+00:00,25706.75,25700.5,25696.5,25698.5
2026-01-15 16:30:00+00:00,25704.0,25703.0,25695.5,25704.5
2026-01-15 16:45:00+00:00,25706.25,25707.25,25705.25,25707.5
2026-01-15 18:00:00+00:00,25724.25,25713.5,25709.0,25715.75
2026-01-15 18:15:00+00:00,25729.25,25731.5,25721.75,25732.75
2026-01-15 18:30:00+00:00,25735.0,25732.5,25726.5,25728.25
2026-01-15 18:45:00+00:00,25733.0,25744.0,25732.75,25741.0
2026-01-15 19:00:00+00:00,25745.5,25738.5,25735.0,25746.75
2026-01-15 19:15:00+00:00,25740.25,25745.0,25738.0,25747.5
2026-01-15 19:30:00+00:00,25753.25,25752.5,25747.75,25753.25
2026-01-15 19:45:00+00:00,25758.0,25758.75,25754.25,25761.5
2026-01-15 20:00:00+00:00,25762.5,25769.25,25760.0,25768.25
2026-01-15 20:15:00+00:00,25760.25,25763.0,25757.5,25752.25
2026-01-15 20:30:00+00:00,25767.0,25776.5,25760.0,25773.5
2026-01-15 20:45:00+00:00,25772.25,25772.5,25770.5,25774.0
2026-01-15 21:00:00+00:00,25775.0,25782.75,25769.75,25783.0
2026-01-15 21:15:00+00:00,25786.25,25785.5,25782.5,25787.0
2026-01-15 21:30:00+00:00,25790.75,25793.25,25788.5,25791.25
2026-01-15 21:45:00+00:00,25790.75,25791.0,25787.25,25789.25
2026-01-15 22:00:00+00:00,25790.5,25792.0,25787.75,25792.25
2026-01-15 22:15:00+00:00,25791.0,25794.75,25791.0,25791.0
2026-01-15 22:30:00+00:00,25792.0,25793.25,25789.5,25791.0
2026-01-15 22:45:00+00:00,25789.5,25789.5,25787.5,25785.75
2026-01-15 23:00:00+00:00,25792.75,25787.25,25786.0,25788.0
2026-01-15 23:15:00+00:00,25796.75,25805.75,25792.75,25800.75
2026-01-15 23:30:00+00:00,25802.25,25800.5,25797.5,25799.5
2026-01-15 23:45:00+00:00,25802.25,25807.0,25799.5,25807.75
2026-01-16 00:00:00+00:00,25810.5,25809.75,25808.5,25807.25
2026-01-16 00:15:00+00:00,25807.25,25817.75,25805.5,25818.5
2026-01-16 00:30:00+00:00,25820.0,25817.0,25807.0,25804.5
2026-01-16 00:45:00+00:00,25810.25,25809.5,25806.25,25806.0
2026-01-16 01:00:00+00:00,25808.25,25809.75,25804.25,25810.5
2026-01-16 01:15:00+00:00,25813.0,25817.5,25811.5,25817.25
2026-01-16 01:30:00+00:00,25815.75,25817.0,25812.5,25817.75
2026-01-16 01:45:00+00:00,25819.75,25824.5,25817.25,25824.5
2026-01-16 02:00:00+00:00,25827.5,25823.5,25818.25,25822.75
2026-01-16 02:15:00+00:00,25820.75,25824.0,25819.25,25826.0
2026-01-16 02:30:00+00:00,25823.0,25820.75,25811.5,25817.25
2026-01-16 02:45:00+00:00,25829.5,25834.75,25824.25,25835.0
2026-01-16 03:00:00+00:00,25834.0,25841.5,25823.5,25829.25
2026-01-16 03:15:00+00:00,25830.75,25832.0,25813.25,25819.0
2026-01-16 03:30:00+00:00,25821.0,25816.5,25803.0,25808.75
2026-01-16 03:45:00+00:00,25812.25,25829.0,25809.5,25817.75
2026-01-16 04:00:00+00:00,25824.75,25835.25,25816.25,25833.5
2026-01-16 04:15:00+00:00,25833.75,25830.25,25812.0,25832.0
2026-01-16 04:30:00+00:00,25842.5,25838.5,25826.75,25826.75
2026-01-16 04:45:00+00:00,25828.25,25825.5,25820.25,25816.0
2026-01-16 05:00:00+00:00,25820.75,25826.5,25810.25,25828.5
2026-01-16 05:15:00+00:00,25826.75,25835.5,25826.5,25841.75
2026-01-16 05:30:00+00:00,25846.5,25851.5,25837.5,25853.0
2026-01-16 05:45:00+00:00,25859.75,25859.25,25850.75,25852.0
2026-01-16 06:00:00+00:00,25858.75,25857.75,25851.75,25862.25
2026-01-16 06:15:00+00:00,25863.0,25864.5,25862.25,25863.75
2026-01-16 06:30:00+00:00,25868.5,25865.25,25857.25,25855.0
2026-01-16 06:45:00+00:00,25853.75,25842.5,25835.0,25833.0
2026-01-16 07:00:00+00:00,25833.5,25838.0,25832.75,25836.0
2026-01-16 07:15:00+00:00,25839.5,25837.0,25827.0,25834.5
2026-01-16 07:30:00+00:00,25834.25,25836.5,25826.25,25839.25
2026-01-16 07:45:00+00:00,25849.75,25844.0,25815.5,25816.5
2026-01-16 08:00:00+00:00,25831.25,25827.0,25818.0,25821.75
2026-01-16 08:15:00+00:00,25823.25,25823.25,25807.0,25823.25
2026-01-16 08:30:00+00:00,25838.0,25829.5,25812.5,25823.5
2026-01-16 08:45:00+00:00,25828.5,25829.0,25822.75,25832.5
2026-01-16 09:00:00+00:00,25833.75,25835.5,25826.0,25838.5
2026-01-16 09:15:00+00:00,25840.0,25850.5,25839.25,25853.0
2026-01-16 09:30:00+00:00,25885.0,25858.0,25842.25,25836.0
2026-01-16 09:45:00+00:00,25842.75,25820.0,25752.75,25748.75
2026-01-16 10:00:00+00:00,25736.25,25751.25,25725.25,25732.5
2026-01-16 10:15:00+00:00,25729.5,25718.5,25686.25,25694.25
2026-01-16 10:30:00+00:00,25674.75,25657.5,25607.25,25593.0
2026-01-16 10:45:00+00:00,25625.5,25644.5,25608.5,25671.25
2026-01-16 11:00:00+00:00,25692.25,25681.75,25671.25,25691.5
2026-01-16 11:15:00+00:00,25692.75,25704.0,25690.0,25708.25
2026-01-16 11:30:00+00:00,25733.0,25733.0,25717.0,25738.5
2026-01-16 11:45:00+00:00,25752.75,25737.0,25693.25,25713.0
2026-01-16 12:00:00+00:00,25718.25,25710.25,25702.5,25715.25
2026-01-16 12:15:00+00:00,25712.5,25705.75,25704.25,25709.25
2026-01-16 12:30:00+00:00,25703.5,25702.5,25688.5,25698.0
2026-01-16 12:45:00+00:00,25700.5,25689.25,25681.0,25674.25
2026-01-16 13:00:00+00:00,25675.5,25693.0,25660.75,25696.5
2026-01-16 13:15:00+00:00,25701.75,25720.25,25693.25,25715.75
2026-01-16 13:30:00+00:00,25722.25,25721.75,25712.75,25718.25
2026-01-16 13:45:00+00:00,25724.75,25719.0,25718.0,25715.75
2026-01-16 14:00:00+00:00,25721.75,25741.5,25716.25,25710.25
2026-01-16 14:15:00+00:00,25697.75,25692.25,25679.5,25677.5
2026-01-16 14:30:00+00:00,25694.75,25712.75,25681.75,25720.0
2026-01-16 14:45:00+00:00,25715.75,25726.25,25709.5,25727.5
2026-01-16 15:00:00+00:00,25716.25,25716.0,25710.5,25719.75
2026-01-16 15:15:00+00:00,25725.25,25719.25,25715.25,25724.0
2026-01-16 15:30:00+00:00,25711.25,25711.25,25699.75,25709.0
2026-01-16 15:45:00+00:00,25708.75,25701.5,25691.0,25694.0
2026-01-16 16:00:00+00:00,25702.25,25686.0,25676.75,25679.0
2026-01-16 16:15:00+00:00,25684.0,25682.75,25679.25,25685.75
2026-01-16 16:30:00+00:00,25686.0,25682.75,25680.5,25680.5
2026-01-16 16:45:00+00:00,25686.5,25684.0,25682.0,25682.75
2026-01-18 18:00:00+00:00,25472.0,25440.0,25424.0,25442.25
2026-01-18 18:15:00+00:00,25440.75,25429.0,25413.75,25438.5
2026-01-18 18:30:00+00:00,25447.75,25443.25,25440.0,25433.5
2026-01-18 18:45:00+00:00,25442.0,25448.5,25428.0,25457.0
2026-01-18 19:00:00+00:00,25470.0,25460.0,25440.25,25433.25
2026-01-18 19:15:00+00:00,25427.25,25409.25,25397.5,25395.75
2026-01-18 19:30:00+00:00,25393.75,25436.5,25388.0,25441.25
2026-01-18 19:45:00+00:00,25437.75,25437.25,25430.75,25429.75
2026-01-18 20:00:00+00:00,25432.25,25428.25,25412.0,25433.75
2026-01-18 20:15:00+00:00,25446.0,25434.25,25403.0,25405.75
2026-01-18 20:30:00+00:00,25417.0,25415.75,25408.0,25410.25
2026-01-18 20:45:00+00:00,25410.5,25400.75,25395.5,25395.75
2026-01-18 21:00:00+00:00,25424.75,25404.75,25396.25,25409.0
2026-01-18 21:15:00+00:00,25416.0,25415.5,25411.5,25413.75
2026-01-18 21:30:00+00:00,25414.0,25412.25,25411.5,25410.5
2026-01-18 21:45:00+00:00,25419.5,25414.0,25409.0,25414.75
2026-01-18 22:00:00+00:00,25418.25,25414.75,25399.25,25402.5
2026-01-18 22:15:00+00:00,25408.5,25401.75,25377.75,25382.25
2026-01-18 22:30:00+00:00,25389.75,25389.25,25377.75,25389.5
2026-01-18 22:45:00+00:00,25388.5,25386.75,25370.5,25390.5
2026-01-18 23:00:00+00:00,25390.5,25388.75,25373.0,25374.5
2026-01-18 23:15:00+00:00,25381.75,25380.0,25374.5,25381.25
2026-01-18 23:30:00+00:00,25390.25,25391.5,25388.75,25393.25
2026-01-18 23:45:00+00:00,25390.5,25388.5,25382.75,25381.25
2026-01-19 00:00:00+00:00,25381.0,25385.5,25380.0,25386.25
2026-01-19 00:15:00+00:00,25382.5,25408.5,25377.75,25411.75
2026-01-19 00:30:00+00:00,25419.0,25413.0,25402.25,25404.0
2026-01-19 00:45:00+00:00,25405.0,25399.75,25396.5,25396.25
2026-01-19 01:00:00+00:00,25397.5,25406.0,25393.25,25408.75
2026-01-19 01:15:00+00:00,25409.25,25406.5,25396.75,25400.75
2026-01-19 01:30:00+00:00,25409.25,25409.75,25396.5,25398.5
2026-01-19 01:45:00+00:00,25405.75,25409.25,25392.25,25390.0
2026-01-19 02:00:00+00:00,25386.75,25381.5,25366.75,25375.5
2026-01-19 02:15:00+00:00,25385.25,25376.0,25367.25,25364.5
2026-01-19 02:30:00+00:00,25363.25,25355.5,25336.25,25344.75
2026-01-19 02:45:00+00:00,25336.75,25344.25,25327.75,25344.0
2026-01-19 03:00:00+00:00,25369.75,25360.0,25350.25,25357.75
2026-01-19 03:15:00+00:00,25358.5,25398.25,25356.25,25399.25
2026-01-19 03:30:00+00:00,25388.0,25404.0,25382.25,25388.0
2026-01-19 03:45:00+00:00,25381.5,25388.5,25379.0,25389.5
2026-01-19 04:00:00+00:00,25396.0,25390.5,25358.5,25365.25
2026-01-19 04:15:00+00:00,25349.25,25344.75,25325.25,25333.25
2026-01-19 04:30:00+00:00,25335.75,25323.5,25281.0,25278.75
2026-01-19 04:45:00+00:00,25295.0,25298.75,25279.0,25282.5
2026-01-19 05:00:00+00:00,25282.25,25290.25,25262.0,25294.5
2026-01-19 05:15:00+00:00,25306.75,25308.25,25297.0,25311.75
2026-01-19 05:30:00+00:00,25309.0,25297.0,25279.25,25278.0
2026-01-19 05:45:00+00:00,25276.25,25285.75,25274.25,25282.5
2026-01-19 06:00:00+00:00,25272.5,25271.75,25265.75,25275.5
2026-01-19 06:15:00+00:00,25286.25,25309.5,25282.0,25312.5
2026-01-19 06:30:00+00:00,25317.75,25309.5,25297.25,25297.0
2026-01-19 06:45:00+00:00,25296.75,25293.0,25284.5,25287.0
2026-01-19 07:00:00+00:00,25290.25,25290.25,25276.75,25293.5
2026-01-19 07:15:00+00:00,25294.0,25300.5,25292.25,25304.25
2026-01-19 07:30:00+00:00,25310.0,25334.75,25301.25,25339.75
2026-01-19 07:45:00+00:00,25348.25,25335.75,25328.75,25331.75
2026-01-19 08:00:00+00:00,25331.0,25332.0,25327.0,25332.75
2026-01-19 08:15:00+00:00,25321.0,25310.5,25290.0,25310.25
2026-01-19 08:30:00+00:00,25301.25,25321.25,25299.0,25329.5
2026-01-19 08:45:00+00:00,25323.0,25327.0,25318.75,25327.5
2026-01-19 09:00:00+00:00,25343.0,25316.25,25310.25,25311.0
2026-01-19 09:15:00+00:00,25314.0,25306.0,25292.0,25285.25
2026-01-19 09:30:00+00:00,25297.0,25280.0,25250.75,25247.25
2026-01-19 09:45:00+00:00,25248.0,25300.75,25245.75,25308.25
2026-01-19 10:00:00+00:00,25322.5,25336.25,25316.0,25315.75
2026-01-19 10:15:00+00:00,25328.25,25320.25,25292.75,25325.75
2026-01-19 10:30:00+00:00,25321.5,25320.75,25309.75,25322.0
2026-01-19 10:45:00+00:00,25327.75,25322.5,25307.0,25318.75
2026-01-19 11:00:00+00:00,25336.0,25365.5,25325.0,25373.25
2026-01-19 11:15:00+00:00,25383.5,25375.0,25340.75,25338.5
2026-01-19 11:30:00+00:00,25347.5,25368.0,25335.75,25369.25
2026-01-19 11:45:00+00:00,25378.5,25377.75,25371.25,25376.75
2026-01-19 12:00:00+00:00,25379.75,25388.75,25376.75,25393.5
2026-01-19 12:15:00+00:00,25392.0,25405.5,25388.5,25406.5
2026-01-19 12:30:00+00:00,25413.75,25406.25,25395.0,25395.75
2026-01-19 12:45:00+00:00,25417.25,25407.5,25402.25,25403.5
2026-01-19 18:00:00+00:00,25404.75,25385.75,25374.25,25374.25
2026-01-19 18:15:00+00:00,25379.75,25383.75,25374.75,25379.5
2026-01-19 18:30:00+00:00,25400.0,25395.25,25388.75,25391.75
2026-01-19 18:45:00+00:00,25387.75,25386.25,25378.0,25380.25
2026-01-19 19:00:00+00:00,25381.25,25364.75,25356.75,25357.75
2026-01-19 19:15:00+00:00,25348.75,25343.75,25331.25,25327.5
2026-01-19 19:30:00+00:00,25344.75,25389.25,25332.5,25392.0
2026-01-19 19:45:00+00:00,25401.75,25395.5,25387.0,25386.5
2026-01-19 20:00:00+00:00,25387.25,25384.5,25362.25,25379.0
2026-01-19 20:15:00+00:00,25398.25,25414.25,25392.5,25421.75
2026-01-19 20:30:00+00:00,25421.25,25418.0,25414.5,25417.5
2026-01-19 20:45:00+00:00,25419.75,25426.5,25418.0,25421.0
2026-01-19 21:00:00+00:00,25422.25,25431.25,25415.75,25424.25
2026-01-19 21:15:00+00:00,25418.0,25411.75,25392.75,25397.5
2026-01-19 21:30:00+00:00,25418.0,25426.25,25409.0,25429.0
2026-01-19 21:45:00+00:00,25431.75,25429.5,25427.5,25426.0
2026-01-19 22:00:00+00:00,25427.0,25428.0,25417.0,25429.75
2026-01-19 22:15:00+00:00,25427.25,25426.75,25418.25,25419.5
2026-01-19 22:30:00+00:00,25417.25,25415.25,25408.5,25407.0
2026-01-19 22:45:00+00:00,25417.0,25416.0,25404.5,25412.0
2026-01-19 23:00:00+00:00,25409.75,25406.5,25396.75,25399.0
2026-01-19 23:15:00+00:00,25397.75,25400.75,25397.0,25402.25
2026-01-19 23:30:00+00:00,25406.75,25406.5,25401.25,25403.0
2026-01-19 23:45:00+00:00,25398.5,25394.0,25384.25,25381.0
2026-01-20 00:00:00+00:00,25380.25,25388.5,25374.25,25389.0
2026-01-20 00:15:00+00:00,25385.25,25394.25,25382.0,25411.75
2026-01-20 00:30:00+00:00,25412.0,25407.75,25383.75,25380.25
2026-01-20 00:45:00+00:00,25391.75,25392.75,25384.25,25388.0
2026-01-20 01:00:00+00:00,25384.5,25385.5,25350.75,25351.25
2026-01-20 01:15:00+00:00,25352.75,25334.75,25312.75,25306.25
2026-01-20 01:30:00+00:00,25315.5,25299.5,25278.25,25289.5
2026-01-20 01:45:00+00:00,25299.0,25297.25,25264.0,25310.0
2026-01-20 02:00:00+00:00,25320.0,25309.75,25299.0,25302.5
2026-01-20 02:15:00+00:00,25294.25,25285.25,25272.5,25287.0
2026-01-20 02:30:00+00:00,25297.0,25286.5,25278.25,25284.75
2026-01-20 02:45:00+00:00,25273.75,25284.0,25271.25,25285.0
2026-01-20 03:00:00+00:00,25288.25,25268.25,25251.25,25276.25
2026-01-20 03:15:00+00:00,25264.25,25252.0,25235.0,25233.0
2026-01-20 03:30:00+00:00,25235.75,25218.5,25175.75,25182.75
2026-01-20 03:45:00+00:00,25217.0,25213.75,25202.5,25204.75
2026-01-20 04:00:00+00:00,25220.25,25201.75,25179.0,25192.0
2026-01-20 04:15:00+00:00,25183.5,25171.5,25139.0,25138.25
2026-01-20 04:30:00+00:00,25144.5,25128.75,25104.5,25112.75
2026-01-20 04:45:00+00:00,25134.5,25128.0,25112.75,25130.0
2026-01-20 05:00:00+00:00,25142.25,25144.25,25127.0,25151.75
2026-01-20 05:15:00+00:00,25170.25,25197.75,25163.75,25199.5
2026-01-20 05:30:00+00:00,25204.0,25183.0,25171.25,25172.0
2026-01-20 05:45:00+00:00,25195.5,25187.75,25179.0,25185.25
2026-01-20 06:00:00+00:00,25191.0,25205.0,25174.75,25200.75
2026-01-20 06:15:00+00:00,25204.0,25205.75,25178.75,25207.5
2026-01-20 06:30:00+00:00,25204.75,25199.5,25182.0,25191.5
2026-01-20 06:45:00+00:00,25201.0,25211.5,25190.0,25216.75
2026-01-20 07:00:00+00:00,25220.5,25233.25,25204.75,25244.75
2026-01-20 07:15:00+00:00,25255.0,25245.5,25222.0,25241.25
2026-01-20 07:30:00+00:00,25234.0,25258.5,25233.5,25264.75
2026-01-20 07:45:00+00:00,25279.75,25274.25,25255.0,25258.75
2026-01-20 08:00:00+00:00,25269.75,25258.5,25241.0,25242.0
2026-01-20 08:15:00+00:00,25231.5,25255.5,25226.5,25261.0
2026-01-20 08:30:00+00:00,25251.0,25240.25,25201.5,25215.25
2026-01-20 08:45:00+00:00,25221.5,25217.0,25212.75,25217.25
2026-01-20 09:00:00+00:00,25232.0,25232.25,25211.75,25230.25
2026-01-20 09:15:00+00:00,25239.25,25232.25,25203.25,25207.75
2026-01-20 09:30:00+00:00,25316.5,25299.75,25243.5,25306.5
2026-01-20 09:45:00+00:00,25334.25,25328.75,25270.25,25329.25
2026-01-20 10:00:00+00:00,25333.0,25300.25,25270.0,25282.75
2026-01-20 10:15:00+00:00,25294.25,25340.25,25267.75,25349.5
2026-01-20 10:30:00+00:00,25364.75,25393.0,25361.75,25395.25
2026-01-20 10:45:00+00:00,25392.75,25378.0,25321.5,25324.75
2026-01-20 11:00:00+00:00,25381.5,25407.0,25363.0,25408.5
2026-01-20 11:15:00+00:00,25398.5,25381.0,25352.25,25365.5
2026-01-20 11:30:00+00:00,25404.25,25409.0,25379.75,25366.5
2026-01-20 11:45:00+00:00,25361.25,25381.5,25344.25,25403.0
2026-01-20 12:00:00+00:00,25400.0,25392.5,25363.25,25365.5
2026-01-20 12:15:00+00:00,25371.25,25359.0,25338.25,25340.25
2026-01-20 12:30:00+00:00,25339.0,25316.75,25303.25,25312.75
2026-01-20 12:45:00+00:00,25293.0,25292.25,25267.0,25293.25
2026-01-20 13:00:00+00:00,25298.25,25290.0,25281.0,25281.25
2026-01-20 13:15:00+00:00,25284.5,25274.75,25252.75,25252.5
2026-01-20 13:30:00+00:00,25256.0,25240.75,25220.25,25214.75
2026-01-20 13:45:00+00:00,25217.5,25207.25,25179.5,25209.0
2026-01-20 14:00:00+00:00,25225.0,25205.25,25186.5,25190.0
2026-01-20 14:15:00+00:00,25193.75,25184.25,25158.25,25157.5
2026-01-20 14:30:00+00:00,25162.25,25155.25,25137.0,25159.75
2026-01-20 14:45:00+00:00,25154.0,25167.5,25149.25,25164.25
2026-01-20 15:00:00+00:00,25169.25,25155.75,25144.5,25142.0
2026-01-20 15:15:00+00:00,25128.25,25132.25,25122.0,25126.75
2026-01-20 15:30:00+00:00,25138.25,25130.5,25117.25,25110.75
2026-01-20 15:45:00+00:00,25126.25,25128.5,25113.0,25132.25
2026-01-20 16:00:00+00:00,25153.25,25148.0,25141.5,25152.75
2026-01-20 16:15:00+00:00,25165.5,25160.25,25144.0,25144.0
2026-01-20 16:30:00+00:00,25143.5,25140.25,25124.25,25133.25
2026-01-20 16:45:00+00:00,25137.25,25141.5,25133.25,25142.75
2026-01-20 18:00:00+00:00,25155.5,25160.0,25149.5,25157.75
2026-01-20 18:15:00+00:00,25162.5,25158.5,25153.25,25152.75
2026-01-20 18:30:00+00:00,25157.25,25158.25,25152.5,25159.25
2026-01-20 18:45:00+00:00,25161.5,25155.0,25111.5,25113.5
2026-01-20 19:00:00+00:00,25128.5,25138.75,25117.25,25142.75
2026-01-20 19:15:00+00:00,25143.25,25152.25,25141.25,25154.25
2026-01-20 19:30:00+00:00,25158.0,25174.75,25157.75,25174.5
2026-01-20 19:45:00+00:00,25176.0,25181.25,25173.25,25181.0
2026-01-20 20:00:00+00:00,25182.5,25192.0,25179.0,25195.75
2026-01-20 20:15:00+00:00,25202.75,25213.25,25200.25,25213.5
2026-01-20 20:30:00+00:00,25212.25,25212.0,25204.25,25216.0
2026-01-20 20:45:00+00:00,25213.5,25210.0,25208.25,25207.5
2026-01-20 21:00:00+00:00,25207.75,25203.0,25196.5,25206.75
2026-01-20 21:15:00+00:00,25209.0,25202.25,25184.0,25179.0
2026-01-20 21:30:00+00:00,25183.0,25182.25,25175.0,25187.75
2026-01-20 21:45:00+00:00,25187.75,25185.5,25184.5,25187.5
2026-01-20 22:00:00+00:00,25184.25,25199.0,25179.75,25199.25
2026-01-20 22:15:00+00:00,25205.75,25220.5,25204.75,25220.25
2026-01-20 22:30:00+00:00,25223.25,25219.0,25217.0,25215.5
2026-01-20 22:45:00+00:00,25204.25,25204.0,25195.75,25195.5
2026-01-20 23:00:00+00:00,25200.25,25204.5,25196.75,25204.25
2026-01-20 23:15:00+00:00,25196.5,25206.5,25196.5,25205.0
2026-01-20 23:30:00+00:00,25206.75,25207.0,25203.25,25199.5
2026-01-20 23:45:00+00:00,25203.0,25202.75,25200.5,25199.5
2026-01-21 00:00:00+00:00,25198.0,25211.75,25196.0,25217.25
2026-01-21 00:15:00+00:00,25218.5,25213.75,25200.75,25205.5
2026-01-21 00:30:00+00:00,25217.25,25222.0,25210.0,25223.0
2026-01-21 00:45:00+00:00,25225.25,25219.5,25218.25,25222.0
2026-01-21 01:00:00+00:00,25220.0,25225.25,25213.0,25227.75
2026-01-21 01:15:00+00:00,25228.0,25225.25,25213.5,25217.0
2026-01-21 01:30:00+00:00,25223.5,25225.25,25216.75,25220.0
2026-01-21 01:45:00+00:00,25215.5,25210.75,25191.75,25199.0
2026-01-21 02:00:00+00:00,25203.25,25223.0,25196.25,25225.75
2026-01-21 02:15:00+00:00,25240.0,25242.25,25233.75,25240.25
2026-01-21 02:30:00+00:00,25240.75,25238.25,25234.75,25233.75
2026-01-21 02:45:00+00:00,25231.25,25227.0,25209.25,25215.5
2026-01-21 03:00:00+00:00,25223.25,25207.75,25206.75,25206.75
2026-01-21 03:15:00+00:00,25211.25,25217.5,25198.25,25229.25
2026-01-21 03:30:00+00:00,25222.5,25223.25,25213.5,25223.75
2026-01-21 03:45:00+00:00,25228.25,25222.75,25212.25,25212.0
2026-01-21 04:00:00+00:00,25213.75,25213.0,25198.5,25203.75
2026-01-21 04:15:00+00:00,25212.25,25208.75,25188.25,25197.0
2026-01-21 04:30:00+00:00,25196.25,25191.75,25185.75,25184.5
2026-01-21 04:45:00+00:00,25176.0,25167.0,25143.25,25144.0
2026-01-21 05:00:00+00:00,25136.5,25152.75,25129.5,25150.75
2026-01-21 05:15:00+00:00,25170.0,25169.0,25159.75,25176.5
2026-01-21 05:30:00+00:00,25181.5,25181.5,25175.25,25182.5
2026-01-21 05:45:00+00:00,25188.0,25182.75,25153.75,25153.25
2026-01-21 06:00:00+00:00,25153.25,25147.0,25138.25,25144.75
2026-01-21 06:15:00+00:00,25145.75,25150.75,25138.25,25151.25
2026-01-21 06:30:00+00:00,25150.75,25143.0,25115.25,25110.75
2026-01-21 06:45:00+00:00,25119.0,25110.75,25052.25,25050.25
2026-01-21 07:00:00+00:00,25054.0,25056.0,25047.0,25045.75
2026-01-21 07:15:00+00:00,25061.0,25082.25,25059.5,25076.5
2026-01-21 07:30:00+00:00,25072.75,25060.25,25043.75,25046.25
2026-01-21 07:45:00+00:00,25060.0,25079.75,25038.75,25084.25
2026-01-21 08:00:00+00:00,25089.25,25101.75,25077.5,25106.0
2026-01-21 08:15:00+00:00,25100.5,25091.75,25077.0,25082.75
2026-01-21 08:30:00+00:00,25078.0,25068.5,25051.0,25047.25
2026-01-21 08:45:00+00:00,25058.25,25108.0,25049.25,25110.5
2026-01-21 09:00:00+00:00,25105.5,25177.25,25083.0,25192.5
2026-01-21 09:15:00+00:00,25208.0,25234.0,25196.5,25222.0
2026-01-21 09:30:00+00:00,25216.5,25172.25,25135.25,25160.0
2026-01-21 09:45:00+00:00,25218.25,25298.0,25201.0,25317.75
2026-01-21 10:00:00+00:00,25342.25,25322.0,25313.75,25321.25
2026-01-21 10:15:00+00:00,25346.0,25348.5,25328.5,25363.0
2026-01-21 10:30:00+00:00,25392.25,25451.75,25380.0,25457.0
2026-01-21 10:45:00+00:00,25469.5,25482.25,25452.0,25474.5
2026-01-21 11:00:00+00:00,25477.75,25478.75,25457.25,25492.25
2026-01-21 11:15:00+00:00,25468.5,25456.5,25450.25,25448.5
2026-01-21 11:30:00+00:00,25460.25,25440.5,25326.5,25340.75
2026-01-21 11:45:00+00:00,25295.75,25281.25,25243.25,25237.75
2026-01-21 12:00:00+00:00,25251.5,25239.0,25194.0,25167.75
2026-01-21 12:15:00+00:00,25171.0,25206.75,25154.75,25204.75
2026-01-21 12:30:00+00:00,25207.0,25191.5,25184.5,25196.25
2026-01-21 12:45:00+00:00,25187.5,25226.25,25182.25,25246.75
2026-01-21 13:00:00+00:00,25251.5,25225.0,25167.5,25247.0
2026-01-21 13:15:00+00:00,25236.75,25220.25,25192.0,25220.75
2026-01-21 13:30:00+00:00,25243.25,25241.25,25216.75,25222.25
2026-01-21 13:45:00+00:00,25222.5,25279.25,25219.5,25261.25
2026-01-21 14:00:00+00:00,25286.25,25274.25,25241.5,25245.25
2026-01-21 14:15:00+00:00,25244.5,25263.25,25242.0,25364.25
2026-01-21 14:30:00+00:00,25482.25,25520.5,25430.25,25556.25
2026-01-21 14:45:00+00:00,25589.0,25620.0,25557.75,25629.75
2026-01-21 15:00:00+00:00,25653.5,25617.5,25587.0,25600.25
2026-01-21 15:15:00+00:00,25593.0,25566.5,25522.5,25516.0
2026-01-21 15:30:00+00:00,25486.75,25499.5,25465.5,25486.5
2026-01-21 15:45:00+00:00,25491.25,25478.25,25464.75,25462.0
2026-01-21 16:00:00+00:00,25496.0,25504.75,25471.75,25508.0
2026-01-21 16:15:00+00:00,25525.5,25524.25,25509.75,25506.5
2026-01-21 16:30:00+00:00,25515.0,25511.0,25507.0,25513.25
2026-01-21 16:45:00+00:00,25513.25,25509.0,25502.25,25504.0
2026-01-21 18:00:00+00:00,25554.0,25557.75,25529.5,25546.5
2026-01-21 18:15:00+00:00,25555.0,25550.0,25545.25,25557.0
2026-01-21 18:30:00+00:00,25557.75,25545.0,25524.0,25532.25
2026-01-21 18:45:00+00:00,25546.0,25551.0,25539.5,25554.5
2026-01-21 19:00:00+00:00,25557.5,25563.0,25547.5,25563.5
2026-01-21 19:15:00+00:00,25567.75,25569.5,25566.0,25572.5
2026-01-21 19:30:00+00:00,25573.0,25571.25,25549.0,25561.75
2026-01-21 19:45:00+00:00,25563.25,25561.5,25555.0,25558.25
2026-01-21 20:00:00+00:00,25564.25,25556.25,25555.25,25557.75
2026-01-21 20:15:00+00:00,25568.5,25581.75,25563.75,25586.5
2026-01-21 20:30:00+00:00,25591.25,25594.25,25589.25,25596.0
2026-01-21 20:45:00+00:00,25598.25,25596.5,25589.75,25598.75
2026-01-21 21:00:00+00:00,25597.75,25597.75,25595.25,25599.0
2026-01-21 21:15:00+00:00,25594.75,25590.5,25586.75,25579.25
2026-01-21 21:30:00+00:00,25583.75,25577.0,25572.25,25572.25
2026-01-21 21:45:00+00:00,25568.75,25572.25,25566.25,25572.5
2026-01-21 22:00:00+00:00,25570.5,25590.0,25568.25,25589.0
2026-01-21 22:15:00+00:00,25583.0,25589.5,25581.0,25585.75
2026-01-21 22:30:00+00:00,25586.25,25583.75,25576.75,25580.75
2026-01-21 22:45:00+00:00,25580.0,25586.0,25579.25,25588.75
2026-01-21 23:00:00+00:00,25589.75,25586.5,25584.0,25583.75
2026-01-21 23:15:00+00:00,25582.0,25573.25,25569.75,25573.25
2026-01-21 23:30:00+00:00,25577.25,25577.5,25569.75,25568.5
2026-01-21 23:45:00+00:00,25571.75,25573.5,25568.5,25574.25
2026-01-22 00:00:00+00:00,25576.0,25570.75,25566.25,25563.75
2026-01-22 00:15:00+00:00,25567.5,25565.75,25565.25,25567.25
2026-01-22 00:30:00+00:00,25567.25,25565.0,25545.0,25547.0
2026-01-22 00:45:00+00:00,25551.0,25544.0,25531.0,25530.75
2026-01-22 01:00:00+00:00,25543.0,25540.75,25500.25,25509.75
2026-01-22 01:15:00+00:00,25497.75,25502.0,25488.0,25492.5
2026-01-22 01:30:00+00:00,25500.75,25518.5,25490.0,25523.5
2026-01-22 01:45:00+00:00,25526.5,25533.5,25521.25,25537.75
2026-01-22 02:00:00+00:00,25545.25,25538.5,25508.25,25503.25
2026-01-22 02:15:00+00:00,25516.25,25519.75,25509.5,25526.75
2026-01-22 02:30:00+00:00,25539.75,25570.0,25535.25,25582.25
2026-01-22 02:45:00+00:00,25588.5,25579.0,25568.0,25574.0
2026-01-22 03:00:00+00:00,25593.25,25612.25,25587.75,25612.75
2026-01-22 03:15:00+00:00,25622.75,25642.0,25620.25,25666.0
2026-01-22 03:30:00+00:00,25652.25,25662.75,25642.25,25671.0
2026-01-22 03:45:00+00:00,25665.75,25691.0,25665.5,25687.25
2026-01-22 04:00:00+00:00,25683.5,25700.5,25682.5,25702.5
2026-01-22 04:15:00+00:00,25709.5,25710.0,25692.5,25693.5
2026-01-22 04:30:00+00:00,25697.75,25702.75,25694.0,25702.75
2026-01-22 04:45:00+00:00,25703.5,25707.0,25700.75,25699.0
2026-01-22 05:00:00+00:00,25702.5,25696.75,25690.75,25685.75
2026-01-22 05:15:00+00:00,25689.5,25691.25,25674.5,25694.25
2026-01-22 05:30:00+00:00,25692.5,25691.25,25688.25,25689.25
2026-01-22 05:45:00+00:00,25691.0,25692.5,25687.0,25693.0
2026-01-22 06:00:00+00:00,25697.5,25709.0,25688.75,25701.0
2026-01-22 06:15:00+00:00,25692.25,25689.25,25676.75,25682.25
2026-01-22 06:30:00+00:00,25682.75,25685.25,25672.75,25677.0
2026-01-22 06:45:00+00:00,25682.5,25680.25,25676.5,25675.25
2026-01-22 07:00:00+00:00,25681.75,25673.5,25671.0,25669.5
2026-01-22 07:15:00+00:00,25672.25,25685.5,25667.25,25688.25
2026-01-22 07:30:00+00:00,25686.25,25682.25,25680.5,25681.25
2026-01-22 07:45:00+00:00,25685.75,25684.5,25681.0,25694.75
2026-01-22 08:00:00+00:00,25703.0,25701.25,25682.75,25681.75
2026-01-22 08:15:00+00:00,25697.25,25703.0,25691.5,25705.0
2026-01-22 08:30:00+00:00,25711.75,25700.5,25697.0,25692.25
2026-01-22 08:45:00+00:00,25702.75,25723.5,25691.25,25733.5
2026-01-22 09:00:00+00:00,25739.0,25732.0,25709.5,25721.5
2026-01-22 09:15:00+00:00,25719.5,25730.5,25716.75,25735.5
2026-01-22 09:30:00+00:00,25731.75,25673.75,25652.75,25650.25
2026-01-22 09:45:00+00:00,25657.0,25638.5,25577.0,25573.0
2026-01-22 10:00:00+00:00,25585.0,25546.5,25548.75,25560.75
2026-01-22 10:15:00+00:00,25584.75,25580.75,25543.25,25588.0
2026-01-22 10:30:00+00:00,25601.0,25626.75,25592.75,25638.75
2026-01-22 10:45:00+00:00,25652.0,25642.75,25609.75,25611.75
2026-01-22 11:00:00+00:00,25631.25,25646.75,25605.25,25649.25
2026-01-22 11:15:00+00:00,25665.0,25674.0,25643.0,25680.25
2026-01-22 11:30:00+00:00,25674.5,25675.75,25666.0,25681.75
2026-01-22 11:45:00+00:00,25691.75,25686.0,25664.75,25676.25
2026-01-22 12:00:00+00:00,25669.25,25675.75,25668.75,25675.0
2026-01-22 12:15:00+00:00,25692.5,25678.75,25666.25,25664.75
2026-01-22 12:30:00+00:00,25693.25,25702.5,25680.5,25705.75
2026-01-22 12:45:00+00:00,25705.25,25708.5,25700.75,25716.25
2026-01-22 13:00:00+00:00,25716.25,25713.0,25700.5,25702.5
2026-01-22 13:15:00+00:00,25702.25,25702.0,25693.0,25702.75
2026-01-22 13:30:00+00:00,25703.0,25702.75,25698.0,25705.25
2026-01-22 13:45:00+00:00,25702.0,25701.25,25685.0,25676.75
2026-01-22 14:00:00+00:00,25688.25,25700.5,25673.5,25706.25
2026-01-22 14:15:00+00:00,25703.25,25707.5,25700.75,25710.75
2026-01-22 14:30:00+00:00,25713.5,25707.5,25684.25,25676.75
2026-01-22 14:45:00+00:00,25675.0,25669.0,25648.5,25649.75
2026-01-22 15:00:00+00:00,25644.0,25644.75,25637.5,25641.0
2026-01-22 15:15:00+00:00,25664.0,25650.75,25624.5,25622.5
2026-01-22 15:30:00+00:00,25613.75,25604.75,25595.5,25597.75
2026-01-22 15:45:00+00:00,25626.25,25649.5,25613.75,25652.5
2026-01-22 16:00:00+00:00,25676.5,25654.25,25644.75,25643.0
2026-01-22 16:15:00+00:00,25651.25,25658.0,25644.75,25658.0
2026-01-22 16:30:00+00:00,25662.5,25659.0,25642.25,25648.0
2026-01-22 16:45:00+00:00,25643.0,25644.75,25640.25,25628.25
2026-01-22 18:00:00+00:00,25618.0,25596.75,25592.0,25583.5
2026-01-22 18:15:00+00:00,25593.0,25618.75,25593.0,25619.5
2026-01-22 18:30:00+00:00,25617.25,25622.25,25615.75,25619.75
2026-01-22 18:45:00+00:00,25625.5,25618.5,25605.5,25612.75
2026-01-22 19:00:00+00:00,25621.75,25621.25,25602.5,25624.75
2026-01-22 19:15:00+00:00,25627.75,25631.0,25625.75,25627.0
2026-01-22 19:30:00+00:00,25628.75,25645.0,25626.75,25646.5
2026-01-22 19:45:00+00:00,25648.0,25646.0,25645.0,25646.5
2026-01-22 20:00:00+00:00,25656.75,25669.5,25653.5,25670.0
2026-01-22 20:15:00+00:00,25676.0,25677.25,25669.5,25666.75
2026-01-22 20:30:00+00:00,25671.5,25674.5,25664.25,25668.0
2026-01-22 20:45:00+00:00,25669.75,25679.25,25669.0,25680.25
2026-01-22 21:00:00+00:00,25687.25,25685.0,25681.25,25686.25
2026-01-22 21:15:00+00:00,25689.5,25684.75,25678.5,25676.75
2026-01-22 21:30:00+00:00,25677.5,25674.25,25669.0,25670.5
2026-01-22 21:45:00+00:00,25671.5,25670.25,25667.5,25668.5
2026-01-22 22:00:00+00:00,25672.75,25687.75,25668.25,25690.75
2026-01-22 22:15:00+00:00,25696.25,25706.0,25694.0,25706.5
2026-01-22 22:30:00+00:00,25704.0,25701.5,25692.75,25698.75
2026-01-22 22:45:00+00:00,25702.0,25697.5,25693.75,25695.5
2026-01-22 23:00:00+00:00,25696.5,25695.0,25692.75,25693.0
2026-01-22 23:15:00+00:00,25700.25,25698.25,25691.0,25697.5
2026-01-22 23:30:00+00:00,25699.75,25700.5,25697.25,25696.75
2026-01-22 23:45:00+00:00,25696.25,25702.25,25691.0,25703.0
2026-01-23 00:00:00+00:00,25702.5,25705.0,25700.0,25707.25
2026-01-23 00:15:00+00:00,25708.75,25707.5,25704.75,25704.0
2026-01-23 00:30:00+00:00,25702.5,25705.75,25702.5,25707.25
2026-01-23 00:45:00+00:00,25703.0,25710.5,25700.0,25712.0
2026-01-23 01:00:00+00:00,25719.25,25726.25,25713.5,25718.25
2026-01-23 01:15:00+00:00,25722.0,25728.5,25721.75,25724.75
2026-01-23 01:30:00+00:00,25725.0,25724.75,25705.5,25705.5
2026-01-23 01:45:00+00:00,25709.5,25706.25,25705.25,25708.5
2026-01-23 02:00:00+00:00,25705.75,25704.75,25701.0,25704.75
2026-01-23 02:15:00+00:00,25706.0,25720.5,25699.25,25720.0
2026-01-23 02:30:00+00:00,25719.25,25710.5,25706.0,25706.5
2026-01-23 02:45:00+00:00,25704.0,25691.25,25689.5,25687.0
2026-01-23 03:00:00+00:00,25692.0,25684.5,25674.25,25676.75
2026-01-23 03:15:00+00:00,25665.0,25656.0,25637.75,25627.5
2026-01-23 03:30:00+00:00,25629.0,25619.5,25610.25,25627.0
2026-01-23 03:45:00+00:00,25627.5,25613.25,25593.0,25600.0
2026-01-23 04:00:00+00:00,25614.0,25622.0,25602.25,25608.25
2026-01-23 04:15:00+00:00,25606.75,25613.5,25597.75,25611.0
2026-01-23 04:30:00+00:00,25603.0,25599.25,25568.0,25557.25
2026-01-23 04:45:00+00:00,25553.0,25555.25,25549.75,25558.25
2026-01-23 05:00:00+00:00,25562.0,25565.25,25557.5,25564.5
2026-01-23 05:15:00+00:00,25555.75,25569.0,25554.0,25569.5
2026-01-23 05:30:00+00:00,25563.25,25558.5,25554.25,25558.0
2026-01-23 05:45:00+00:00,25561.25,25564.75,25555.25,25567.25
2026-01-23 06:00:00+00:00,25581.75,25627.5,25573.5,25629.5
2026-01-23 06:15:00+00:00,25628.75,25630.0,25621.0,25638.0
2026-01-23 06:30:00+00:00,25646.0,25652.5,25643.75,25639.0
2026-01-23 06:45:00+00:00,25634.0,25630.0,25614.25,25608.25
2026-01-23 07:00:00+00:00,25612.0,25617.75,25606.5,25619.0
2026-01-23 07:15:00+00:00,25615.5,25610.25,25599.75,25613.5
2026-01-23 07:30:00+00:00,25624.5,25614.0,25587.75,25608.25
2026-01-23 07:45:00+00:00,25621.5,25627.25,25616.25,25629.25
2026-01-23 08:00:00+00:00,25629.0,25629.0,25621.75,25624.25
2026-01-23 08:15:00+00:00,25627.0,25622.5,25592.25,25586.5
2026-01-23 08:30:00+00:00,25581.25,25594.25,25572.5,25599.75
2026-01-23 08:45:00+00:00,25588.5,25582.5,25568.75,25575.5
2026-01-23 09:00:00+00:00,25579.25,25577.25,25567.25,25569.0
2026-01-23 09:15:00+00:00,25569.5,25586.75,25569.5,25595.75
2026-01-23 09:30:00+00:00,25646.25,25615.75,25576.5,25623.75
2026-01-23 09:45:00+00:00,25640.0,25618.75,25588.0,25644.5
2026-01-23 10:00:00+00:00,25689.75,25697.25,25668.0,25699.0
2026-01-23 10:15:00+00:00,25709.5,25744.75,25688.0,25747.25
2026-01-23 10:30:00+00:00,25761.5,25774.25,25747.0,25780.25
2026-01-23 10:45:00+00:00,25781.5,25819.0,25781.25,25822.5
2026-01-23 11:00:00+00:00,25835.5,25833.5,25817.5,25821.75
2026-01-23 11:15:00+00:00,25825.5,25816.25,25809.0,25796.0
2026-01-23 11:30:00+00:00,25802.75,25814.75,25766.0,25817.0
2026-01-23 11:45:00+00:00,25812.5,25814.5,25799.25,25797.75
2026-01-23 12:00:00+00:00,25789.5,25784.25,25777.75,25792.25
2026-01-23 12:15:00+00:00,25808.0,25800.75,25783.25,25791.0
2026-01-23 12:30:00+00:00,25800.25,25780.5,25757.75,25734.5
2026-01-23 12:45:00+00:00,25743.0,25725.0,25693.25,25692.75
2026-01-23 13:00:00+00:00,25705.25,25740.25,25693.75,25736.0
2026-01-23 13:15:00+00:00,25738.0,25755.75,25730.0,25759.25
2026-01-23 13:30:00+00:00,25760.75,25752.5,25741.0,25739.75
2026-01-23 13:45:00+00:00,25732.0,25728.0,25723.75,25730.25
2026-01-23 14:00:00+00:00,25742.5,25758.25,25726.25,25755.75
2026-01-23 14:15:00+00:00,25750.5,25766.0,25747.5,25766.25
2026-01-23 14:30:00+00:00,25754.5,25750.25,25724.0,25734.75
2026-01-23 14:45:00+00:00,25748.0,25740.25,25739.5,25744.75
2026-01-23 15:00:00+00:00,25751.5,25734.5,25706.5,25715.25
2026-01-23 15:15:00+00:00,25732.75,25731.5,25713.5,25723.25
2026-01-23 15:30:00+00:00,25711.5,25717.25,25701.0,25723.75
2026-01-23 15:45:00+00:00,25735.75,25730.5,25731.0,25742.5
2026-01-23 16:00:00+00:00,25738.25,25727.75,25708.0,25703.75
2026-01-23 16:15:00+00:00,25703.25,25693.75,25681.25,25685.5
2026-01-23 16:30:00+00:00,25689.25,25691.25,25686.5,25688.75
2026-01-23 16:45:00+00:00,25691.5,25689.25,25683.5,25682.25
2026-01-25 18:00:00+00:00,25585.5,25488.5,25458.25,25498.75
2026-01-25 18:15:00+00:00,25498.75,25528.0,25497.0,25532.25
2026-01-25 18:30:00+00:00,25539.5,25531.25,25502.75,25509.0
2026-01-25 18:45:00+00:00,25510.0,25542.75,25498.25,25551.75
2026-01-25 19:00:00+00:00,25575.75,25586.75,25559.75,25587.0
2026-01-25 19:15:00+00:00,25593.0,25584.5,25576.75,25592.75
2026-01-25 19:30:00+00:00,25617.75,25602.0,25568.75,25574.0
2026-01-25 19:45:00+00:00,25580.25,25572.25,25566.0,25570.75
2026-01-25 20:00:00+00:00,25587.0,25631.0,25582.0,25615.75
2026-01-25 20:15:00+00:00,25618.25,25649.0,25606.5,25648.25
2026-01-25 20:30:00+00:00,25654.5,25648.0,25637.25,25644.0
2026-01-25 20:45:00+00:00,25649.0,25657.0,25645.5,25658.25
2026-01-25 21:00:00+00:00,25657.5,25659.0,25649.25,25659.25
2026-01-25 21:15:00+00:00,25657.5,25652.5,25645.25,25647.25
2026-01-25 21:30:00+00:00,25650.75,25641.75,25628.75,25629.5
2026-01-25 21:45:00+00:00,25619.75,25612.0,25600.25,25609.75
2026-01-25 22:00:00+00:00,25622.25,25649.75,25611.0,25647.25
2026-01-25 22:15:00+00:00,25646.5,25637.75,25627.0,25637.75
2026-01-25 22:30:00+00:00,25640.25,25639.75,25632.5,25643.0
2026-01-25 22:45:00+00:00,25635.0,25629.25,25627.0,25635.75
2026-01-25 23:00:00+00:00,25635.25,25629.75,25630.0,25628.0
2026-01-25 23:15:00+00:00,25628.25,25640.75,25628.0,25644.25
2026-01-25 23:30:00+00:00,25658.25,25650.25,25631.0,25630.25
2026-01-25 23:45:00+00:00,25632.5,25636.25,25628.0,25639.0
2026-01-26 00:00:00+00:00,25640.25,25635.0,25631.5,25629.75
2026-01-26 00:15:00+00:00,25636.75,25647.75,25629.75,25648.5
2026-01-26 00:30:00+00:00,25664.5,25665.25,25663.0,25664.25
2026-01-26 00:45:00+00:00,25666.25,25669.5,25663.75,25670.0
2026-01-26 01:00:00+00:00,25679.25,25680.0,25675.5,25679.5
2026-01-26 01:15:00+00:00,25689.5,25697.5,25687.5,25699.75
2026-01-26 01:30:00+00:00,25697.0,25692.0,25671.25,25672.25
2026-01-26 01:45:00+00:00,25674.5,25686.0,25670.0,25682.25
2026-01-26 02:00:00+00:00,25676.0,25679.25,25669.5,25680.25
2026-01-26 02:15:00+00:00,25686.5,25692.0,25676.0,25692.5
2026-01-26 02:30:00+00:00,25695.5,25694.0,25679.25,25695.25
2026-01-26 02:45:00+00:00,25699.0,25706.25,25692.5,25708.0
2026-01-26 03:00:00+00:00,25709.25,25713.25,25700.75,25705.0
2026-01-26 03:15:00+00:00,25713.5,25729.5,25708.0,25733.0
2026-01-26 03:30:00+00:00,25729.75,25728.5,25718.0,25724.25
2026-01-26 03:45:00+00:00,25725.0,25723.75,25721.25,25725.25
2026-01-26 04:00:00+00:00,25729.0,25728.0,25719.75,25717.5
2026-01-26 04:15:00+00:00,25711.5,25707.5,25688.25,25692.0
2026-01-26 04:30:00+00:00,25689.75,25673.5,25636.25,25642.5
2026-01-26 04:45:00+00:00,25624.5,25614.75,25592.25,25610.0
2026-01-26 05:00:00+00:00,25625.0,25625.25,25618.25,25630.5
2026-01-26 05:15:00+00:00,25641.25,25636.75,25632.0,25650.25
2026-01-26 05:30:00+00:00,25655.5,25663.0,25651.0,25660.5
2026-01-26 05:45:00+00:00,25661.0,25660.0,25652.5,25653.25
2026-01-26 06:00:00+00:00,25659.75,25651.25,25647.5,25647.25
2026-01-26 06:15:00+00:00,25652.5,25654.75,25645.5,25651.25
2026-01-26 06:30:00+00:00,25653.75,25658.25,25649.25,25654.75
2026-01-26 06:45:00+00:00,25654.5,25664.25,25654.5,25669.5
2026-01-26 07:00:00+00:00,25676.0,25707.25,25669.5,25708.5
2026-01-26 07:15:00+00:00,25709.0,25702.5,25690.0,25686.0
2026-01-26 07:30:00+00:00,25696.0,25689.25,25680.25,25682.0
2026-01-26 07:45:00+00:00,25686.75,25686.25,25678.75,25688.25
2026-01-26 08:00:00+00:00,25693.0,25693.75,25688.0,25695.0
2026-01-26 08:15:00+00:00,25705.25,25699.5,25692.25,25689.25
2026-01-26 08:30:00+00:00,25692.25,25683.5,25658.25,25668.0
2026-01-26 08:45:00+00:00,25685.0,25706.5,25674.25,25711.75
2026-01-26 09:00:00+00:00,25726.25,25729.25,25716.25,25724.25
2026-01-26 09:15:00+00:00,25730.75,25726.0,25716.25,25729.0
2026-01-26 09:30:00+00:00,25760.5,25780.0,25749.0,25794.75
2026-01-26 09:45:00+00:00,25834.0,25834.0,25810.25,25849.5
2026-01-26 10:00:00+00:00,25845.25,25835.0,25817.75,25813.75
2026-01-26 10:15:00+00:00,25842.75,25877.5,25839.0,25858.25
2026-01-26 10:30:00+00:00,25854.5,25860.0,25846.0,25849.5
2026-01-26 10:45:00+00:00,25859.25,25885.5,25839.25,25883.75
2026-01-26 11:00:00+00:00,25895.75,25886.75,25881.0,25889.0
2026-01-26 11:15:00+00:00,25888.25,25889.0,25851.75,25901.75
2026-01-26 11:30:00+00:00,25914.0,25911.75,25903.75,25899.75
2026-01-26 11:45:00+00:00,25901.0,25903.25,25893.25,25905.75
2026-01-26 12:00:00+00:00,25909.0,25923.25,25906.5,25913.5
2026-01-26 12:15:00+00:00,25916.0,25921.0,25913.75,25921.0
2026-01-26 12:30:00+00:00,25913.75,25910.0,25903.25,25909.75
2026-01-26 12:45:00+00:00,25909.5,25896.5,25891.0,25896.25
2026-01-26 13:00:00+00:00,25891.0,25890.5,25878.25,25885.25
2026-01-26 13:15:00+00:00,25884.25,25906.0,25881.25,25904.75
2026-01-26 13:30:00+00:00,25921.5,25921.0,25904.25,25897.25
2026-01-26 13:45:00+00:00,25896.25,25898.5,25889.75,25897.25
2026-01-26 14:00:00+00:00,25902.25,25907.75,25896.75,25912.0
2026-01-26 14:15:00+00:00,25912.5,25907.75,25887.0,25890.5
2026-01-26 14:30:00+00:00,25903.75,25899.75,25892.5,25906.0
2026-01-26 14:45:00+00:00,25906.25,25899.5,25887.25,25880.5
2026-01-26 15:00:00+00:00,25881.5,25886.25,25879.0,25879.0
2026-01-26 15:15:00+00:00,25882.5,25876.5,25872.5,25879.25
2026-01-26 15:30:00+00:00,25888.25,25883.25,25881.0,25882.0
2026-01-26 15:45:00+00:00,25891.5,25883.0,25846.0,25848.25
2026-01-26 16:00:00+00:00,25848.75,25846.5,25840.25,25849.75
2026-01-26 16:15:00+00:00,25865.75,25866.5,25855.0,25867.5
2026-01-26 16:30:00+00:00,25867.75,25866.25,25861.75,25867.5
2026-01-26 16:45:00+00:00,25867.5,25864.25,25862.0,25858.25
2026-01-26 18:00:00+00:00,25863.75,25862.25,25842.5,25864.25
2026-01-26 18:15:00+00:00,25875.0,25893.0,25867.0,25883.0
2026-01-26 18:30:00+00:00,25881.25,25876.0,25873.5,25876.0
2026-01-26 18:45:00+00:00,25887.5,25888.25,25881.75,25890.5
2026-01-26 19:00:00+00:00,25891.25,25885.5,25879.0,25885.75
2026-01-26 19:15:00+00:00,25889.25,25893.25,25885.5,25892.25
2026-01-26 19:30:00+00:00,25891.0,25895.75,25889.75,25900.0
2026-01-26 19:45:00+00:00,25897.5,25898.5,25895.5,25899.5
2026-01-26 20:00:00+00:00,25900.5,25908.25,25896.75,25910.75
2026-01-26 20:15:00+00:00,25913.75,25910.75,25907.5,25909.75
2026-01-26 20:30:00+00:00,25914.0,25915.75,25910.75,25916.75
2026-01-26 20:45:00+00:00,25919.25,25922.25,25918.0,25923.25
2026-01-26 21:00:00+00:00,25927.5,25947.5,25922.0,25948.0
2026-01-26 21:15:00+00:00,25950.25,25953.5,25947.75,25953.75
2026-01-26 21:30:00+00:00,25951.25,25960.25,25948.25,25960.5
2026-01-26 21:45:00+00:00,25960.75,25963.5,25957.0,25974.0
2026-01-26 22:00:00+00:00,25971.0,25974.25,25970.5,25971.5
2026-01-26 22:15:00+00:00,25968.5,25970.0,25967.25,25967.0
2026-01-26 22:30:00+00:00,25967.75,25972.5,25965.25,25973.0
2026-01-26 22:45:00+00:00,25970.5,25971.5,25965.75,25972.75
2026-01-26 23:00:00+00:00,25977.75,25988.5,25974.0,25989.5
2026-01-26 23:15:00+00:00,25994.25,25991.75,25984.25,25985.25
2026-01-26 23:30:00+00:00,25991.25,25989.75,25986.25,25989.5
2026-01-26 23:45:00+00:00,25990.75,25991.25,25990.0,25991.25
2026-01-27 00:00:00+00:00,25990.0,25987.0,25976.25,25978.75
2026-01-27 00:15:00+00:00,25980.75,25979.25,25975.0,25979.75
2026-01-27 00:30:00+00:00,25984.75,25986.5,25981.75,25988.75
2026-01-27 00:45:00+00:00,25997.75,26005.5,25995.75,26008.75
2026-01-27 01:00:00+00:00,26013.0,26023.5,26007.75,26013.5
2026-01-27 01:15:00+00:00,26021.5,26021.0,26018.0,26021.0
2026-01-27 01:30:00+00:00,26024.75,26019.5,26007.25,26010.25
2026-01-27 01:45:00+00:00,26005.5,26002.0,26001.0,26002.25
2026-01-27 02:00:00+00:00,26009.5,26007.0,26002.5,26005.0
2026-01-27 02:15:00+00:00,26005.5,26004.75,25993.5,25999.25
2026-01-27 02:30:00+00:00,25999.5,26013.5,25998.75,26013.5
2026-01-27 02:45:00+00:00,26011.25,26004.75,25998.25,26008.75
2026-01-27 03:00:00+00:00,26009.25,26002.75,25994.75,25992.25
2026-01-27 03:15:00+00:00,26001.5,25991.0,25980.25,25984.5
2026-01-27 03:30:00+00:00,25986.0,25977.75,25968.25,25978.5
2026-01-27 03:45:00+00:00,25979.25,25983.75,25978.0,25985.25
2026-01-27 04:00:00+00:00,25983.75,25989.0,25972.25,25987.5
2026-01-27 04:15:00+00:00,25985.0,25986.0,25980.75,25986.0
2026-01-27 04:30:00+00:00,25985.0,25984.0,25980.75,25984.5
2026-01-27 04:45:00+00:00,25986.0,25981.25,25973.0,25969.75
2026-01-27 05:00:00+00:00,25978.75,25984.75,25974.0,25988.5
2026-01-27 05:15:00+00:00,25986.0,25990.75,25984.0,25993.5
2026-01-27 05:30:00+00:00,25997.75,25997.25,25994.5,25997.25
2026-01-27 05:45:00+00:00,25997.0,26003.5,25994.5,25999.0
2026-01-27 06:00:00+00:00,26008.75,26002.25,25996.25,26000.5
2026-01-27 06:15:00+00:00,26003.75,26001.0,25998.5,26002.0
2026-01-27 06:30:00+00:00,26008.0,26027.25,26005.0,26027.5
2026-01-27 06:45:00+00:00,26035.5,26036.5,26026.25,26033.5
2026-01-27 07:00:00+00:00,26032.75,26024.75,26015.25,26019.0
2026-01-27 07:15:00+00:00,26016.0,26012.75,26000.0,26003.25
2026-01-27 07:30:00+00:00,25998.5,26013.0,25997.25,26017.25
2026-01-27 07:45:00+00:00,26009.5,26006.25,26001.5,26003.5
2026-01-27 08:00:00+00:00,26010.0,26012.0,26002.75,26012.5
2026-01-27 08:15:00+00:00,26018.0,26015.0,26004.25,26008.25
2026-01-27 08:30:00+00:00,26003.75,26002.75,25995.75,26002.75
2026-01-27 08:45:00+00:00,26006.75,26000.75,25988.75,25988.5
2026-01-27 09:00:00+00:00,25998.0,26000.5,25990.5,26002.0
2026-01-27 09:15:00+00:00,26005.75,25995.5,25981.5,25994.0
2026-01-27 09:30:00+00:00,25988.25,25972.5,25927.25,25960.75
2026-01-27 09:45:00+00:00,25974.75,26043.75,25959.25,26045.25
2026-01-27 10:00:00+00:00,26062.0,26057.75,26025.0,26061.75
2026-01-27 10:15:00+00:00,26068.0,26062.5,26047.0,26045.25
2026-01-27 10:30:00+00:00,26056.75,26083.75,26043.0,26086.0
2026-01-27 10:45:00+00:00,26096.5,26089.0,26071.25,26073.5
2026-01-27 11:00:00+00:00,26089.5,26091.75,26074.0,26093.75
2026-01-27 11:15:00+00:00,26099.75,26099.0,26096.25,26093.5
2026-01-27 11:30:00+00:00,26095.75,26094.25,26089.75,26093.5
2026-01-27 11:45:00+00:00,26092.0,26089.25,26085.5,26092.75
2026-01-27 12:00:00+00:00,26082.75,26076.5,26068.25,26070.5
2026-01-27 12:15:00+00:00,26071.25,26076.5,26055.0,26078.0
2026-01-27 12:30:00+00:00,26088.25,26082.25,26071.5,26081.0
2026-01-27 12:45:00+00:00,26076.5,26072.0,26061.0,26065.0
2026-01-27 13:00:00+00:00,26064.25,26056.75,26047.25,26062.75
2026-01-27 13:15:00+00:00,26074.25,26081.25,26067.75,26076.0
2026-01-27 13:30:00+00:00,26081.25,26085.0,26076.75,26080.5
2026-01-27 13:45:00+00:00,26084.25,26092.25,26081.5,26094.5
2026-01-27 14:00:00+00:00,26090.0,26082.75,26078.5,26078.25
2026-01-27 14:15:00+00:00,26089.25,26089.75,26086.5,26092.75
2026-01-27 14:30:00+00:00,26099.75,26090.75,26081.75,26083.5
2026-01-27 14:45:00+00:00,26086.25,26094.0,26082.25,26092.5
2026-01-27 15:00:00+00:00,26094.25,26096.5,26089.5,26103.5
2026-01-27 15:15:00+00:00,26111.0,26110.0,26099.0,26095.5
2026-01-27 15:30:00+00:00,26096.0,26092.25,26091.5,26091.25
2026-01-27 15:45:00+00:00,26092.25,26087.5,26079.25,26078.75
2026-01-27 16:00:00+00:00,26078.0,26081.0,26076.0,26078.25
2026-01-27 16:15:00+00:00,26084.25,26098.0,26079.25,26089.5
2026-01-27 16:30:00+00:00,26097.25,26109.0,26095.75,26111.5
2026-01-27 16:45:00+00:00,26114.75,26111.5,26108.25,26110.75
2026-01-27 18:00:00+00:00,26148.0,26137.75,26111.25,26146.5
2026-01-27 18:15:00+00:00,26146.75,26142.75,26130.75,26135.25
2026-01-27 18:30:00+00:00,26139.5,26136.0,26133.25,26134.25
2026-01-27 18:45:00+00:00,26141.5,26139.0,26138.0,26139.25
2026-01-27 19:00:00+00:00,26141.0,26155.25,26138.25,26157.5
2026-01-27 19:15:00+00:00,26163.0,26162.5,26156.0,26165.75
2026-01-27 19:30:00+00:00,26171.5,26195.75,26168.25,26204.25
2026-01-27 19:45:00+00:00,26207.5,26202.75,26200.25,26205.25
2026-01-27 20:00:00+00:00,26213.25,26223.5,26206.75,26226.0
2026-01-27 20:15:00+00:00,26223.75,26221.25,26219.0,26222.0
2026-01-27 20:30:00+00:00,26225.5,26222.75,26214.0,26215.5
2026-01-27 20:45:00+00:00,26211.75,26213.25,26207.5,26203.0
2026-01-27 21:00:00+00:00,26210.75,26218.0,26204.0,26218.5
2026-01-27 21:15:00+00:00,26217.25,26217.25,26216.25,26217.25
2026-01-27 21:30:00+00:00,26216.25,26214.75,26213.5,26212.25
2026-01-27 21:45:00+00:00,26211.25,26213.75,26210.75,26213.75
2026-01-27 22:00:00+00:00,26214.75,26215.25,26213.75,26213.0
2026-01-27 22:15:00+00:00,26214.75,26213.0,26206.25,26202.25
2026-01-27 22:30:00+00:00,26208.5,26204.5,26202.75,26198.5
2026-01-27 22:45:00+00:00,26197.0,26200.0,26195.0,26199.5
2026-01-27 23:00:00+00:00,26206.25,26220.25,26200.5,26220.25
2026-01-27 23:15:00+00:00,26222.0,26222.5,26219.75,26224.0
2026-01-27 23:30:00+00:00,26226.5,26224.75,26218.5,26218.5
2026-01-27 23:45:00+00:00,26220.25,26217.5,26215.0,26218.25
2026-01-28 00:00:00+00:00,26222.25,26226.75,26220.25,26226.75
2026-01-28 00:15:00+00:00,26231.75,26230.5,26227.25,26230.25
2026-01-28 00:30:00+00:00,26234.5,26239.0,26231.75,26240.0
2026-01-28 00:45:00+00:00,26240.5,26245.0,26240.0,26247.0
2026-01-28 01:00:00+00:00,26299.0,26293.75,26246.0,26300.5
2026-01-28 01:15:00+00:00,26305.25,26310.0,26304.0,26307.0
2026-01-28 01:30:00+00:00,26329.5,26333.5,26302.5,26323.5
2026-01-28 01:45:00+00:00,26316.25,26314.0,26311.0,26307.25
2026-01-28 02:00:00+00:00,26304.5,26311.0,26301.75,26316.25
2026-01-28 02:15:00+00:00,26322.25,26315.75,26307.25,26302.75
2026-01-28 02:30:00+00:00,26303.5,26304.25,26293.5,26306.75
2026-01-28 02:45:00+00:00,26321.0,26316.0,26313.25,26311.25
2026-01-28 03:00:00+00:00,26318.25,26315.75,26308.0,26304.75
2026-01-28 03:15:00+00:00,26309.75,26311.0,26282.75,26301.75
2026-01-28 03:30:00+00:00,26306.5,26307.25,26302.0,26307.0
2026-01-28 03:45:00+00:00,26303.5,26287.75,26273.25,26274.5
2026-01-28 04:00:00+00:00,26284.25,26272.25,26262.75,26274.0
2026-01-28 04:15:00+00:00,26275.75,26274.0,26258.0,26258.0
2026-01-28 04:30:00+00:00,26265.75,26264.25,26256.25,26270.75
2026-01-28 04:45:00+00:00,26277.0,26285.25,26273.75,26289.25
2026-01-28 05:00:00+00:00,26287.0,26290.5,26275.75,26292.5
2026-01-28 05:15:00+00:00,26289.25,26291.75,26281.75,26292.75
2026-01-28 05:30:00+00:00,26296.25,26305.5,26294.75,26307.25
2026-01-28 05:45:00+00:00,26310.5,26312.25,26308.5,26314.75
2026-01-28 06:00:00+00:00,26318.25,26315.5,26303.25,26296.75
2026-01-28 06:15:00+00:00,26304.25,26305.5,26288.25,26308.0
2026-01-28 06:30:00+00:00,26314.5,26314.5,26309.25,26315.0
2026-01-28 06:45:00+00:00,26314.75,26317.5,26307.0,26318.5
2026-01-28 07:00:00+00:00,26319.75,26309.5,26307.75,26302.75
2026-01-28 07:15:00+00:00,26296.75,26282.75,26266.5,26280.25
2026-01-28 07:30:00+00:00,26287.0,26282.0,26271.25,26290.25
2026-01-28 07:45:00+00:00,26295.0,26290.25,26282.0,26294.25
2026-01-28 08:00:00+00:00,26290.0,26292.75,26281.25,26286.75
2026-01-28 08:15:00+00:00,26284.5,26284.25,26269.75,26281.25
2026-01-28 08:30:00+00:00,26280.0,26277.75,26264.5,26267.75
2026-01-28 08:45:00+00:00,26271.25,26272.5,26260.75,26266.25
2026-01-28 09:00:00+00:00,26274.75,26270.5,26248.75,26252.75
2026-01-28 09:15:00+00:00,26249.5,26248.75,26243.0,26252.0
2026-01-28 09:30:00+00:00,26268.75,26268.0,26235.0,26278.0
2026-01-28 09:45:00+00:00,26301.0,26283.25,26240.0,26281.0
2026-01-28 10:00:00+00:00,26262.75,26250.75,26232.25,26219.75
2026-01-28 10:15:00+00:00,26245.0,26240.75,26216.25,26220.5
2026-01-28 10:30:00+00:00,26236.5,26220.5,26197.0,26192.75
2026-01-28 10:45:00+00:00,26190.0,26178.75,26167.75,26171.0
2026-01-28 11:00:00+00:00,26176.25,26183.75,26162.5,26185.5
2026-01-28 11:15:00+00:00,26187.5,26180.75,26155.75,26175.0
2026-01-28 11:30:00+00:00,26182.75,26162.25,26138.75,26126.0
2026-01-28 11:45:00+00:00,26132.0,26122.5,26109.25,26122.75
2026-01-28 12:00:00+00:00,26124.0,26142.5,26117.25,26149.0
2026-01-28 12:15:00+00:00,26153.75,26149.5,26119.5,26117.0
2026-01-28 12:30:00+00:00,26127.0,26125.0,26118.5,26127.25
2026-01-28 12:45:00+00:00,26131.75,26155.5,26130.25,26153.75
2026-01-28 13:00:00+00:00,26142.0,26151.0,26129.25,26150.0
2026-01-28 13:15:00+00:00,26161.5,26164.5,26159.0,26162.5
2026-01-28 13:30:00+00:00,26166.75,26160.25,26148.75,26158.5
2026-01-28 13:45:00+00:00,26158.5,26173.0,26151.0,26176.0
2026-01-28 14:00:00+00:00,26195.5,26158.5,26127.25,26160.0
2026-01-28 14:15:00+00:00,26145.25,26158.25,26138.0,26161.25
2026-01-28 14:30:00+00:00,26162.5,26152.0,26121.75,26157.25
2026-01-28 14:45:00+00:00,26167.0,26187.0,26148.5,26186.0
2026-01-28 15:00:00+00:00,26178.5,26199.5,26161.0,26203.25
2026-01-28 15:15:00+00:00,26198.0,26202.0,26179.0,26183.25
2026-01-28 15:30:00+00:00,26182.25,26173.5,26161.5,26163.25
2026-01-28 15:45:00+00:00,26163.5,26172.25,26156.75,26178.75
2026-01-28 16:00:00+00:00,26167.5,26146.0,26023.5,26156.75
2026-01-28 16:15:00+00:00,26196.0,26249.0,26196.0,26260.25
2026-01-28 16:30:00+00:00,26274.25,26263.0,26253.0,26268.5
2026-01-28 16:45:00+00:00,26267.5,26273.75,26249.25,26271.75
2026-01-28 18:00:00+00:00,26294.25,26275.75,26226.5,26218.0
2026-01-28 18:15:00+00:00,26195.0,26224.25,26161.75,26214.0
2026-01-28 18:30:00+00:00,26215.0,26205.25,26203.25,26196.0
2026-01-28 18:45:00+00:00,26193.75,26206.0,26187.0,26186.75
2026-01-28 19:00:00+00:00,26180.5,26155.0,26122.0,26159.5
2026-01-28 19:15:00+00:00,26157.0,26150.25,26134.75,26158.25
2026-01-28 19:30:00+00:00,26171.0,26157.25,26132.5,26133.25
2026-01-28 19:45:00+00:00,26141.5,26146.5,26135.5,26151.5
2026-01-28 20:00:00+00:00,26165.5,26157.0,26156.5,26151.0
2026-01-28 20:15:00+00:00,26149.5,26140.25,26089.5,26098.0
2026-01-28 20:30:00+00:00,26124.25,26110.5,26100.5,26112.0
2026-01-28 20:45:00+00:00,26111.0,26117.5,26107.75,26122.0
2026-01-28 21:00:00+00:00,26129.25,26141.75,26129.25,26133.25
2026-01-28 21:15:00+00:00,26141.0,26161.0,26137.25,26172.5
2026-01-28 21:30:00+00:00,26176.5,26171.25,26158.5,26161.0
2026-01-28 21:45:00+00:00,26161.25,26163.25,26154.5,26173.25
2026-01-28 22:00:00+00:00,26170.75,26173.5,26163.0,26176.25
2026-01-28 22:15:00+00:00,26186.75,26189.25,26180.75,26183.25
2026-01-28 22:30:00+00:00,26189.5,26188.75,26182.25,26191.25
2026-01-28 22:45:00+00:00,26197.5,26195.25,26188.75,26196.5
2026-01-28 23:00:00+00:00,26201.5,26199.75,26197.5,26199.25
2026-01-28 23:15:00+00:00,26204.75,26216.0,26202.5,26213.5
2026-01-28 23:30:00+00:00,26219.0,26225.75,26215.0,26228.0
2026-01-28 23:45:00+00:00,26225.0,26228.75,26222.0,26229.75
2026-01-29 00:00:00+00:00,26231.5,26227.75,26218.5,26217.0
2026-01-29 00:15:00+00:00,26221.25,26224.25,26217.25,26225.25
2026-01-29 00:30:00+00:00,26232.5,26243.25,26232.25,26246.25
2026-01-29 00:45:00+00:00,26249.0,26247.5,26234.0,26232.25
2026-01-29 01:00:00+00:00,26239.25,26259.5,26233.25,26261.5
2026-01-29 01:15:00+00:00,26265.0,26262.0,26254.25,26259.0
2026-01-29 01:30:00+00:00,26262.25,26261.0,26245.25,26242.75
2026-01-29 01:45:00+00:00,26250.75,26244.5,26234.75,26248.75
2026-01-29 02:00:00+00:00,26258.5,26248.5,26245.0,26250.75
2026-01-29 02:15:00+00:00,26248.5,26243.5,26233.75,26240.5
2026-01-29 02:30:00+00:00,26250.0,26270.5,26249.75,26273.0
2026-01-29 02:45:00+00:00,26273.75,26270.0,26254.25,26251.25
2026-01-29 03:00:00+00:00,26261.0,26257.25,26239.0,26260.5
2026-01-29 03:15:00+00:00,26278.75,26270.5,26255.0,26259.5
2026-01-29 03:30:00+00:00,26270.75,26264.0,26248.0,26263.75
2026-01-29 03:45:00+00:00,26264.0,26257.0,26235.5,26246.5
2026-01-29 04:00:00+00:00,26252.25,26267.25,26248.75,26267.75
2026-01-29 04:15:00+00:00,26268.5,26262.5,26255.0,26259.5
2026-01-29 04:30:00+00:00,26259.75,26259.0,26243.0,26250.5
2026-01-29 04:45:00+00:00,26252.25,26248.75,26215.5,26212.5
2026-01-29 05:00:00+00:00,26213.0,26210.5,26202.25,26206.0
2026-01-29 05:15:00+00:00,26212.0,26224.25,26204.75,26228.5
2026-01-29 05:30:00+00:00,26229.75,26225.25,26218.75,26213.5
2026-01-29 05:45:00+00:00,26221.0,26217.5,26196.0,26192.75
2026-01-29 06:00:00+00:00,26197.25,26195.75,26177.0,26197.75
2026-01-29 06:15:00+00:00,26198.75,26193.5,26183.0,26197.25
2026-01-29 06:30:00+00:00,26200.25,26197.25,26185.75,26192.25
2026-01-29 06:45:00+00:00,26200.0,26194.75,26193.0,26202.75
2026-01-29 07:00:00+00:00,26215.5,26216.5,26201.0,26220.0
2026-01-29 07:15:00+00:00,26216.75,26209.5,26199.25,26197.75
2026-01-29 07:30:00+00:00,26199.5,26194.0,26166.0,26171.25
2026-01-29 07:45:00+00:00,26171.75,26173.0,26162.0,26170.5
2026-01-29 08:00:00+00:00,26180.25,26183.5,26176.0,26180.0
2026-01-29 08:15:00+00:00,26175.5,26172.0,26153.75,26174.25
2026-01-29 08:30:00+00:00,26176.5,26193.75,26171.75,26197.5
2026-01-29 08:45:00+00:00,26200.5,26196.0,26186.25,26191.5
2026-01-29 09:00:00+00:00,26196.75,26190.0,26158.0,26158.5
2026-01-29 09:15:00+00:00,26155.0,26153.25,26149.0,26145.75
2026-01-29 09:30:00+00:00,26172.0,26122.5,26006.5,25987.75
2026-01-29 09:45:00+00:00,25954.0,25970.0,25911.75,25909.75
2026-01-29 10:00:00+00:00,25868.25,25793.0,25787.0,25788.0
2026-01-29 10:15:00+00:00,25754.25,25794.0,25721.5,25762.75
2026-01-29 10:30:00+00:00,25751.25,25716.25,25639.0,25630.5
2026-01-29 10:45:00+00:00,25634.0,25616.5,25555.75,25604.0
2026-01-29 11:00:00+00:00,25595.25,25606.0,25556.25,25623.5
2026-01-29 11:15:00+00:00,25676.25,25694.75,25662.75,25692.5
2026-01-29 11:30:00+00:00,25711.75,25703.0,25673.75,25717.5
2026-01-29 11:45:00+00:00,25719.5,25720.0,25707.75,25697.0
2026-01-29 12:00:00+00:00,25734.75,25756.5,25711.25,25777.5
2026-01-29 12:15:00+00:00,25815.75,25839.25,25798.75,25839.75
2026-01-29 12:30:00+00:00,25856.25,25852.0,25839.25,25824.5
2026-01-29 12:45:00+00:00,25838.0,25812.25,25760.75,25764.25
2026-01-29 13:00:00+00:00,25784.5,25840.0,25760.25,25843.5
2026-01-29 13:15:00+00:00,25854.25,25846.75,25830.5,25832.0
2026-01-29 13:30:00+00:00,25848.0,25861.0,25834.25,25866.5
2026-01-29 13:45:00+00:00,25870.75,25865.25,25854.0,25848.25
2026-01-29 14:00:00+00:00,25843.5,25871.75,25836.25,25877.0
2026-01-29 14:15:00+00:00,25882.75,25883.5,25876.0,25880.25
2026-01-29 14:30:00+00:00,25887.25,25852.25,25850.5,25856.25
2026-01-29 14:45:00+00:00,25866.0,25856.75,25844.25,25862.75
2026-01-29 15:00:00+00:00,25852.25,25870.75,25849.25,25873.75
2026-01-29 15:15:00+00:00,25876.25,25870.5,25866.25,25867.25
2026-01-29 15:30:00+00:00,25859.75,25904.5,25850.25,25919.0
2026-01-29 15:45:00+00:00,25925.0,26000.0,25920.25,26013.5
2026-01-29 16:00:00+00:00,26020.0,26000.25,25979.75,25986.75
2026-01-29 16:15:00+00:00,25986.5,25980.75,25970.25,25971.0
2026-01-29 16:30:00+00:00,26050.0,26005.0,25987.75,25987.5
2026-01-29 16:45:00+00:00,25984.75,25986.5,25974.5,25987.75
2026-01-29 18:00:00+00:00,26010.5,25995.0,25925.25,25928.5
2026-01-29 18:15:00+00:00,25914.75,25973.5,25907.75,25978.25
2026-01-29 18:30:00+00:00,25967.0,26001.0,25941.75,26001.0
2026-01-29 18:45:00+00:00,26012.0,25997.75,25971.75,25962.75
2026-01-29 19:00:00+00:00,25980.75,25974.75,25962.25,25940.5
2026-01-29 19:15:00+00:00,25971.25,25954.0,25922.0,25914.75
2026-01-29 19:30:00+00:00,25933.75,25945.0,25926.0,25931.25
2026-01-29 19:45:00+00:00,25930.25,25935.0,25922.5,25938.25
2026-01-29 20:00:00+00:00,25933.75,25921.25,25907.0,25896.0
2026-01-29 20:15:00+00:00,25906.25,25901.5,25886.75,25887.5
2026-01-29 20:30:00+00:00,25888.0,25875.25,25826.5,25803.5
2026-01-29 20:45:00+00:00,25836.25,25857.75,25824.0,25846.75
2026-01-29 21:00:00+00:00,25855.75,25844.25,25825.25,25835.5
2026-01-29 21:15:00+00:00,25834.25,25828.0,25773.5,25761.5
2026-01-29 21:30:00+00:00,25756.5,25787.25,25752.75,25795.75
2026-01-29 21:45:00+00:00,25799.75,25835.75,25788.5,25838.5
2026-01-29 22:00:00+00:00,25854.5,25880.25,25843.75,25864.0
2026-01-29 22:15:00+00:00,25857.0,25862.75,25829.75,25855.0
2026-01-29 22:30:00+00:00,25865.25,25869.25,25849.0,25856.5
2026-01-29 22:45:00+00:00,25860.25,25861.75,25854.0,25851.75
2026-01-29 23:00:00+00:00,25854.75,25879.5,25846.75,25882.25
2026-01-29 23:15:00+00:00,25893.5,25887.0,25863.75,25870.75
2026-01-29 23:30:00+00:00,25884.5,25891.5,25880.25,25882.0
2026-01-29 23:45:00+00:00,25884.25,25881.25,25862.25,25855.25
2026-01-30 00:00:00+00:00,25864.75,25877.5,25859.5,25868.5
2026-01-30 00:15:00+00:00,25871.25,25868.25,25851.25,25867.75
2026-01-30 00:30:00+00:00,25867.25,25863.0,25859.5,25857.5
2026-01-30 00:45:00+00:00,25850.25,25852.25,25844.75,25842.5
2026-01-30 01:00:00+00:00,25836.0,25829.25,25809.5,25803.0
2026-01-30 01:15:00+00:00,25812.5,25801.75,25783.0,25769.0
2026-01-30 01:30:00+00:00,25798.75,25802.0,25782.75,25796.25
2026-01-30 01:45:00+00:00,25788.0,25785.0,25768.0,25745.75
2026-01-30 02:00:00+00:00,25765.75,25794.5,25750.75,25802.0
2026-01-30 02:15:00+00:00,25793.0,25778.0,25763.25,25763.0
2026-01-30 02:30:00+00:00,25762.75,25766.75,25734.0,25710.0
2026-01-30 02:45:00+00:00,25739.5,25727.75,25719.75,25727.0
2026-01-30 03:00:00+00:00,25713.25,25720.75,25689.75,25729.25
2026-01-30 03:15:00+00:00,25748.75,25754.75,25733.5,25757.0
2026-01-30 03:30:00+00:00,25746.75,25732.25,25708.0,25718.25
2026-01-30 03:45:00+00:00,25730.25,25781.25,25728.25,25781.25
2026-01-30 04:00:00+00:00,25780.75,25768.5,25731.0,25722.75
2026-01-30 04:15:00+00:00,25724.25,25719.5,25702.5,25710.75
2026-01-30 04:30:00+00:00,25715.25,25708.0,25699.25,25710.0
2026-01-30 04:45:00+00:00,25706.25,25704.5,25659.25,25711.75
2026-01-30 05:00:00+00:00,25723.5,25718.25,25696.5,25727.75
2026-01-30 05:15:00+00:00,25744.0,25741.25,25730.25,25723.0
2026-01-30 05:30:00+00:00,25746.25,25763.25,25727.5,25756.5
2026-01-30 05:45:00+00:00,25783.75,25772.25,25766.25,25763.25
2026-01-30 06:00:00+00:00,25776.25,25797.75,25765.25,25804.25
2026-01-30 06:15:00+00:00,25810.75,25812.0,25801.0,25810.0
2026-01-30 06:30:00+00:00,25818.5,25836.75,25817.5,25837.5
2026-01-30 06:45:00+00:00,25831.5,25870.0,25830.5,25877.75
2026-01-30 07:00:00+00:00,25889.25,25892.5,25866.0,25872.25
2026-01-30 07:15:00+00:00,25877.5,25873.5,25855.75,25874.25
2026-01-30 07:30:00+00:00,25878.25,25877.75,25867.25,25875.25
2026-01-30 07:45:00+00:00,25857.5,25851.75,25827.5,25841.75
2026-01-30 08:00:00+00:00,25855.0,25877.0,25847.0,25879.5
2026-01-30 08:15:00+00:00,25886.75,25877.5,25846.0,25852.25
2026-01-30 08:30:00+00:00,25875.5,25815.25,25804.25,25812.0
2026-01-30 08:45:00+00:00,25843.75,25840.75,25814.25,25825.75
2026-01-30 09:00:00+00:00,25847.75,25836.25,25823.0,25838.75
2026-01-30 09:15:00+00:00,25837.75,25826.5,25819.25,25818.25
2026-01-30 09:30:00+00:00,25918.25,25900.0,25834.25,25904.75
2026-01-30 09:45:00+00:00,25880.0,25903.5,25871.0,25870.0
2026-01-30 10:00:00+00:00,25850.25,25902.25,25822.0,25903.25
2026-01-30 10:15:00+00:00,25908.5,25899.0,25825.25,25844.0
2026-01-30 10:30:00+00:00,25794.5,25892.75,25792.0,25900.0
2026-01-30 10:45:00+00:00,25899.75,25913.0,25841.25,25844.5
2026-01-30 11:00:00+00:00,25851.25,25836.5,25825.75,25841.75
2026-01-30 11:15:00+00:00,25833.75,25809.0,25764.0,25789.0
2026-01-30 11:30:00+00:00,25811.25,25813.5,25798.75,25830.0
2026-01-30 11:45:00+00:00,25838.25,25815.75,25781.0,25765.25
2026-01-30 12:00:00+00:00,25760.5,25744.0,25690.25,25706.25
2026-01-30 12:15:00+00:00,25707.25,25755.75,25702.75,25775.5
2026-01-30 12:30:00+00:00,25791.25,25768.25,25715.0,25722.5
2026-01-30 12:45:00+00:00,25760.75,25734.0,25711.25,25722.0
2026-01-30 13:00:00+00:00,25682.25,25688.25,25667.75,25679.25
2026-01-30 13:15:00+00:00,25680.0,25647.5,25598.25,25662.25
2026-01-30 13:30:00+00:00,25682.75,25647.75,25603.5,25623.25
2026-01-30 13:45:00+00:00,25659.25,25719.25,25623.5,25733.0
2026-01-30 14:00:00+00:00,25756.75,25765.25,25735.75,25744.5
2026-01-30 14:15:00+00:00,25752.75,25745.75,25730.0,25750.25
2026-01-30 14:30:00+00:00,25735.0,25708.75,25710.5,25713.5
2026-01-30 14:45:00+00:00,25695.0,25703.0,25679.75,25687.0
2026-01-30 15:00:00+00:00,25671.25,25655.5,25634.0,25627.0
2026-01-30 15:15:00+00:00,25615.5,25600.75,25584.75,25587.25
2026-01-30 15:30:00+00:00,25624.25,25634.5,25595.75,25635.0
2026-01-30 15:45:00+00:00,25671.0,25694.0,25648.75,25661.0
2026-01-30 16:00:00+00:00,25707.0,25663.75,25630.75,25647.5
2026-01-30 16:15:00+00:00,25657.75,25671.5,25647.75,25655.75
2026-01-30 16:30:00+00:00,25656.5,25648.75,25633.25,25632.75
2026-01-30 16:45:00+00:00,25635.75,25641.0,25632.75,25643.25
2026-02-01 18:00:00+00:00,25537.25,25500.0,25408.0,25432.75
2026-02-01 18:15:00+00:00,25465.0,25443.75,25420.5,25393.25
2026-02-01 18:30:00+00:00,25444.5,25510.25,25433.0,25512.25
2026-02-01 18:45:00+00:00,25563.75,25548.25,25537.0,25539.75
2026-02-01 19:00:00+00:00,25536.75,25558.25,25509.25,25573.25
2026-02-01 19:15:00+00:00,25596.75,25620.5,25582.75,25623.0
2026-02-01 19:30:00+00:00,25616.5,25626.5,25600.5,25628.25
2026-02-01 19:45:00+00:00,25627.0,25616.75,25599.0,25606.5
2026-02-01 20:00:00+00:00,25608.25,25624.25,25526.5,25505.25
2026-02-01 20:15:00+00:00,25517.25,25529.75,25494.5,25536.25
2026-02-01 20:30:00+00:00,25531.25,25482.5,25450.25,25452.0
2026-02-01 20:45:00+00:00,25456.25,25445.75,25413.75,25405.25
2026-02-01 21:00:00+00:00,25416.25,25435.75,25408.25,25420.0
2026-02-01 21:15:00+00:00,25442.5,25416.5,25401.25,25418.25
2026-02-01 21:30:00+00:00,25434.5,25427.75,25405.0,25434.0
2026-02-01 21:45:00+00:00,25432.5,25403.5,25360.25,25369.75
2026-02-01 22:00:00+00:00,25376.75,25377.75,25366.75,25364.5
2026-02-01 22:15:00+00:00,25347.25,25352.75,25339.5,25357.5
2026-02-01 22:30:00+00:00,25341.25,25327.25,25292.75,25285.0
2026-02-01 22:45:00+00:00,25299.0,25291.5,25286.75,25269.75
2026-02-01 23:00:00+00:00,25286.0,25272.5,25227.75,25233.0
2026-02-01 23:15:00+00:00,25275.0,25307.75,25254.25,25315.0
2026-02-01 23:30:00+00:00,25320.0,25347.75,25309.5,25360.75
2026-02-01 23:45:00+00:00,25372.75,25356.0,25335.75,25351.75
2026-02-02 00:00:00+00:00,25346.25,25332.75,25295.25,25296.75
2026-02-02 00:15:00+00:00,25322.0,25299.25,25271.0,25278.75
2026-02-02 00:30:00+00:00,25276.0,25258.5,25253.5,25273.75
2026-02-02 00:45:00+00:00,25255.5,25265.0,25240.0,25240.0
2026-02-02 01:00:00+00:00,25274.0,25247.0,25219.0,25215.5
2026-02-02 01:15:00+00:00,25221.25,25219.0,25203.0,25238.5
2026-02-02 01:30:00+00:00,25253.0,25235.75,25193.0,25226.75
2026-02-02 01:45:00+00:00,25228.75,25221.0,25201.25,25228.25
2026-02-02 02:00:00+00:00,25252.5,25283.75,25233.0,25280.0
2026-02-02 02:15:00+00:00,25283.0,25291.0,25259.75,25296.5
2026-02-02 02:30:00+00:00,25305.75,25311.0,25278.0,25290.25
2026-02-02 02:45:00+00:00,25306.25,25335.5,25294.75,25339.5
2026-02-02 03:00:00+00:00,25357.25,25378.0,25348.5,25377.0
2026-02-02 03:15:00+00:00,25381.0,25391.75,25370.5,25397.75
2026-02-02 03:30:00+00:00,25396.0,25407.5,25391.0,25405.75
2026-02-02 03:45:00+00:00,25412.25,25411.25,25404.5,25413.0
2026-02-02 04:00:00+00:00,25409.0,25397.5,25358.75,25387.75
2026-02-02 04:15:00+00:00,25393.25,25443.0,25389.0,25439.0
2026-02-02 04:30:00+00:00,25440.25,25444.75,25435.25,25445.75
2026-02-02 04:45:00+00:00,25456.0,25454.5,25443.75,25447.0
2026-02-02 05:00:00+00:00,25456.0,25456.0,25439.5,25438.5
2026-02-02 05:15:00+00:00,25455.25,25454.0,25445.25,25444.5
2026-02-02 05:30:00+00:00,25452.5,25444.75,25412.25,25410.5
2026-02-02 05:45:00+00:00,25404.75,25414.0,25398.25,25398.25
2026-02-02 06:00:00+00:00,25414.0,25430.75,25405.0,25439.75
2026-02-02 06:15:00+00:00,25440.75,25433.25,25425.25,25439.5
2026-02-02 06:30:00+00:00,25460.5,25455.75,25451.0,25456.0
2026-02-02 06:45:00+00:00,25480.5,25470.5,25456.25,25454.0
2026-02-02 07:00:00+00:00,25461.25,25471.75,25451.0,25475.0
2026-02-02 07:15:00+00:00,25483.25,25506.5,25476.5,25508.75
2026-02-02 07:30:00+00:00,25515.5,25513.0,25507.75,25518.0
2026-02-02 07:45:00+00:00,25525.0,25519.0,25493.5,25483.75
2026-02-02 08:00:00+00:00,25488.25,25482.75,25458.5,25483.75
2026-02-02 08:15:00+00:00,25501.75,25488.25,25481.25,25484.5
2026-02-02 08:30:00+00:00,25487.25,25484.5,25461.75,25489.0
2026-02-02 08:45:00+00:00,25502.5,25530.5,25494.0,25534.75
2026-02-02 09:00:00+00:00,25538.25,25538.0,25527.5,25532.25
2026-02-02 09:15:00+00:00,25542.25,25536.5,25523.5,25522.75
2026-02-02 09:30:00+00:00,25633.5,25698.25,25542.5,25711.5
2026-02-02 09:45:00+00:00,25724.5,25778.75,25717.25,25760.25
2026-02-02 10:00:00+00:00,25788.0,25837.5,25746.75,25856.0
2026-02-02 10:15:00+00:00,25876.5,25889.0,25874.5,25878.75
2026-02-02 10:30:00+00:00,25874.5,25895.5,25865.5,25874.25
2026-02-02 10:45:00+00:00,25875.25,25860.5,25827.0,25827.25
2026-02-02 11:00:00+00:00,25844.5,25842.0,25811.25,25849.75
2026-02-02 11:15:00+00:00,25856.0,25880.75,25855.0,25874.25
2026-02-02 11:30:00+00:00,25893.0,25888.0,25864.25,25868.25
2026-02-02 11:45:00+00:00,25869.75,25883.75,25845.0,25891.0
2026-02-02 12:00:00+00:00,25908.0,25912.75,25893.5,25914.25
2026-02-02 12:15:00+00:00,25912.0,25910.75,25903.25,25909.75
2026-02-02 12:30:00+00:00,25917.75,25917.5,25906.25,25903.75
2026-02-02 12:45:00+00:00,25913.5,25929.0,25910.5,25930.0
2026-02-02 13:00:00+00:00,25928.25,25931.5,25923.75,25934.5
2026-02-02 13:15:00+00:00,25928.5,25923.75,25907.5,25918.5
2026-02-02 13:30:00+00:00,25917.0,25923.0,25910.75,25929.25
2026-02-02 13:45:00+00:00,25930.0,25934.75,25926.0,25941.0
2026-02-02 14:00:00+00:00,25942.0,25935.75,25931.75,25937.25
2026-02-02 14:15:00+00:00,25936.5,25932.75,25929.5,25925.75
2026-02-02 14:30:00+00:00,25922.25,25912.0,25899.25,25898.0
2026-02-02 14:45:00+00:00,25909.0,25904.0,25882.25,25896.0
2026-02-02 15:00:00+00:00,25874.75,25888.5,25847.25,25887.5
2026-02-02 15:15:00+00:00,25880.0,25886.75,25870.0,25880.75
2026-02-02 15:30:00+00:00,25866.0,25857.5,25853.25,25847.75
2026-02-02 15:45:00+00:00,25856.0,25852.75,25838.5,25858.75
2026-02-02 16:00:00+00:00,25860.0,25882.75,25852.0,25884.5
2026-02-02 16:15:00+00:00,25884.25,25880.5,25876.5,25881.5
2026-02-02 16:30:00+00:00,25891.0,25884.0,25871.75,25871.5
2026-02-02 16:45:00+00:00,25873.75,25881.0,25870.0,25876.75
2026-02-02 18:00:00+00:00,25891.5,25918.75,25876.5,25914.0
2026-02-02 18:15:00+00:00,25926.5,25932.5,25918.25,25926.0
2026-02-02 18:30:00+00:00,25954.0,25970.0,25937.75,25958.75
2026-02-02 18:45:00+00:00,25966.0,25959.5,25953.5,25949.5
2026-02-02 19:00:00+00:00,25950.0,25945.5,25927.75,25933.75
2026-02-02 19:15:00+00:00,25950.25,25975.75,25941.0,25977.75
2026-02-02 19:30:00+00:00,25977.25,25969.75,25960.75,25962.5
2026-02-02 19:45:00+00:00,25958.5,25954.0,25948.0,25950.75
2026-02-02 20:00:00+00:00,25961.25,25975.5,25954.0,25976.5
2026-02-02 20:15:00+00:00,25982.0,25983.75,25974.75,25975.75
2026-02-02 20:30:00+00:00,25972.25,25966.0,25959.25,25964.5
2026-02-02 20:45:00+00:00,25975.5,25967.25,25949.75,25956.25
2026-02-02 21:00:00+00:00,25960.0,25952.25,25924.0,25927.75
2026-02-02 21:15:00+00:00,25931.0,25946.25,25924.5,25926.5
2026-02-02 21:30:00+00:00,25926.75,25925.75,25905.75,25915.0
2026-02-02 21:45:00+00:00,25910.75,25927.5,25908.25,25927.5
2026-02-02 22:00:00+00:00,25932.25,25936.0,25924.25,25937.0
2026-02-02 22:15:00+00:00,25927.75,25937.5,25919.5,25941.25
2026-02-02 22:30:00+00:00,25944.0,25949.25,25929.0,25954.5
2026-02-02 22:45:00+00:00,25960.75,25956.75,25951.5,25955.75
2026-02-02 23:00:00+00:00,25966.75,25968.5,25955.75,25960.5
2026-02-02 23:15:00+00:00,25965.0,25960.75,25958.25,25962.0
2026-02-02 23:30:00+00:00,25967.0,25975.75,25962.0,25980.0
2026-02-02 23:45:00+00:00,25980.25,25979.0,25980.0,25978.5
2026-02-03 00:00:00+00:00,25982.5,25978.75,25958.5,25958.25
2026-02-03 00:15:00+00:00,25961.0,25971.25,25960.0,25968.75
2026-02-03 00:30:00+00:00,25971.0,25977.75,25968.75,25977.75
2026-02-03 00:45:00+00:00,25980.25,25990.5,25979.25,25988.5
2026-02-03 01:00:00+00:00,25989.25,25991.0,25976.75,25994.25
2026-02-03 01:15:00+00:00,25996.0,25997.25,25993.0,25992.25
2026-02-03 01:30:00+00:00,25988.5,25999.75,25985.75,26004.25
2026-02-03 01:45:00+00:00,26004.0,25999.0,25995.25,25999.75
2026-02-03 02:00:00+00:00,25993.5,25995.75,25988.5,25996.0
2026-02-03 02:15:00+00:00,25999.25,25996.5,25980.5,25986.25
2026-02-03 02:30:00+00:00,25989.25,26000.25,25988.0,26000.25
2026-02-03 02:45:00+00:00,26011.5,26024.0,26010.5,26026.0
2026-02-03 03:00:00+00:00,26012.5,26016.5,26001.75,26017.25
2026-02-03 03:15:00+00:00,26020.75,26014.25,26005.25,26015.25
2026-02-03 03:30:00+00:00,26004.5,25996.5,25983.75,25989.5
2026-02-03 03:45:00+00:00,25989.75,25989.0,25973.25,25977.5
2026-02-03 04:00:00+00:00,25997.75,26000.5,25977.0,25982.5
2026-02-03 04:15:00+00:00,25978.25,25979.0,25966.5,25964.0
2026-02-03 04:30:00+00:00,25967.75,25973.25,25960.5,25970.25
2026-02-03 04:45:00+00:00,25972.5,25973.5,25961.75,25962.0
2026-02-03 05:00:00+00:00,25975.75,25981.5,25970.5,25983.5
2026-02-03 05:15:00+00:00,25981.0,25976.25,25971.25,25973.5
2026-02-03 05:30:00+00:00,25971.0,25965.25,25948.25,25951.75
2026-02-03 05:45:00+00:00,25951.25,25958.5,25951.25,25961.0
2026-02-03 06:00:00+00:00,25958.5,25954.0,25945.0,25951.25
2026-02-03 06:15:00+00:00,25955.0,25958.75,25948.5,25942.75
2026-02-03 06:30:00+00:00,25949.75,25948.75,25940.0,25952.5
2026-02-03 06:45:00+00:00,25956.25,25955.5,25945.5,25957.75
2026-02-03 07:00:00+00:00,25956.5,25957.25,25929.25,25962.75
2026-02-03 07:15:00+00:00,25971.25,25977.5,25961.25,25980.75
2026-02-03 07:30:00+00:00,25988.5,25988.75,25985.75,25985.0
2026-02-03 07:45:00+00:00,25991.0,25987.0,25983.25,25983.5
2026-02-03 08:00:00+00:00,25985.25,25996.0,25979.75,26001.25
2026-02-03 08:15:00+00:00,25993.0,25991.5,25979.5,25992.25
2026-02-03 08:30:00+00:00,25993.0,25986.75,25978.5,25976.25
2026-02-03 08:45:00+00:00,25979.25,25976.0,25967.75,25962.5
2026-02-03 09:00:00+00:00,25968.0,25971.5,25958.25,25956.25
2026-02-03 09:15:00+00:00,25957.0,25945.75,25942.5,25947.0
2026-02-03 09:30:00+00:00,25952.25,25904.25,25807.0,25802.0
2026-02-03 09:45:00+00:00,25773.5,25792.0,25674.25,25654.5
2026-02-03 10:00:00+00:00,25646.75,25592.25,25571.0,25554.0
2026-02-03 10:15:00+00:00,25562.0,25574.0,25523.75,25558.25
2026-02-03 10:30:00+00:00,25560.0,25531.5,25489.0,25543.75
2026-02-03 10:45:00+00:00,25526.75,25611.25,25523.5,25618.0
2026-02-03 11:00:00+00:00,25619.75,25601.75,25551.25,25570.25
2026-02-03 11:15:00+00:00,25564.25,25549.25,25508.0,25524.0
2026-02-03 11:30:00+00:00,25510.25,25511.75,25497.5,25507.5
2026-02-03 11:45:00+00:00,25513.0,25509.5,25485.0,25519.75
2026-02-03 12:00:00+00:00,25494.0,25485.0,25473.75,25402.75
2026-02-03 12:15:00+00:00,25434.5,25445.5,25409.25,25435.25
2026-02-03 12:30:00+00:00,25421.75,25394.5,25357.0,25349.25
2026-02-03 12:45:00+00:00,25371.5,25405.25,25358.5,25391.0
2026-02-03 13:00:00+00:00,25392.75,25394.0,25372.5,25363.5
2026-02-03 13:15:00+00:00,25352.5,25343.5,25327.75,25324.75
2026-02-03 13:30:00+00:00,25331.0,25306.25,25304.25,25283.0
2026-02-03 13:45:00+00:00,25291.0,25278.0,25268.5,25261.25
2026-02-03 14:00:00+00:00,25260.0,25266.25,25223.0,25296.5
2026-02-03 14:15:00+00:00,25332.0,25340.5,25297.25,25312.5
2026-02-03 14:30:00+00:00,25324.5,25284.5,25282.5,25290.5
2026-02-03 14:45:00+00:00,25275.25,25299.5,25255.75,25308.25
2026-02-03 15:00:00+00:00,25326.75,25310.0,25287.25,25273.25
2026-02-03 15:15:00+00:00,25309.0,25328.75,25295.25,25340.75
2026-02-03 15:30:00+00:00,25357.0,25410.5,25330.25,25387.75
2026-02-03 15:45:00+00:00,25399.75,25432.0,25392.75,25434.75
2026-02-03 16:00:00+00:00,25465.25,25454.25,25445.75,25445.5
2026-02-03 16:15:00+00:00,25477.0,25431.25,25394.5,25424.0
2026-02-03 16:30:00+00:00,25427.75,25410.75,25402.75,25415.25
2026-02-03 16:45:00+00:00,25419.25,25412.25,25404.75,25409.25
2026-02-03 18:00:00+00:00,25396.5,25388.75,25373.5,25396.0
2026-02-03 18:15:00+00:00,25430.75,25426.0,25405.75,25409.25
2026-02-03 18:30:00+00:00,25399.5,25396.25,25390.5,25397.5
2026-02-03 18:45:00+00:00,25397.5,25416.5,25397.5,25421.25
2026-02-03 19:00:00+00:00,25435.0,25416.5,25407.75,25408.5
2026-02-03 19:15:00+00:00,25418.5,25428.25,25405.25,25403.0
2026-02-03 19:30:00+00:00,25416.25,25421.75,25409.75,25410.0
2026-02-03 19:45:00+00:00,25408.5,25401.5,25385.75,25390.25
2026-02-03 20:00:00+00:00,25407.0,25421.75,25377.5,25431.0
2026-02-03 20:15:00+00:00,25443.75,25443.25,25436.0,25442.75
2026-02-03 20:30:00+00:00,25445.5,25449.75,25433.0,25426.5
2026-02-03 20:45:00+00:00,25434.75,25431.5,25423.5,25436.25
2026-02-03 21:00:00+00:00,25452.25,25468.25,25441.5,25455.75
2026-02-03 21:15:00+00:00,25460.0,25450.75,25432.25,25418.0
2026-02-03 21:30:00+00:00,25432.25,25426.75,25409.75,25419.5
2026-02-03 21:45:00+00:00,25427.0,25420.0,25409.5,25416.5
2026-02-03 22:00:00+00:00,25423.25,25425.0,25405.25,25425.0
2026-02-03 22:15:00+00:00,25424.0,25430.5,25408.75,25434.0
2026-02-03 22:30:00+00:00,25432.0,25446.5,25423.0,25443.5
2026-02-03 22:45:00+00:00,25433.25,25425.75,25415.25,25427.75
2026-02-03 23:00:00+00:00,25435.0,25433.5,25431.0,25436.0
2026-02-03 23:15:00+00:00,25433.5,25431.5,25422.25,25418.25
2026-02-03 23:30:00+00:00,25426.75,25441.5,25425.0,25441.5
2026-02-03 23:45:00+00:00,25442.0,25439.75,25425.5,25427.5
2026-02-04 00:00:00+00:00,25437.0,25432.0,25420.25,25424.0
2026-02-04 00:15:00+00:00,25426.5,25434.0,25422.0,25434.5
2026-02-04 00:30:00+00:00,25432.5,25432.25,25413.5,25432.75
2026-02-04 00:45:00+00:00,25431.5,25437.5,25428.75,25431.25
2026-02-04 01:00:00+00:00,25442.5,25459.5,25442.0,25464.0
2026-02-04 01:15:00+00:00,25463.0,25460.25,25443.25,25455.75
2026-02-04 01:30:00+00:00,25462.75,25472.5,25448.75,25477.5
2026-02-04 01:45:00+00:00,25484.5,25483.5,25470.25,25471.25
2026-02-04 02:00:00+00:00,25478.25,25481.75,25470.75,25481.75
2026-02-04 02:15:00+00:00,25489.0,25494.25,25485.5,25493.0
2026-02-04 02:30:00+00:00,25490.5,25505.75,25485.5,25508.25
2026-02-04 02:45:00+00:00,25505.75,25508.5,25503.5,25506.0
2026-02-04 03:00:00+00:00,25509.5,25498.75,25476.75,25494.5
2026-02-04 03:15:00+00:00,25494.0,25486.75,25419.5,25415.25
2026-02-04 03:30:00+00:00,25415.75,25430.25,25412.25,25437.25
2026-02-04 03:45:00+00:00,25454.25,25446.25,25424.0,25426.0
2026-02-04 04:00:00+00:00,25428.25,25432.5,25427.75,25426.75
2026-02-04 04:15:00+00:00,25414.75,25405.5,25365.0,25376.25
2026-02-04 04:30:00+00:00,25397.75,25391.0,25378.5,25370.75
2026-02-04 04:45:00+00:00,25392.25,25390.0,25368.0,25405.0
2026-02-04 05:00:00+00:00,25406.0,25427.0,25402.25,25425.25
2026-02-04 05:15:00+00:00,25427.75,25437.25,25421.0,25438.0
2026-02-04 05:30:00+00:00,25459.5,25448.0,25438.0,25440.0
2026-02-04 05:45:00+00:00,25444.75,25452.75,25442.25,25453.75
2026-02-04 06:00:00+00:00,25453.25,25453.25,25440.0,25440.25
2026-02-04 06:15:00+00:00,25452.25,25455.5,25441.5,25457.25
2026-02-04 06:30:00+00:00,25452.0,25473.5,25449.5,25467.75
2026-02-04 06:45:00+00:00,25472.5,25473.0,25459.25,25474.25
2026-02-04 07:00:00+00:00,25484.75,25468.75,25439.25,25452.5
2026-02-04 07:15:00+00:00,25464.5,25457.75,25428.25,25425.75
2026-02-04 07:30:00+00:00,25436.5,25436.0,25408.75,25411.5
2026-02-04 07:45:00+00:00,25416.75,25416.5,25402.5,25415.25
2026-02-04 08:00:00+00:00,25408.25,25405.75,25376.5,25388.0
2026-02-04 08:15:00+00:00,25396.0,25393.75,25382.75,25392.75
2026-02-04 08:30:00+00:00,25397.75,25389.25,25383.0,25397.25
2026-02-04 08:45:00+00:00,25393.0,25374.0,25348.75,25366.25
2026-02-04 09:00:00+00:00,25361.0,25347.75,25326.5,25352.0
2026-02-04 09:15:00+00:00,25352.25,25366.75,25338.5,25366.75
2026-02-04 09:30:00+00:00,25386.75,25332.75,25268.25,25374.25
2026-02-04 09:45:00+00:00,25346.0,25309.25,25245.5,25230.25
2026-02-04 10:00:00+00:00,25194.25,25209.75,25133.5,25206.0
2026-02-04 10:15:00+00:00,25237.0,25255.75,25204.25,25237.75
2026-02-04 10:30:00+00:00,25259.75,25216.5,25155.75,25217.5
2026-02-04 10:45:00+00:00,25220.75,25193.0,25143.0,25135.5
2026-02-04 11:00:00+00:00,25171.5,25132.0,25066.5,25130.5
2026-02-04 11:15:00+00:00,25132.0,25126.5,25072.75,25133.75
2026-02-04 11:30:00+00:00,25136.75,25094.5,25001.75,25000.5
2026-02-04 11:45:00+00:00,24981.0,25006.75,24946.75,25025.75
2026-02-04 12:00:00+00:00,25038.75,25026.0,25008.0,25014.75
2026-02-04 12:15:00+00:00,25042.5,25017.5,24955.75,24917.0
2026-02-04 12:30:00+00:00,24895.0,24883.25,24824.0,24817.5
2026-02-04 12:45:00+00:00,24861.5,24845.75,24795.5,24868.75
2026-02-04 13:00:00+00:00,24888.75,24872.25,24833.0,24832.75
2026-02-04 13:15:00+00:00,24868.0,24927.5,24835.5,24930.75
2026-02-04 13:30:00+00:00,24944.25,24892.5,24863.5,24932.25
2026-02-04 13:45:00+00:00,24888.25,24934.25,24839.5,24954.0
2026-02-04 14:00:00+00:00,24931.75,24927.75,24887.25,24913.25
2026-02-04 14:15:00+00:00,24922.5,24932.25,24902.0,24946.25
2026-02-04 14:30:00+00:00,24993.5,25018.75,24963.25,25029.25
2026-02-04 14:45:00+00:00,25029.25,25096.25,25025.75,25107.5
2026-02-04 15:00:00+00:00,25123.75,25079.5,25038.75,25034.75
2026-02-04 15:15:00+00:00,25059.0,25069.75,25036.25,25078.0
2026-02-04 15:30:00+00:00,25066.25,25073.5,25049.75,25084.0
2026-02-04 15:45:00+00:00,25066.25,25072.75,24990.5,24995.75
2026-02-04 16:00:00+00:00,25032.25,25011.75,24934.75,25027.25
2026-02-04 16:15:00+00:00,25058.0,25032.5,25008.5,25040.75
2026-02-04 16:30:00+00:00,25065.5,25140.5,25042.25,25148.5
2026-02-04 16:45:00+00:00,25155.25,25141.75,25120.0,25120.25
2026-02-04 18:00:00+00:00,25086.0,25091.0,25060.0,25092.0
2026-02-04 18:15:00+00:00,25087.75,25081.75,25072.5,25092.25
2026-02-04 18:30:00+00:00,25109.0,25098.0,25066.75,25074.75
2026-02-04 18:45:00+00:00,25079.25,25085.0,25044.0,25054.5
2026-02-04 19:00:00+00:00,25067.5,25063.5,25045.5,25063.5
2026-02-04 19:15:00+00:00,25081.25,25106.0,25067.0,25112.5
2026-02-04 19:30:00+00:00,25119.0,25127.0,25106.75,25127.5
2026-02-04 19:45:00+00:00,25132.5,25125.75,25112.75,25116.25
2026-02-04 20:00:00+00:00,25114.25,25150.0,25109.25,25153.75
2026-02-04 20:15:00+00:00,25153.5,25150.0,25113.25,25133.25
2026-02-04 20:30:00+00:00,25137.25,25144.0,25128.5,25137.0
2026-02-04 20:45:00+00:00,25152.0,25141.25,25118.0,25123.0
2026-02-04 21:00:00+00:00,25130.5,25120.0,25081.5,25051.5
2026-02-04 21:15:00+00:00,25018.75,25037.75,24997.0,25051.75
2026-02-04 21:30:00+00:00,25072.25,25074.5,25059.5,25076.5
2026-02-04 21:45:00+00:00,25076.25,25052.0,25006.75,25014.5
2026-02-04 22:00:00+00:00,24980.0,24995.25,24962.0,25005.5
2026-02-04 22:15:00+00:00,25010.5,25008.5,24992.25,25013.75
2026-02-04 22:30:00+00:00,25018.5,25001.0,24973.75,24986.75
2026-02-04 22:45:00+00:00,24997.75,24983.5,24949.0,24947.5
2026-02-04 23:00:00+00:00,24969.0,24970.25,24944.75,24961.0
2026-02-04 23:15:00+00:00,24959.75,24945.75,24925.0,24935.5
2026-02-04 23:30:00+00:00,24952.75,24996.25,24949.25,24996.25
2026-02-04 23:45:00+00:00,25023.0,25018.25,25004.75,25005.5
2026-02-05 00:00:00+00:00,25023.5,25011.0,24983.25,25004.5
2026-02-05 00:15:00+00:00,24990.5,24984.25,24969.5,24996.0
2026-02-05 00:30:00+00:00,25010.25,25033.0,24993.5,25042.25
2026-02-05 00:45:00+00:00,25036.5,25021.75,24993.0,25000.25
2026-02-05 01:00:00+00:00,25004.5,25020.25,24996.75,25020.25
2026-02-05 01:15:00+00:00,25033.0,25034.5,25014.5,25021.5
2026-02-05 01:30:00+00:00,25039.75,25044.25,25026.0,25047.75
2026-02-05 01:45:00+00:00,25068.25,25065.25,25050.75,25066.5
2026-02-05 02:00:00+00:00,25072.5,25073.75,25067.0,25074.0
2026-02-05 02:15:00+00:00,25069.25,25067.75,25060.75,25065.75
2026-02-05 02:30:00+00:00,25086.75,25077.0,25059.0,25052.0
2026-02-05 02:45:00+00:00,25072.75,25076.0,25060.0,25050.0
2026-02-05 03:00:00+00:00,25069.25,25100.75,25043.75,25101.0
2026-02-05 03:15:00+00:00,25108.75,25113.0,25098.75,25090.75
2026-02-05 03:30:00+00:00,25103.5,25093.25,25081.25,25094.0
2026-02-05 03:45:00+00:00,25083.5,25068.25,25023.75,25031.0
2026-02-05 04:00:00+00:00,25025.0,25009.0,24980.0,25000.75
2026-02-05 04:15:00+00:00,25002.0,25058.75,24997.0,25067.0
2026-02-05 04:30:00+00:00,25078.5,25082.25,25042.75,25036.25
2026-02-05 04:45:00+00:00,25036.0,25041.75,25033.75,25033.75
2026-02-05 05:00:00+00:00,25034.5,25059.0,25030.5,25065.25
2026-02-05 05:15:00+00:00,25087.5,25081.25,25074.25,25088.0
2026-02-05 05:30:00+00:00,25088.25,25081.0,25035.25,25050.25
2026-02-05 05:45:00+00:00,25038.25,25043.75,25036.25,25035.75
2026-02-05 06:00:00+00:00,25033.75,25027.75,25017.0,25033.0
2026-02-05 06:15:00+00:00,25045.0,25048.75,25037.0,25035.75
2026-02-05 06:30:00+00:00,25032.75,25020.0,24996.75,25025.0
2026-02-05 06:45:00+00:00,25018.25,25028.25,25007.5,25031.75
2026-02-05 07:00:00+00:00,25034.0,25037.75,25021.75,25030.75
2026-02-05 07:15:00+00:00,25047.25,25039.25,24907.75,24917.25
2026-02-05 07:30:00+00:00,24917.75,24879.75,24818.5,24796.75
2026-02-05 07:45:00+00:00,24806.0,24773.5,24730.75,24771.5
2026-02-05 08:00:00+00:00,24804.0,24827.0,24792.5,24808.25
2026-02-05 08:15:00+00:00,24816.0,24804.25,24791.75,24791.25
2026-02-05 08:30:00+00:00,24801.25,24829.75,24793.25,24811.75
2026-02-05 08:45:00+00:00,24824.5,24810.0,24765.75,24776.25
2026-02-05 09:00:00+00:00,24793.25,24809.75,24768.25,24781.75
2026-02-05 09:15:00+00:00,24778.75,24761.0,24741.0,24744.0
2026-02-05 09:30:00+00:00,24770.25,24876.0,24720.25,24872.75
2026-02-05 09:45:00+00:00,24927.25,24887.75,24806.75,24801.0
2026-02-05 10:00:00+00:00,24800.75,24721.25,24619.0,24598.75
2026-02-05 10:15:00+00:00,24589.75,24611.25,24559.0,24567.25
2026-02-05 10:30:00+00:00,24627.5,24650.5,24560.5,24686.75
2026-02-05 10:45:00+00:00,24691.75,24618.0,24595.0,24575.0
2026-02-05 11:00:00+00:00,24646.25,24618.0,24562.0,24584.75
2026-02-05 11:15:00+00:00,24635.75,24726.5,24552.25,24749.0
2026-02-05 11:30:00+00:00,24808.25,24787.75,24773.25,24796.0
2026-02-05 11:45:00+00:00,24784.25,24820.25,24736.25,24817.0
2026-02-05 12:00:00+00:00,24833.75,24781.25,24751.25,24745.0
2026-02-05 12:15:00+00:00,24777.5,24840.75,24731.75,24855.0
2026-02-05 12:30:00+00:00,24859.0,24843.0,24818.5,24849.0
2026-02-05 12:45:00+00:00,24874.5,24843.5,24802.5,24790.25
2026-02-05 13:00:00+00:00,24811.75,24809.5,24767.0,24793.5
2026-02-05 13:15:00+00:00,24781.0,24765.0,24723.75,24737.75
2026-02-05 13:30:00+00:00,24755.0,24734.25,24715.5,24717.75
2026-02-05 13:45:00+00:00,24725.5,24709.5,24672.0,24689.5
2026-02-05 14:00:00+00:00,24710.5,24777.25,24700.25,24804.5
2026-02-05 14:15:00+00:00,24808.25,24821.75,24778.5,24769.25
2026-02-05 14:30:00+00:00,24765.0,24729.75,24689.5,24692.75
2026-02-05 14:45:00+00:00,24714.5,24695.5,24682.5,24687.5
2026-02-05 15:00:00+00:00,24711.75,24781.75,24711.75,24763.25
2026-02-05 15:15:00+00:00,24750.75,24706.25,24645.75,24647.0
2026-02-05 15:30:00+00:00,24657.0,24642.0,24627.75,24646.25
2026-02-05 15:45:00+00:00,24621.0,24641.0,24596.25,24658.75
2026-02-05 16:00:00+00:00,24685.25,24618.0,24559.25,24619.0
2026-02-05 16:15:00+00:00,24614.25,24584.5,24543.5,24552.0
2026-02-05 16:30:00+00:00,24547.0,24535.0,24442.75,24462.5
2026-02-05 16:45:00+00:00,24485.25,24459.25,24407.75,24434.75
2026-02-05 18:00:00+00:00,24448.75,24453.5,24416.0,24433.25
2026-02-05 18:15:00+00:00,24445.0,24434.25,24360.5,24393.75
2026-02-05 18:30:00+00:00,24434.5,24415.25,24355.25,24355.0
2026-02-05 18:45:00+00:00,24354.75,24347.0,24312.0,24335.0
2026-02-05 19:00:00+00:00,24337.0,24320.0,24266.75,24283.75
2026-02-05 19:15:00+00:00,24268.0,24356.5,24267.75,24360.0
2026-02-05 19:30:00+00:00,24386.25,24384.25,24348.25,24372.5
2026-02-05 19:45:00+00:00,24380.75,24368.25,24358.75,24373.0
2026-02-05 20:00:00+00:00,24426.25,24410.5,24400.75,24393.5
2026-02-05 20:15:00+00:00,24387.5,24369.5,24368.5,24364.5
2026-02-05 20:30:00+00:00,24377.25,24458.5,24365.0,24460.0
2026-02-05 20:45:00+00:00,24484.0,24525.75,24480.75,24527.0
2026-02-05 21:00:00+00:00,24547.25,24545.25,24531.0,24539.0
2026-02-05 21:15:00+00:00,24551.25,24551.75,24531.75,24546.0
2026-02-05 21:30:00+00:00,24566.0,24559.0,24536.0,24555.5
2026-02-05 21:45:00+00:00,24558.0,24543.75,24524.0,24536.75
2026-02-05 22:00:00+00:00,24539.5,24546.5,24534.25,24534.0
2026-02-05 22:15:00+00:00,24540.75,24535.75,24505.75,24522.75
2026-02-05 22:30:00+00:00,24543.75,24543.0,24492.0,24488.75
2026-02-05 22:45:00+00:00,24498.75,24526.25,24481.0,24527.25
2026-02-05 23:00:00+00:00,24527.5,24515.25,24504.0,24509.25
2026-02-05 23:15:00+00:00,24514.25,24501.75,24490.5,24496.75
2026-02-05 23:30:00+00:00,24495.75,24483.25,24453.0,24467.5
2026-02-05 23:45:00+00:00,24474.0,24463.75,24444.75,24446.25
2026-02-06 00:00:00+00:00,24458.75,24451.5,24440.25,24449.25
2026-02-06 00:15:00+00:00,24477.25,24466.0,24460.0,24485.75
2026-02-06 00:30:00+00:00,24501.0,24551.5,24490.0,24553.25
2026-02-06 00:45:00+00:00,24558.0,24590.5,24547.75,24589.75
2026-02-06 01:00:00+00:00,24587.0,24598.75,24582.0,24594.25
2026-02-06 01:15:00+00:00,24593.75,24595.0,24582.75,24583.5
2026-02-06 01:30:00+00:00,24613.75,24595.75,24551.75,24549.25
2026-02-06 01:45:00+00:00,24561.75,24554.25,24546.0,24556.5
2026-02-06 02:00:00+00:00,24551.0,24535.75,24510.25,24513.5
2026-02-06 02:15:00+00:00,24532.5,24555.25,24529.5,24558.75
2026-02-06 02:30:00+00:00,24575.0,24567.75,24552.75,24557.5
2026-02-06 02:45:00+00:00,24557.5,24543.5,24534.75,24541.75
2026-02-06 03:00:00+00:00,24562.25,24578.75,24495.0,24584.25
2026-02-06 03:15:00+00:00,24590.75,24568.75,24556.25,24564.25
2026-02-06 03:30:00+00:00,24552.25,24546.75,24544.75,24560.5
2026-02-06 03:45:00+00:00,24569.0,24579.5,24541.5,24593.75
2026-02-06 04:00:00+00:00,24588.5,24636.75,24576.75,24642.0
2026-02-06 04:15:00+00:00,24669.0,24697.75,24657.5,24711.75
2026-02-06 04:30:00+00:00,24737.25,24773.5,24721.75,24753.75
2026-02-06 04:45:00+00:00,24774.5,24759.5,24748.25,24744.0
2026-02-06 05:00:00+00:00,24749.5,24739.5,24718.0,24734.5
2026-02-06 05:15:00+00:00,24740.5,24739.5,24730.25,24729.0
2026-02-06 05:30:00+00:00,24723.75,24751.0,24719.5,24753.5
2026-02-06 05:45:00+00:00,24751.25,24779.25,24751.25,24784.75
2026-02-06 06:00:00+00:00,24820.0,24821.5,24793.0,24824.5
2026-02-06 06:15:00+00:00,24826.25,24817.0,24806.5,24816.75
2026-02-06 06:30:00+00:00,24823.75,24845.0,24811.0,24850.75
2026-02-06 06:45:00+00:00,24847.5,24855.0,24831.0,24857.5
2026-02-06 07:00:00+00:00,24858.75,24841.5,24823.0,24814.0
2026-02-06 07:15:00+00:00,24805.25,24802.0,24799.5,24796.75
2026-02-06 07:30:00+00:00,24797.0,24804.5,24778.25,24810.25
2026-02-06 07:45:00+00:00,24810.75,24794.75,24766.5,24787.5
2026-02-06 08:00:00+00:00,24794.5,24782.5,24766.0,24795.25
2026-02-06 08:15:00+00:00,24802.25,24823.75,24788.0,24821.0
2026-02-06 08:30:00+00:00,24851.75,24823.5,24816.5,24820.75
2026-02-06 08:45:00+00:00,24820.25,24804.75,24788.5,24803.0
2026-02-06 09:00:00+00:00,24802.25,24803.75,24795.5,24798.75
2026-02-06 09:15:00+00:00,24797.25,24797.0,24782.75,24758.75
2026-02-06 09:30:00+00:00,24769.5,24899.75,24760.5,24861.75
2026-02-06 09:45:00+00:00,24943.0,24938.75,24859.25,24894.5
2026-02-06 10:00:00+00:00,24864.75,24829.5,24793.0,24796.75
2026-02-06 10:15:00+00:00,24792.0,24871.5,24769.75,24883.5
2026-02-06 10:30:00+00:00,24907.5,24910.5,24892.25,24934.5
2026-02-06 10:45:00+00:00,24940.25,24921.5,24841.0,24883.0
2026-02-06 11:00:00+00:00,24901.5,24987.5,24895.25,24988.25
2026-02-06 11:15:00+00:00,25012.25,25006.25,24980.0,24982.75
2026-02-06 11:30:00+00:00,25025.0,25033.25,25006.75,25038.5
2026-02-06 11:45:00+00:00,25038.0,25028.75,25008.5,24993.75
2026-02-06 12:00:00+00:00,25005.5,25040.5,25001.0,25031.5
2026-02-06 12:15:00+00:00,25045.5,25052.75,25041.75,25066.25
2026-02-06 12:30:00+00:00,25076.5,25085.25,25041.5,25065.75
2026-02-06 12:45:00+00:00,25082.75,25091.25,25071.25,25092.25
2026-02-06 13:00:00+00:00,25110.25,25116.75,25092.75,25105.75
2026-02-06 13:15:00+00:00,25100.25,25101.25,25086.25,25083.25
2026-02-06 13:30:00+00:00,25098.5,25096.25,25089.75,25098.5
2026-02-06 13:45:00+00:00,25107.75,25101.25,25094.75,25095.25
2026-02-06 14:00:00+00:00,25092.0,25092.25,25084.25,25078.75
2026-02-06 14:15:00+00:00,25084.0,25096.25,25069.75,25094.5
2026-02-06 14:30:00+00:00,25108.5,25099.25,25081.0,25080.0
2026-02-06 14:45:00+00:00,25087.0,25094.5,25077.0,25074.25
2026-02-06 15:00:00+00:00,25070.25,25096.25,25070.25,25094.75
2026-02-06 15:15:00+00:00,25104.5,25116.0,25097.25,25117.5
2026-02-06 15:30:00+00:00,25109.5,25129.75,25105.25,25141.25
2026-02-06 15:45:00+00:00,25158.5,25198.75,25149.0,25185.0
2026-02-06 16:00:00+00:00,25160.0,25142.5,25128.25,25128.75
2026-02-06 16:15:00+00:00,25128.0,25128.0,25114.0,25112.25
2026-02-06 16:30:00+00:00,25112.75,25108.0,25104.0,25107.0
2026-02-06 16:45:00+00:00,25109.25,25102.25,25090.25,25098.75
2026-02-08 18:00:00+00:00,25216.75,25239.0,25153.75,25238.5
2026-02-08 18:15:00+00:00,25248.5,25252.5,25244.75,25245.25
2026-02-08 18:30:00+00:00,25250.0,25266.75,25229.25,25269.75
2026-02-08 18:45:00+00:00,25280.0,25282.25,25268.25,25274.75
2026-02-08 19:00:00+00:00,25306.0,25313.75,25275.0,25313.0
2026-02-08 19:15:00+00:00,25331.5,25335.5,25304.75,25306.25
2026-02-08 19:30:00+00:00,25308.75,25318.5,25294.5,25300.5
2026-02-08 19:45:00+00:00,25299.0,25289.75,25261.5,25273.0
2026-02-08 20:00:00+00:00,25264.75,25255.75,25247.0,25257.0
2026-02-08 20:15:00+00:00,25246.0,25246.0,25239.75,25250.0
2026-02-08 20:30:00+00:00,25253.5,25250.0,25226.75,25230.75
2026-02-08 20:45:00+00:00,25233.0,25226.5,25208.75,25211.75
2026-02-08 21:00:00+00:00,25223.25,25238.75,25214.5,25228.75
2026-02-08 21:15:00+00:00,25229.0,25231.25,25218.25,25216.5
2026-02-08 21:30:00+00:00,25235.25,25257.75,25226.25,25260.25
2026-02-08 21:45:00+00:00,25261.75,25256.0,25236.5,25227.25
2026-02-08 22:00:00+00:00,25242.0,25228.25,25223.5,25220.5
2026-02-08 22:15:00+00:00,25228.25,25228.0,25222.25,25218.75
2026-02-08 22:30:00+00:00,25218.0,25218.25,25199.25,25204.0
2026-02-08 22:45:00+00:00,25211.75,25209.25,25199.0,25197.25
2026-02-08 23:00:00+00:00,25211.75,25219.5,25189.5,25218.25
2026-02-08 23:15:00+00:00,25217.0,25215.5,25212.5,25214.5
2026-02-08 23:30:00+00:00,25213.75,25207.5,25194.5,25206.75
2026-02-08 23:45:00+00:00,25197.75,25201.5,25186.5,25188.75
2026-02-09 00:00:00+00:00,25187.5,25195.5,25182.5,25199.0
2026-02-09 00:15:00+00:00,25205.0,25214.75,25195.75,25214.5
2026-02-09 00:30:00+00:00,25215.5,25219.75,25203.5,25203.5
2026-02-09 00:45:00+00:00,25199.0,25216.25,25198.75,25214.75
2026-02-09 01:00:00+00:00,25222.0,25197.75,25184.5,25195.25
2026-02-09 01:15:00+00:00,25194.0,25184.0,25168.0,25172.75
2026-02-09 01:30:00+00:00,25185.0,25194.75,25166.75,25193.0
2026-02-09 01:45:00+00:00,25183.0,25192.25,25170.75,25166.25
2026-02-09 02:00:00+00:00,25170.0,25164.25,25161.75,25165.5
2026-02-09 02:15:00+00:00,25162.5,25165.25,25144.25,25143.5
2026-02-09 02:30:00+00:00,25140.25,25143.5,25131.75,25150.25
2026-02-09 02:45:00+00:00,25151.25,25161.75,25145.25,25155.25
2026-02-09 03:00:00+00:00,25183.0,25201.75,25158.25,25202.5
2026-02-09 03:15:00+00:00,25204.5,25198.5,25182.75,25182.25
2026-02-09 03:30:00+00:00,25180.0,25179.0,25169.75,25182.25
2026-02-09 03:45:00+00:00,25173.75,25176.0,25168.75,25173.75
2026-02-09 04:00:00+00:00,25177.25,25172.75,25160.5,25161.75
2026-02-09 04:15:00+00:00,25170.0,25159.25,25156.5,25160.75
2026-02-09 04:30:00+00:00,25158.5,25149.5,25115.5,25120.0
2026-02-09 04:45:00+00:00,25138.0,25130.75,25091.75,25086.0
2026-02-09 05:00:00+00:00,25093.75,25082.75,25058.25,25081.5
2026-02-09 05:15:00+00:00,25067.25,25054.0,25042.25,25044.75
2026-02-09 05:30:00+00:00,25040.0,25031.0,24978.75,24978.25
2026-02-09 05:45:00+00:00,24993.75,25047.5,24984.25,25050.0
2026-02-09 06:00:00+00:00,25052.75,25042.5,25031.75,25040.25
2026-02-09 06:15:00+00:00,25046.25,25042.0,25033.5,25055.0
2026-02-09 06:30:00+00:00,25071.75,25064.0,25051.0,25048.25
2026-02-09 06:45:00+00:00,25053.75,25058.75,25044.0,25054.25
2026-02-09 07:00:00+00:00,25055.5,25090.0,25024.5,25094.0
2026-02-09 07:15:00+00:00,25096.5,25087.75,25075.25,25084.5
2026-02-09 07:30:00+00:00,25094.5,25089.5,25084.5,25089.25
2026-02-09 07:45:00+00:00,25085.0,25090.5,25078.0,25086.0
2026-02-09 08:00:00+00:00,25111.0,25138.0,25101.0,25144.75
2026-02-09 08:15:00+00:00,25139.5,25144.25,25124.75,25123.5
2026-02-09 08:30:00+00:00,25123.5,25110.25,25097.75,25104.0
2026-02-09 08:45:00+00:00,25111.5,25106.0,25078.5,25083.25
2026-02-09 09:00:00+00:00,25090.75,25077.75,25069.75,25056.75
2026-02-09 09:15:00+00:00,25081.25,25071.75,25045.25,25075.5
2026-02-09 09:30:00+00:00,25073.0,25106.25,25030.0,25144.5
2026-02-09 09:45:00+00:00,25167.25,25164.5,25113.0,25115.0
2026-02-09 10:00:00+00:00,25139.75,25184.25,25106.25,25196.25
2026-02-09 10:15:00+00:00,25235.5,25238.25,25186.75,25179.0
2026-02-09 10:30:00+00:00,25228.75,25251.75,25182.75,25262.25
2026-02-09 10:45:00+00:00,25277.5,25314.25,25264.5,25327.75
2026-02-09 11:00:00+00:00,25327.0,25323.75,25311.5,25327.75
2026-02-09 11:15:00+00:00,25337.5,25341.5,25321.75,25350.25
2026-02-09 11:30:00+00:00,25359.0,25359.5,25345.0,25364.75
2026-02-09 11:45:00+00:00,25382.25,25393.75,25365.0,25401.25
2026-02-09 12:00:00+00:00,25397.5,25408.0,25390.75,25414.25
2026-02-09 12:15:00+00:00,25413.75,25408.75,25385.25,25388.0
2026-02-09 12:30:00+00:00,25391.75,25395.25,25381.5,25379.5
2026-02-09 12:45:00+00:00,25385.0,25378.75,25368.5,25367.5
2026-02-09 13:00:00+00:00,25356.0,25369.5,25355.0,25367.25
2026-02-09 13:15:00+00:00,25373.75,25371.25,25341.25,25340.5
2026-02-09 13:30:00+00:00,25352.0,25367.5,25342.5,25371.5
2026-02-09 13:45:00+00:00,25388.75,25375.0,25370.25,25379.25
2026-02-09 14:00:00+00:00,25372.25,25384.0,25370.0,25387.5
2026-02-09 14:15:00+00:00,25399.75,25410.25,25395.75,25414.25
2026-02-09 14:30:00+00:00,25423.5,25424.0,25418.75,25416.5
2026-02-09 14:45:00+00:00,25418.5,25414.25,25407.0,25409.75
2026-02-09 15:00:00+00:00,25403.25,25408.5,25399.25,25407.75
2026-02-09 15:15:00+00:00,25401.5,25394.5,25363.0,25368.75
2026-02-09 15:30:00+00:00,25364.5,25356.0,25351.75,25369.5
2026-02-09 15:45:00+00:00,25372.75,25377.0,25356.75,25364.5
2026-02-09 16:00:00+00:00,25355.5,25358.5,25338.25,25364.75
2026-02-09 16:15:00+00:00,25373.75,25367.75,25354.75,25363.5
2026-02-09 16:30:00+00:00,25366.75,25369.25,25364.75,25366.25
2026-02-09 16:45:00+00:00,25371.25,25369.5,25365.75,25365.5
2026-02-09 18:00:00+00:00,25389.0,25387.0,25356.0,25349.5
2026-02-09 18:15:00+00:00,25358.5,25346.75,25347.5,25356.75
2026-02-09 18:30:00+00:00,25352.5,25357.25,25339.5,25358.0
2026-02-09 18:45:00+00:00,25364.75,25349.0,25338.25,25338.75
2026-02-09 19:00:00+00:00,25353.75,25352.25,25327.0,25322.5
2026-02-09 19:15:00+00:00,25328.0,25329.25,25318.0,25328.75
2026-02-09 19:30:00+00:00,25333.0,25330.5,25316.75,25318.5
2026-02-09 19:45:00+00:00,25320.75,25338.5,25314.25,25338.5
2026-02-09 20:00:00+00:00,25342.0,25336.75,25329.75,25330.0
2026-02-09 20:15:00+00:00,25335.0,25334.25,25320.75,25331.0
2026-02-09 20:30:00+00:00,25317.0,25329.0,25302.5,25328.0
2026-02-09 20:45:00+00:00,25337.25,25346.25,25322.75,25325.75
2026-02-09 21:00:00+00:00,25336.0,25327.0,25319.0,25315.25
2026-02-09 21:15:00+00:00,25325.0,25320.75,25313.5,25310.75
2026-02-09 21:30:00+00:00,25323.0,25314.75,25296.0,25302.75
2026-02-09 21:45:00+00:00,25306.25,25310.0,25301.0,25306.5
2026-02-09 22:00:00+00:00,25309.25,25304.0,25284.75,25286.0
2026-02-09 22:15:00+00:00,25286.25,25293.25,25281.0,25294.5
2026-02-09 22:30:00+00:00,25292.25,25307.75,25290.0,25299.0
2026-02-09 22:45:00+00:00,25296.0,25306.75,25295.0,25303.5
2026-02-09 23:00:00+00:00,25303.25,25317.25,25299.0,25318.0
2026-02-09 23:15:00+00:00,25314.75,25320.0,25311.0,25318.5
2026-02-09 23:30:00+00:00,25322.0,25323.0,25316.75,25324.5
2026-02-09 23:45:00+00:00,25325.5,25338.0,25324.5,25344.0
2026-02-10 00:00:00+00:00,25347.0,25341.75,25332.25,25334.0
2026-02-10 00:15:00+00:00,25334.5,25333.0,25320.25,25314.5
2026-02-10 00:30:00+00:00,25317.0,25347.75,25314.25,25337.5
2026-02-10 00:45:00+00:00,25342.0,25351.5,25336.0,25352.0
2026-02-10 01:00:00+00:00,25354.25,25347.75,25329.0,25330.5
2026-02-10 01:15:00+00:00,25332.75,25328.0,25316.25,25321.5
2026-02-10 01:30:00+00:00,25327.0,25318.25,25300.0,25302.25
2026-02-10 01:45:00+00:00,25302.5,25303.0,25293.75,25305.25
2026-02-10 02:00:00+00:00,25315.0,25329.5,25314.25,25334.0
2026-02-10 02:15:00+00:00,25326.0,25333.75,25323.25,25329.5
2026-02-10 02:30:00+00:00,25331.25,25334.25,25330.0,25334.5
2026-02-10 02:45:00+00:00,25336.75,25341.25,25331.75,25341.75
2026-02-10 03:00:00+00:00,25355.5,25353.25,25328.0,25361.75
2026-02-10 03:15:00+00:00,25364.5,25353.75,25338.5,25352.75
2026-02-10 03:30:00+00:00,25351.25,25340.0,25335.25,25339.5
2026-02-10 03:45:00+00:00,25335.0,25339.75,25330.25,25329.0
2026-02-10 04:00:00+00:00,25346.75,25376.0,25335.0,25380.0
2026-02-10 04:15:00+00:00,25389.0,25397.25,25378.5,25396.5
2026-02-10 04:30:00+00:00,25395.5,25395.25,25387.25,25386.5
2026-02-10 04:45:00+00:00,25387.75,25379.5,25358.25,25363.0
2026-02-10 05:00:00+00:00,25366.25,25360.25,25352.75,25361.25
2026-02-10 05:15:00+00:00,25367.5,25361.25,25351.5,25363.0
2026-02-10 05:30:00+00:00,25363.0,25357.5,25351.0,25351.5
2026-02-10 05:45:00+00:00,25354.5,25369.0,25352.5,25360.5
2026-02-10 06:00:00+00:00,25355.25,25345.5,25341.5,25346.25
2026-02-10 06:15:00+00:00,25352.0,25358.5,25346.75,25358.75
2026-02-10 06:30:00+00:00,25357.0,25364.5,25354.25,25366.75
2026-02-10 06:45:00+00:00,25363.25,25369.5,25360.5,25370.75
2026-02-10 07:00:00+00:00,25377.75,25390.0,25369.75,25387.25
2026-02-10 07:15:00+00:00,25398.5,25404.75,25392.25,25408.0
2026-02-10 07:30:00+00:00,25420.5,25414.25,25371.25,25372.0
2026-02-10 07:45:00+00:00,25376.0,25362.0,25354.25,25348.75
2026-02-10 08:00:00+00:00,25341.75,25328.0,25295.75,25314.25
2026-02-10 08:15:00+00:00,25325.75,25328.75,25321.0,25331.5
2026-02-10 08:30:00+00:00,25329.75,25341.5,25329.75,25343.5
2026-02-10 08:45:00+00:00,25356.0,25368.0,25350.5,25369.75
2026-02-10 09:00:00+00:00,25381.0,25378.75,25372.75,25377.0
2026-02-10 09:15:00+00:00,25388.75,25391.5,25382.75,25393.0
2026-02-10 09:30:00+00:00,25399.0,25357.75,25290.25,25270.25
2026-02-10 09:45:00+00:00,25312.5,25386.5,25275.0,25399.0
2026-02-10 10:00:00+00:00,25399.0,25425.75,25392.5,25427.75
2026-02-10 10:15:00+00:00,25392.75,25405.25,25377.75,25412.75
2026-02-10 10:30:00+00:00,25422.75,25417.25,25396.75,25398.5
2026-02-10 10:45:00+00:00,25415.0,25403.25,25352.75,25379.0
2026-02-10 11:00:00+00:00,25387.0,25375.5,25375.0,25376.5
2026-02-10 11:15:00+00:00,25383.5,25379.0,25363.0,25349.5
2026-02-10 11:30:00+00:00,25350.25,25336.0,25342.0,25326.5
2026-02-10 11:45:00+00:00,25352.5,25337.0,25329.25,25334.5
2026-02-10 12:00:00+00:00,25333.25,25348.5,25314.25,25356.0
2026-02-10 12:15:00+00:00,25367.75,25374.75,25365.0,25369.0
2026-02-10 12:30:00+00:00,25370.75,25370.0,25354.25,25372.75
2026-02-10 12:45:00+00:00,25388.75,25387.75,25376.0,25385.5
2026-02-10 13:00:00+00:00,25386.0,25370.25,25356.5,25354.75
2026-02-10 13:15:00+00:00,25349.25,25336.75,25310.0,25299.5
2026-02-10 13:30:00+00:00,25300.0,25295.0,25291.0,25299.25
2026-02-10 13:45:00+00:00,25298.75,25302.0,25283.5,25304.0
2026-02-10 14:00:00+00:00,25318.5,25305.5,25292.25,25290.75
2026-02-10 14:15:00+00:00,25301.25,25296.75,25286.5,25293.25
2026-02-10 14:30:00+00:00,25308.5,25301.75,25295.75,25291.5
2026-02-10 14:45:00+00:00,25290.5,25296.75,25279.75,25301.5
2026-02-10 15:00:00+00:00,25292.5,25284.25,25257.25,25253.25
2026-02-10 15:15:00+00:00,25256.75,25265.5,25247.0,25254.5
2026-02-10 15:30:00+00:00,25265.0,25251.25,25238.75,25242.25
2026-02-10 15:45:00+00:00,25254.5,25254.75,25201.25,25209.25
2026-02-10 16:00:00+00:00,25236.0,25231.0,25219.75,25230.25
2026-02-10 16:15:00+00:00,25239.0,25233.25,25227.75,25230.75
2026-02-10 16:30:00+00:00,25236.5,25234.5,25232.5,25235.5
2026-02-10 16:45:00+00:00,25245.75,25250.5,25244.0,25253.0
2026-02-10 18:00:00+00:00,25274.75,25273.75,25259.0,25277.0
2026-02-10 18:15:00+00:00,25281.25,25282.75,25277.5,25282.5
2026-02-10 18:30:00+00:00,25278.5,25275.5,25271.5,25273.75
2026-02-10 18:45:00+00:00,25280.25,25280.75,25275.0,25275.25
2026-02-10 19:00:00+00:00,25276.75,25282.5,25273.5,25283.75
2026-02-10 19:15:00+00:00,25281.5,25279.75,25271.25,25281.0
2026-02-10 19:30:00+00:00,25278.75,25284.0,25277.75,25286.0
2026-02-10 19:45:00+00:00,25291.5,25293.25,25288.5,25294.0
2026-02-10 20:00:00+00:00,25296.0,25305.75,25291.0,25310.25
2026-02-10 20:15:00+00:00,25313.75,25309.25,25302.25,25305.0
2026-02-10 20:30:00+00:00,25311.25,25311.25,25303.0,25312.25
2026-02-10 20:45:00+00:00,25321.5,25323.25,25314.0,25318.5
2026-02-10 21:00:00+00:00,25316.5,25318.0,25311.0,25318.75
2026-02-10 21:15:00+00:00,25320.0,25325.75,25317.5,25315.75
2026-02-10 21:30:00+00:00,25324.25,25319.75,25308.75,25310.5
2026-02-10 21:45:00+00:00,25312.25,25322.25,25310.25,25323.75
2026-02-10 22:00:00+00:00,25325.25,25322.25,25311.75,25313.0
2026-02-10 22:15:00+00:00,25317.75,25320.75,25304.5,25320.75
2026-02-10 22:30:00+00:00,25323.5,25332.25,25318.25,25332.75
2026-02-10 22:45:00+00:00,25336.0,25339.5,25332.5,25340.25
2026-02-10 23:00:00+00:00,25340.0,25336.25,25326.25,25321.75
2026-02-10 23:15:00+00:00,25324.0,25327.5,25321.5,25319.0
2026-02-10 23:30:00+00:00,25315.75,25313.0,25299.0,25301.5
2026-02-10 23:45:00+00:00,25307.75,25310.75,25303.25,25305.0
2026-02-11 00:00:00+00:00,25309.75,25317.0,25305.5,25317.5
2026-02-11 00:15:00+00:00,25318.25,25316.5,25309.25,25312.25
2026-02-11 00:30:00+00:00,25306.75,25299.75,25292.5,25289.75
2026-02-11 00:45:00+00:00,25286.75,25290.25,25281.75,25288.0
2026-02-11 01:00:00+00:00,25296.0,25310.5,25287.75,25293.5
2026-02-11 01:15:00+00:00,25290.75,25284.0,25282.25,25279.5
2026-02-11 01:30:00+00:00,25282.75,25283.25,25274.5,25283.5
2026-02-11 01:45:00+00:00,25279.25,25272.75,25272.5,25272.75
2026-02-11 02:00:00+00:00,25274.0,25282.75,25265.0,25266.0
2026-02-11 02:15:00+00:00,25261.5,25284.75,25256.0,25288.0
2026-02-11 02:30:00+00:00,25284.5,25279.75,25263.0,25266.25
2026-02-11 02:45:00+00:00,25279.0,25276.0,25267.5,25266.75
2026-02-11 03:00:00+00:00,25278.5,25269.25,25247.5,25238.75
2026-02-11 03:15:00+00:00,25232.0,25240.25,25216.0,25242.25
2026-02-11 03:30:00+00:00,25248.25,25256.5,25238.25,25251.75
2026-02-11 03:45:00+00:00,25261.0,25256.75,25256.0,25254.25
2026-02-11 04:00:00+00:00,25254.25,25271.0,25250.0,25271.5
2026-02-11 04:15:00+00:00,25262.25,25254.25,25239.75,25250.5
2026-02-11 04:30:00+00:00,25257.25,25249.5,25209.5,25213.0
2026-02-11 04:45:00+00:00,25218.75,25223.0,25211.5,25218.0
2026-02-11 05:00:00+00:00,25206.0,25184.0,25152.5,25172.25
2026-02-11 05:15:00+00:00,25168.5,25185.0,25163.5,25192.25
2026-02-11 05:30:00+00:00,25191.25,25186.5,25181.5,25188.5
2026-02-11 05:45:00+00:00,25189.75,25191.25,25175.0,25199.0
2026-02-11 06:00:00+00:00,25214.5,25227.0,25207.5,25216.5
2026-02-11 06:15:00+00:00,25218.25,25237.5,25216.75,25242.75
2026-02-11 06:30:00+00:00,25249.0,25242.5,25227.25,25227.75
2026-02-11 06:45:00+00:00,25223.25,25235.5,25221.75,25216.25
2026-02-11 07:00:00+00:00,25230.25,25261.25,25210.0,25262.0
2026-02-11 07:15:00+00:00,25274.25,25266.0,25261.0,25260.0
2026-02-11 07:30:00+00:00,25259.25,25251.0,25240.75,25246.5
2026-02-11 07:45:00+00:00,25248.25,25244.0,25231.5,25245.0
2026-02-11 08:00:00+00:00,25247.25,25246.25,25241.25,25240.25
2026-02-11 08:15:00+00:00,25251.0,25259.25,25250.5,25255.0
2026-02-11 08:30:00+00:00,25343.0,25338.0,25251.25,25328.0
2026-02-11 08:45:00+00:00,25363.25,25439.0,25343.5,25441.25
2026-02-11 09:00:00+00:00,25446.5,25429.5,25414.25,25416.0
2026-02-11 09:15:00+00:00,25421.5,25424.0,25409.25,25428.75
2026-02-11 09:30:00+00:00,25464.5,25397.25,25351.5,25366.75
2026-02-11 09:45:00+00:00,25426.25,25382.75,25352.0,25328.5
2026-02-11 10:00:00+00:00,25317.75,25295.25,25211.25,25177.5
2026-02-11 10:15:00+00:00,25195.0,25162.0,25074.5,25072.25
2026-02-11 10:30:00+00:00,25104.75,25159.0,25077.0,25177.25
2026-02-11 10:45:00+00:00,25206.5,25241.5,25151.25,25243.5
2026-02-11 11:00:00+00:00,25264.25,25231.5,25193.25,25239.5
2026-02-11 11:15:00+00:00,25262.0,25261.0,25233.5,25208.5
2026-02-11 11:30:00+00:00,25214.25,25225.75,25188.5,25235.0
2026-02-11 11:45:00+00:00,25235.0,25221.5,25190.25,25187.25
2026-02-11 12:00:00+00:00,25184.25,25193.25,25159.5,25222.0
2026-02-11 12:15:00+00:00,25216.5,25278.0,25207.25,25280.0
2026-02-11 12:30:00+00:00,25294.75,25282.25,25275.5,25296.0
2026-02-11 12:45:00+00:00,25306.5,25300.0,25276.25,25268.0
2026-02-11 13:00:00+00:00,25273.5,25260.75,25223.0,25215.0
2026-02-11 13:15:00+00:00,25214.75,25243.0,25210.5,25262.0
2026-02-11 13:30:00+00:00,25287.5,25278.0,25260.25,25265.0
2026-02-11 13:45:00+00:00,25275.5,25302.25,25271.0,25303.0
2026-02-11 14:00:00+00:00,25304.25,25292.75,25278.25,25299.5
2026-02-11 14:15:00+00:00,25327.25,25347.0,25316.0,25347.0
2026-02-11 14:30:00+00:00,25351.25,25350.0,25332.75,25338.0
2026-02-11 14:45:00+00:00,25344.25,25318.75,25311.0,25321.75
2026-02-11 15:00:00+00:00,25308.75,25306.25,25305.0,25306.0
2026-02-11 15:15:00+00:00,25317.75,25303.5,25299.5,25293.25
2026-02-11 15:30:00+00:00,25285.25,25301.0,25276.75,25307.75
2026-02-11 15:45:00+00:00,25312.25,25307.0,25297.75,25303.25
2026-02-11 16:00:00+00:00,25287.25,25279.0,25277.75,25285.75
2026-02-11 16:15:00+00:00,25284.25,25290.25,25276.0,25281.25
2026-02-11 16:30:00+00:00,25296.25,25290.25,25281.75,25284.5
2026-02-11 16:45:00+00:00,25290.5,25287.75,25279.75,25287.75
2026-02-11 18:00:00+00:00,25289.0,25279.5,25254.75,25252.25
2026-02-11 18:15:00+00:00,25262.0,25261.0,25245.25,25242.0
2026-02-11 18:30:00+00:00,25242.25,25228.25,25215.25,25234.0
2026-02-11 18:45:00+00:00,25239.75,25237.25,25229.75,25230.25
2026-02-11 19:00:00+00:00,25233.75,25246.25,25228.75,25229.5
2026-02-11 19:15:00+00:00,25233.25,25233.0,25225.0,25226.5
2026-02-11 19:30:00+00:00,25238.25,25253.0,25231.0,25253.25
2026-02-11 19:45:00+00:00,25272.25,25266.5,25264.75,25269.5
2026-02-11 20:00:00+00:00,25276.75,25266.75,25259.75,25270.25
2026-02-11 20:15:00+00:00,25267.0,25274.25,25246.0,25285.5
2026-02-11 20:30:00+00:00,25281.25,25301.25,25280.25,25311.25
2026-02-11 20:45:00+00:00,25307.5,25298.5,25296.5,25302.75
2026-02-11 21:00:00+00:00,25310.5,25301.75,25290.25,25297.75
2026-02-11 21:15:00+00:00,25290.5,25287.5,25277.25,25289.25
2026-02-11 21:30:00+00:00,25283.25,25284.25,25276.75,25272.5
2026-02-11 21:45:00+00:00,25275.25,25288.25,25275.25,25292.5
2026-02-11 22:00:00+00:00,25294.5,25299.25,25292.5,25299.5
2026-02-11 22:15:00+00:00,25298.5,25297.25,25288.25,25290.5
2026-02-11 22:30:00+00:00,25307.5,25315.0,25306.25,25316.5
2026-02-11 22:45:00+00:00,25320.75,25317.75,25312.25,25312.0
2026-02-11 23:00:00+00:00,25312.0,25309.25,25305.75,25310.0
2026-02-11 23:15:00+00:00,25317.0,25337.0,25311.75,25337.5
2026-02-11 23:30:00+00:00,25338.0,25334.25,25319.0,25320.5
2026-02-11 23:45:00+00:00,25322.0,25326.0,25318.5,25329.0
2026-02-12 00:00:00+00:00,25334.0,25334.75,25328.0,25335.25
2026-02-12 00:15:00+00:00,25337.5,25341.25,25334.5,25333.75
2026-02-12 00:30:00+00:00,25333.5,25339.0,25328.25,25344.25
2026-02-12 00:45:00+00:00,25338.75,25338.75,25333.5,25334.0
2026-02-12 01:00:00+00:00,25341.75,25337.75,25323.0,25333.25
2026-02-12 01:15:00+00:00,25340.75,25336.5,25314.75,25318.0
2026-02-12 01:30:00+00:00,25332.5,25318.5,25301.25,25300.0
2026-02-12 01:45:00+00:00,25304.25,25314.0,25297.75,25318.5
2026-02-12 02:00:00+00:00,25328.0,25330.5,25319.25,25329.75
2026-02-12 02:15:00+00:00,25333.75,25347.5,25333.5,25348.0
2026-02-12 02:30:00+00:00,25357.25,25351.5,25350.75,25354.25
2026-02-12 02:45:00+00:00,25354.75,25349.75,25345.0,25352.25
2026-02-12 03:00:00+00:00,25369.0,25362.0,25350.25,25346.0
2026-02-12 03:15:00+00:00,25359.0,25352.5,25349.5,25343.75
2026-02-12 03:30:00+00:00,25350.75,25342.5,25331.75,25334.25
2026-02-12 03:45:00+00:00,25337.25,25349.75,25330.25,25357.25
2026-02-12 04:00:00+00:00,25353.75,25353.5,25344.0,25353.5
2026-02-12 04:15:00+00:00,25359.5,25356.25,25352.0,25357.5
2026-02-12 04:30:00+00:00,25350.5,25348.0,25346.5,25347.25
2026-02-12 04:45:00+00:00,25346.0,25349.0,25337.75,25352.25
2026-02-12 05:00:00+00:00,25354.75,25363.5,25350.75,25341.75
2026-02-12 05:15:00+00:00,25344.75,25345.5,25338.0,25336.0
2026-02-12 05:30:00+00:00,25347.0,25348.0,25339.75,25348.0
2026-02-12 05:45:00+00:00,25346.0,25345.75,25342.0,25346.25
2026-02-12 06:00:00+00:00,25354.5,25353.75,25347.25,25352.0
2026-02-12 06:15:00+00:00,25358.25,25360.5,25355.75,25363.5
2026-02-12 06:30:00+00:00,25369.5,25365.0,25344.0,25346.25
2026-02-12 06:45:00+00:00,25348.0,25362.5,25344.5,25364.5
2026-02-12 07:00:00+00:00,25369.0,25362.5,25347.0,25348.0
2026-02-12 07:15:00+00:00,25354.75,25359.0,25353.75,25359.0
2026-02-12 07:30:00+00:00,25368.5,25376.5,25364.0,25377.75
2026-02-12 07:45:00+00:00,25366.5,25367.5,25357.5,25356.0
2026-02-12 08:00:00+00:00,25358.5,25353.25,25339.5,25341.75
2026-02-12 08:15:00+00:00,25330.75,25335.5,25328.5,25336.25
2026-02-12 08:30:00+00:00,25349.0,25410.25,25342.75,25416.0
2026-02-12 08:45:00+00:00,25413.75,25408.5,25385.25,25407.0
2026-02-12 09:00:00+00:00,25400.25,25387.75,25377.25,25377.75
2026-02-12 09:15:00+00:00,25368.75,25374.0,25367.5,25356.75
2026-02-12 09:30:00+00:00,25367.25,25350.75,25346.25,25354.0
2026-02-12 09:45:00+00:00,25323.75,25273.0,25224.0,25220.75
2026-02-12 10:00:00+00:00,25208.25,25233.0,25176.75,25203.0
2026-02-12 10:15:00+00:00,25240.25,25217.5,25216.5,25228.0
2026-02-12 10:30:00+00:00,25253.75,25223.5,25097.75,25099.75
2026-02-12 10:45:00+00:00,25109.0,25082.25,25045.75,25032.25
2026-02-12 11:00:00+00:00,25018.0,25002.0,24945.5,24949.75
2026-02-12 11:15:00+00:00,24950.75,24911.0,24844.75,24865.0
2026-02-12 11:30:00+00:00,24838.75,24889.75,24819.0,24903.0
2026-02-12 11:45:00+00:00,24897.0,24872.5,24847.75,24863.25
2026-02-12 12:00:00+00:00,24878.0,24869.25,24846.25,24845.5
2026-02-12 12:15:00+00:00,24870.5,24893.0,24845.25,24906.5
2026-02-12 12:30:00+00:00,24896.0,24897.25,24870.25,24897.0
2026-02-12 12:45:00+00:00,24904.75,24892.5,24839.5,24832.75
2026-02-12 13:00:00+00:00,24827.75,24857.0,24825.5,24863.0
2026-02-12 13:15:00+00:00,24856.75,24845.0,24819.0,24839.25
2026-02-12 13:30:00+00:00,24844.25,24882.0,24828.25,24894.0
2026-02-12 13:45:00+00:00,24908.25,24913.75,24886.5,24921.0
2026-02-12 14:00:00+00:00,24919.25,24901.75,24854.0,24849.0
2026-02-12 14:15:00+00:00,24890.0,24907.5,24868.25,24875.25
2026-02-12 14:30:00+00:00,24889.75,24916.0,24870.75,24937.0
2026-02-12 14:45:00+00:00,24931.5,24922.0,24914.25,24923.0
2026-02-12 15:00:00+00:00,24912.75,24898.0,24856.5,24856.0
2026-02-12 15:15:00+00:00,24873.5,24860.0,24816.75,24814.0
2026-02-12 15:30:00+00:00,24816.0,24809.0,24803.75,24811.0
2026-02-12 15:45:00+00:00,24808.25,24792.25,24744.75,24764.75
2026-02-12 16:00:00+00:00,24769.0,24795.75,24764.5,24798.75
2026-02-12 16:15:00+00:00,24811.75,24807.0,24804.25,24812.25
2026-02-12 16:30:00+00:00,24826.25,24829.25,24823.25,24828.5
2026-02-12 16:45:00+00:00,24826.25,24831.5,24824.25,24830.5
2026-02-12 18:00:00+00:00,24844.0,24840.0,24818.75,24843.75
2026-02-12 18:15:00+00:00,24840.75,24838.0,24830.75,24842.0
2026-02-12 18:30:00+00:00,24845.0,24838.5,24767.5,24780.5
2026-02-12 18:45:00+00:00,24790.25,24828.25,24785.25,24830.25
2026-02-12 19:00:00+00:00,24834.0,24849.75,24820.0,24852.75
2026-02-12 19:15:00+00:00,24847.0,24842.5,24771.25,24776.25
2026-02-12 19:30:00+00:00,24782.5,24775.75,24770.0,24766.0
2026-02-12 19:45:00+00:00,24751.5,24738.75,24716.25,24740.0
2026-02-12 20:00:00+00:00,24760.0,24807.75,24731.25,24812.0
2026-02-12 20:15:00+00:00,24816.0,24812.75,24783.5,24786.75
2026-02-12 20:30:00+00:00,24806.75,24799.75,24787.0,24797.5
2026-02-12 20:45:00+00:00,24795.5,24813.5,24777.0,24776.75
2026-02-12 21:00:00+00:00,24809.25,24819.25,24788.25,24819.25
2026-02-12 21:15:00+00:00,24820.5,24804.0,24798.75,24807.0
2026-02-12 21:30:00+00:00,24822.0,24823.0,24813.75,24822.75
2026-02-12 21:45:00+00:00,24810.5,24804.75,24800.0,24804.75
2026-02-12 22:00:00+00:00,24807.75,24812.75,24798.5,24805.25
2026-02-12 22:15:00+00:00,24806.0,24802.25,24773.75,24773.5
2026-02-12 22:30:00+00:00,24780.25,24785.75,24775.5,24780.5
2026-02-12 22:45:00+00:00,24787.25,24782.0,24754.5,24750.75
2026-02-12 23:00:00+00:00,24751.25,24761.75,24750.5,24762.5
2026-02-12 23:15:00+00:00,24782.0,24786.25,24769.0,24784.5
2026-02-12 23:30:00+00:00,24785.5,24782.25,24764.0,24766.25
2026-02-12 23:45:00+00:00,24768.0,24760.0,24756.0,24760.0
2026-02-13 00:00:00+00:00,24759.5,24759.25,24754.75,24754.0
2026-02-13 00:15:00+00:00,24753.5,24737.0,24712.75,24712.0
2026-02-13 00:30:00+00:00,24716.75,24710.75,24704.5,24721.25
2026-02-13 00:45:00+00:00,24720.25,24720.75,24707.75,24718.0
2026-02-13 01:00:00+00:00,24720.0,24719.25,24711.75,24714.75
2026-02-13 01:15:00+00:00,24725.75,24724.0,24685.5,24685.5
2026-02-13 01:30:00+00:00,24688.5,24668.5,24650.5,24653.75
2026-02-13 01:45:00+00:00,24667.75,24713.25,24665.5,24722.0
2026-02-13 02:00:00+00:00,24744.25,24733.5,24713.5,24742.0
2026-02-13 02:15:00+00:00,24743.0,24750.75,24736.0,24746.25
2026-02-13 02:30:00+00:00,24745.75,24734.75,24725.5,24732.0
2026-02-13 02:45:00+00:00,24729.75,24729.5,24720.0,24729.5
2026-02-13 03:00:00+00:00,24754.5,24761.75,24730.0,24761.25
2026-02-13 03:15:00+00:00,24737.75,24733.5,24683.5,24740.25
2026-02-13 03:30:00+00:00,24747.0,24744.5,24724.75,24732.0
2026-02-13 03:45:00+00:00,24764.0,24773.75,24750.0,24772.0
2026-02-13 04:00:00+00:00,24778.25,24771.75,24739.0,24776.5
2026-02-13 04:15:00+00:00,24763.25,24796.0,24755.25,24798.5
2026-02-13 04:30:00+00:00,24795.5,24798.25,24795.25,24798.75
2026-02-13 04:45:00+00:00,24794.0,24802.25,24778.5,24778.5
2026-02-13 05:00:00+00:00,24779.0,24776.5,24769.75,24776.75
2026-02-13 05:15:00+00:00,24790.25,24791.25,24783.5,24792.25
2026-02-13 05:30:00+00:00,24793.25,24787.5,24759.75,24764.25
2026-02-13 05:45:00+00:00,24763.25,24753.75,24734.0,24735.5
2026-02-13 06:00:00+00:00,24738.5,24720.0,24685.5,24681.75
2026-02-13 06:15:00+00:00,24673.25,24672.25,24662.5,24675.75
2026-02-13 06:30:00+00:00,24669.0,24685.0,24636.0,24688.0
2026-02-13 06:45:00+00:00,24676.25,24709.75,24673.75,24711.25
2026-02-13 07:00:00+00:00,24745.75,24718.5,24677.75,24692.0
2026-02-13 07:15:00+00:00,24687.5,24712.75,24684.25,24714.0
2026-02-13 07:30:00+00:00,24710.25,24723.75,24707.75,24719.75
2026-02-13 07:45:00+00:00,24724.25,24718.25,24697.5,24722.25
2026-02-13 08:00:00+00:00,24699.5,24706.0,24644.75,24646.0
2026-02-13 08:15:00+00:00,24638.25,24694.25,24636.5,24698.5
2026-02-13 08:30:00+00:00,24823.25,24781.0,24706.0,24791.25
2026-02-13 08:45:00+00:00,24774.75,24784.75,24748.75,24786.0
2026-02-13 09:00:00+00:00,24800.5,24807.25,24736.5,24744.25
2026-02-13 09:15:00+00:00,24756.5,24740.75,24721.5,24729.0
2026-02-13 09:30:00+00:00,24764.0,24727.0,24599.75,24604.75
2026-02-13 09:45:00+00:00,24804.5,24813.75,24692.25,24683.5
2026-02-13 10:00:00+00:00,24758.75,24789.0,24697.5,24794.5
2026-02-13 10:15:00+00:00,24790.75,24806.75,24743.75,24840.75
2026-02-13 10:30:00+00:00,24896.0,24902.75,24823.5,24800.25
2026-02-13 10:45:00+00:00,24790.5,24800.75,24747.25,24815.25
2026-02-13 11:00:00+00:00,24833.0,24866.25,24811.0,24807.0
2026-02-13 11:15:00+00:00,24841.25,24835.75,24764.25,24855.0
2026-02-13 11:30:00+00:00,24856.75,24869.75,24851.0,24869.0
2026-02-13 11:45:00+00:00,24905.75,24912.25,24889.0,24917.0
2026-02-13 12:00:00+00:00,24897.5,24918.75,24894.25,24931.5
2026-02-13 12:15:00+00:00,24955.5,24958.25,24927.25,24955.0
2026-02-13 12:30:00+00:00,24964.75,24976.25,24950.25,24978.5
2026-02-13 12:45:00+00:00,24968.75,24955.5,24957.5,24946.75
2026-02-13 13:00:00+00:00,24955.25,24943.5,24910.75,24945.0
2026-02-13 13:15:00+00:00,24958.5,24969.75,24942.75,24955.25
2026-02-13 13:30:00+00:00,24964.5,24981.0,24955.0,24946.25
2026-02-13 13:45:00+00:00,24962.0,24971.5,24943.0,24943.75
2026-02-13 14:00:00+00:00,24944.75,24948.75,24930.75,24962.5
2026-02-13 14:15:00+00:00,24949.5,24960.0,24938.25,24934.25
2026-02-13 14:30:00+00:00,24946.75,24934.5,24894.0,24907.75
2026-02-13 14:45:00+00:00,24934.0,24910.0,24890.5,24889.5
2026-02-13 15:00:00+00:00,24870.75,24873.5,24852.25,24853.25
2026-02-13 15:15:00+00:00,24840.25,24829.75,24790.5,24773.5
2026-02-13 15:30:00+00:00,24775.75,24752.5,24752.25,24737.75
2026-02-13 15:45:00+00:00,24764.5,24776.5,24749.25,24793.25
2026-02-13 16:00:00+00:00,24828.0,24801.75,24779.5,24787.5
2026-02-13 16:15:00+00:00,24800.5,24790.25,24779.75,24779.5
2026-02-13 16:30:00+00:00,24786.0,24789.5,24782.5,24785.0
2026-02-13 16:45:00+00:00,24787.5,24783.25,24776.25,24790.5
2026-02-15 18:00:00+00:00,24834.75,24788.25,24765.75,24781.0
2026-02-15 18:15:00+00:00,24805.0,24821.0,24798.5,24827.25
2026-02-15 18:30:00+00:00,24830.75,24818.75,24800.0,24813.5
2026-02-15 18:45:00+00:00,24820.0,24810.0,24794.75,24805.5
2026-02-15 19:00:00+00:00,24838.25,24834.5,24816.5,24843.0
2026-02-15 19:15:00+00:00,24845.25,24840.0,24829.0,24838.5
2026-02-15 19:30:00+00:00,24842.75,24842.0,24838.75,24840.0
2026-02-15 19:45:00+00:00,24838.0,24842.0,24832.25,24842.75
2026-02-15 20:00:00+00:00,24836.5,24838.5,24833.0,24833.0
2026-02-15 20:15:00+00:00,24834.75,24836.25,24832.5,24837.75
2026-02-15 20:30:00+00:00,24837.75,24835.0,24832.0,24837.75
2026-02-15 20:45:00+00:00,24836.75,24856.75,24836.25,24857.75
2026-02-15 21:00:00+00:00,24858.25,24867.25,24842.75,24843.25
2026-02-15 21:15:00+00:00,24850.5,24847.5,24845.75,24848.0
2026-02-15 21:30:00+00:00,24849.75,24847.75,24841.75,24844.75
2026-02-15 21:45:00+00:00,24844.5,24842.0,24828.75,24830.25
2026-02-15 22:00:00+00:00,24834.0,24830.0,24827.5,24828.75
2026-02-15 22:15:00+00:00,24831.5,24831.25,24820.25,24820.0
2026-02-15 22:30:00+00:00,24820.5,24814.5,24810.75,24813.25
2026-02-15 22:45:00+00:00,24813.75,24822.0,24813.75,24824.0
2026-02-15 23:00:00+00:00,24831.0,24834.0,24824.5,24827.0
2026-02-15 23:15:00+00:00,24824.5,24833.25,24822.25,24836.0
2026-02-15 23:30:00+00:00,24838.75,24837.0,24824.5,24824.5
2026-02-15 23:45:00+00:00,24825.5,24830.25,24823.75,24826.0
2026-02-16 00:00:00+00:00,24825.75,24824.0,24819.5,24824.5
2026-02-16 00:15:00+00:00,24827.0,24824.75,24820.25,24824.75
2026-02-16 00:30:00+00:00,24824.75,24823.0,24803.25,24798.75
2026-02-16 00:45:00+00:00,24798.75,24808.0,24798.25,24810.75
2026-02-16 01:00:00+00:00,24813.0,24811.75,24807.75,24809.0
2026-02-16 01:15:00+00:00,24809.0,24810.25,24802.0,24811.5
2026-02-16 01:30:00+00:00,24809.0,24817.25,24799.5,24819.5
2026-02-16 01:45:00+00:00,24824.5,24823.0,24822.0,24823.75
2026-02-16 02:00:00+00:00,24844.0,24852.75,24839.75,24857.75
2026-02-16 02:15:00+00:00,24862.5,24859.5,24850.25,24853.25
2026-02-16 02:30:00+00:00,24860.75,24867.0,24858.75,24867.75
2026-02-16 02:45:00+00:00,24869.0,24867.0,24860.25,24861.5
2026-02-16 03:00:00+00:00,24858.5,24872.5,24856.0,24867.5
2026-02-16 03:15:00+00:00,24878.0,24880.0,24874.0,24874.0
2026-02-16 03:30:00+00:00,24876.25,24878.5,24865.25,24881.75
2026-02-16 03:45:00+00:00,24899.5,24894.75,24889.5,24894.75
2026-02-16 04:00:00+00:00,24899.25,24898.0,24893.0,24899.25
2026-02-16 04:15:00+00:00,24896.5,24912.5,24895.25,24910.75
2026-02-16 04:30:00+00:00,24910.25,24914.25,24908.5,24909.25
2026-02-16 04:45:00+00:00,24915.5,24913.0,24911.75,24911.25
2026-02-16 05:00:00+00:00,24911.5,24901.25,24885.5,24890.75
2026-02-16 05:15:00+00:00,24886.0,24887.0,24881.0,24885.5
2026-02-16 05:30:00+00:00,24875.25,24894.5,24875.25,24895.0
2026-02-16 05:45:00+00:00,24899.75,24894.0,24878.5,24878.25
2026-02-16 06:00:00+00:00,24869.25,24862.75,24848.0,24859.5
2026-02-16 06:15:00+00:00,24863.75,24867.0,24854.5,24869.0
2026-02-16 06:30:00+00:00,24865.0,24866.0,24854.0,24867.5
2026-02-16 06:45:00+00:00,24863.75,24868.25,24863.75,24863.25
2026-02-16 07:00:00+00:00,24855.5,24857.75,24852.0,24858.5
2026-02-16 07:15:00+00:00,24852.25,24875.25,24851.25,24877.75
2026-02-16 07:30:00+00:00,24863.5,24861.75,24857.75,24855.0
2026-02-16 07:45:00+00:00,24862.0,24868.0,24856.0,24869.5
2026-02-16 08:00:00+00:00,24863.5,24862.25,24855.75,24859.25
2026-02-16 08:15:00+00:00,24863.75,24862.5,24859.25,24864.5
2026-02-16 08:30:00+00:00,24875.75,24872.0,24857.25,24859.75
2026-02-16 08:45:00+00:00,24859.75,24853.0,24849.5,24844.25
2026-02-16 09:00:00+00:00,24838.5,24831.0,24795.75,24784.0
2026-02-16 09:15:00+00:00,24786.25,24767.75,24760.25,24764.0
2026-02-16 09:30:00+00:00,24773.75,24762.5,24723.25,24723.25
2026-02-16 09:45:00+00:00,24717.0,24767.25,24696.75,24768.0
2026-02-16 10:00:00+00:00,24786.25,24788.25,24767.5,24757.75
2026-02-16 10:15:00+00:00,24771.0,24756.25,24719.75,24709.75
2026-02-16 10:30:00+00:00,24713.75,24702.5,24691.0,24686.0
2026-02-16 10:45:00+00:00,24715.0,24713.5,24691.75,24692.25
2026-02-16 11:00:00+00:00,24695.25,24744.75,24685.25,24751.5
2026-02-16 11:15:00+00:00,24735.0,24723.75,24706.5,24727.5
2026-02-16 11:30:00+00:00,24740.75,24725.75,24679.75,24701.5
2026-02-16 11:45:00+00:00,24716.25,24725.25,24716.25,24728.75
2026-02-16 12:00:00+00:00,24740.25,24732.25,24721.0,24725.5
2026-02-16 12:15:00+00:00,24722.25,24741.5,24721.5,24743.25
2026-02-16 12:30:00+00:00,24758.25,24753.0,24750.5,24757.25
2026-02-16 12:45:00+00:00,24751.5,24758.25,24735.25,24747.25
2026-02-16 18:00:00+00:00,24772.25,24772.5,24741.75,24778.0
2026-02-16 18:15:00+00:00,24781.75,24774.0,24769.25,24772.0
2026-02-16 18:30:00+00:00,24787.25,24812.5,24777.5,24813.5
2026-02-16 18:45:00+00:00,24812.5,24825.75,24808.5,24814.75
2026-02-16 19:00:00+00:00,24824.0,24818.5,24804.5,24816.75
2026-02-16 19:15:00+00:00,24831.75,24821.5,24803.25,24824.5
2026-02-16 19:30:00+00:00,24827.0,24822.0,24803.75,24797.25
2026-02-16 19:45:00+00:00,24808.25,24801.75,24788.75,24786.25
2026-02-16 20:00:00+00:00,24804.75,24818.5,24790.5,24821.5
2026-02-16 20:15:00+00:00,24821.75,24818.75,24797.25,24785.5
2026-02-16 20:30:00+00:00,24787.75,24789.5,24780.75,24775.5
2026-02-16 20:45:00+00:00,24779.25,24774.0,24668.5,24664.75
2026-02-16 21:00:00+00:00,24680.25,24661.5,24635.25,24669.0
2026-02-16 21:15:00+00:00,24674.0,24672.0,24653.5,24680.0
2026-02-16 21:30:00+00:00,24681.5,24675.75,24662.25,24672.75
2026-02-16 21:45:00+00:00,24675.5,24668.75,24658.5,24672.0
2026-02-16 22:00:00+00:00,24665.5,24655.25,24606.75,24600.75
2026-02-16 22:15:00+00:00,24622.25,24624.25,24617.0,24624.25
2026-02-16 22:30:00+00:00,24622.5,24611.75,24584.25,24603.25
2026-02-16 22:45:00+00:00,24610.25,24603.75,24591.75,24606.0
2026-02-16 23:00:00+00:00,24614.0,24620.75,24611.0,24628.5
2026-02-16 23:15:00+00:00,24620.25,24620.0,24617.0,24622.25
2026-02-16 23:30:00+00:00,24625.0,24609.75,24600.25,24605.75
2026-02-16 23:45:00+00:00,24612.0,24618.0,24610.0,24621.0
2026-02-17 00:00:00+00:00,24626.0,24617.75,24606.25,24614.0
2026-02-17 00:15:00+00:00,24604.25,24597.25,24583.5,24594.25
2026-02-17 00:30:00+00:00,24602.5,24596.0,24564.75,24593.75
2026-02-17 00:45:00+00:00,24601.0,24601.0,24586.5,24590.25
2026-02-17 01:00:00+00:00,24595.75,24621.5,24582.75,24624.25
2026-02-17 01:15:00+00:00,24623.0,24619.25,24611.0,24612.75
2026-02-17 01:30:00+00:00,24612.0,24629.25,24606.5,24633.0
2026-02-17 01:45:00+00:00,24634.5,24629.0,24624.0,24629.0
2026-02-17 02:00:00+00:00,24630.25,24620.5,24603.25,24605.75
2026-02-17 02:15:00+00:00,24605.25,24608.0,24600.0,24599.5
2026-02-17 02:30:00+00:00,24599.75,24626.75,24594.75,24626.75
2026-02-17 02:45:00+00:00,24629.25,24653.75,24628.0,24661.0
2026-02-17 03:00:00+00:00,24685.5,24719.25,24659.75,24723.25
2026-02-17 03:15:00+00:00,24706.0,24695.5,24677.25,24682.0
2026-02-17 03:30:00+00:00,24690.0,24683.75,24648.5,24646.5
2026-02-17 03:45:00+00:00,24652.0,24643.0,24636.25,24639.75
2026-02-17 04:00:00+00:00,24671.0,24665.25,24639.0,24649.25
2026-02-17 04:15:00+00:00,24650.25,24662.75,24641.75,24668.5
2026-02-17 04:30:00+00:00,24675.25,24684.25,24672.0,24682.0
2026-02-17 04:45:00+00:00,24686.75,24688.25,24680.5,24688.25
2026-02-17 05:00:00+00:00,24691.25,24689.5,24667.75,24661.75
2026-02-17 05:15:00+00:00,24666.0,24660.25,24659.75,24659.25
2026-02-17 05:30:00+00:00,24661.0,24649.75,24626.25,24614.25
2026-02-17 05:45:00+00:00,24617.25,24612.5,24604.0,24601.75
2026-02-17 06:00:00+00:00,24619.5,24615.5,24591.0,24605.75
2026-02-17 06:15:00+00:00,24602.0,24602.0,24586.0,24608.25
2026-02-17 06:30:00+00:00,24629.5,24619.25,24605.75,24619.5
2026-02-17 06:45:00+00:00,24618.0,24626.5,24607.0,24633.0
2026-02-17 07:00:00+00:00,24626.0,24658.75,24622.75,24654.5
2026-02-17 07:15:00+00:00,24656.5,24648.5,24629.0,24632.0
2026-02-17 07:30:00+00:00,24621.0,24608.0,24605.5,24603.5
2026-02-17 07:45:00+00:00,24610.25,24600.0,24585.5,24589.5
2026-02-17 08:00:00+00:00,24590.0,24581.0,24529.75,24523.0
2026-02-17 08:15:00+00:00,24563.0,24598.5,24549.0,24615.75
2026-02-17 08:30:00+00:00,24610.5,24595.5,24586.25,24598.75
2026-02-17 08:45:00+00:00,24610.25,24646.5,24584.75,24633.5
2026-02-17 09:00:00+00:00,24629.75,24654.0,24613.0,24664.0
2026-02-17 09:15:00+00:00,24653.75,24655.25,24645.5,24638.0
2026-02-17 09:30:00+00:00,24679.75,24772.5,24659.25,24750.5
2026-02-17 09:45:00+00:00,24704.75,24660.75,24515.5,24521.25
2026-02-17 10:00:00+00:00,24504.5,24515.25,24479.75,24518.25
2026-02-17 10:15:00+00:00,24516.25,24575.0,24499.25,24536.75
2026-02-17 10:30:00+00:00,24543.25,24500.0,24465.5,24483.5
2026-02-17 10:45:00+00:00,24532.75,24565.0,24512.0,24559.5
2026-02-17 11:00:00+00:00,24612.0,24744.75,24599.25,24752.75
2026-02-17 11:15:00+00:00,24777.75,24775.75,24760.0,24756.75
2026-02-17 11:30:00+00:00,24730.75,24758.75,24714.25,24758.75
2026-02-17 11:45:00+00:00,24746.5,24737.25,24734.75,24762.25
2026-02-17 12:00:00+00:00,24764.5,24731.0,24705.5,24697.5
2026-02-17 12:15:00+00:00,24719.5,24700.75,24680.75,24717.5
2026-02-17 12:30:00+00:00,24759.25,24723.0,24690.25,24683.0
2026-02-17 12:45:00+00:00,24650.0,24650.25,24614.25,24676.5
2026-02-17 13:00:00+00:00,24704.0,24672.25,24662.0,24668.5
2026-02-17 13:15:00+00:00,24676.25,24749.25,24665.75,24769.0
2026-02-17 13:30:00+00:00,24780.25,24818.25,24768.25,24827.25
2026-02-17 13:45:00+00:00,24833.5,24853.25,24825.75,24858.0
2026-02-17 14:00:00+00:00,24849.75,24842.0,24839.5,24836.0
2026-02-17 14:15:00+00:00,24853.75,24859.0,24844.0,24857.5
2026-02-17 14:30:00+00:00,24846.5,24874.0,24836.5,24875.25
2026-02-17 14:45:00+00:00,24874.5,24861.0,24833.5,24827.5
2026-02-17 15:00:00+00:00,24839.0,24816.75,24800.5,24804.5
2026-02-17 15:15:00+00:00,24813.25,24800.0,24776.25,24771.5
2026-02-17 15:30:00+00:00,24775.0,24764.5,24738.25,24781.0
2026-02-17 15:45:00+00:00,24786.0,24773.25,24752.75,24761.0
2026-02-17 16:00:00+00:00,24789.25,24773.25,24773.75,24773.25
2026-02-17 16:15:00+00:00,24808.0,24792.0,24777.75,24790.75
2026-02-17 16:30:00+00:00,24788.75,24782.0,24757.75,24770.0
2026-02-17 16:45:00+00:00,24767.25,24765.25,24759.0,24769.5
2026-02-17 18:00:00+00:00,24783.25,24753.5,24731.5,24733.0
2026-02-17 18:15:00+00:00,24741.5,24753.0,24737.5,24746.75
2026-02-17 18:30:00+00:00,24749.5,24743.5,24717.75,24722.25
2026-02-17 18:45:00+00:00,24725.25,24718.5,24711.5,24721.5
2026-02-17 19:00:00+00:00,24715.5,24736.5,24711.25,24743.25
2026-02-17 19:15:00+00:00,24754.75,24748.5,24714.5,24719.75
2026-02-17 19:30:00+00:00,24743.0,24746.0,24739.75,24740.25
2026-02-17 19:45:00+00:00,24738.5,24726.0,24719.25,24721.5
2026-02-17 20:00:00+00:00,24729.0,24721.75,24716.5,24715.25
2026-02-17 20:15:00+00:00,24730.0,24733.25,24717.5,24716.75
2026-02-17 20:30:00+00:00,24721.0,24724.25,24715.0,24729.0
2026-02-17 20:45:00+00:00,24731.75,24730.25,24721.0,24741.25
2026-02-17 21:00:00+00:00,24752.0,24753.0,24744.25,24751.5
2026-02-17 21:15:00+00:00,24758.75,24753.25,24740.0,24744.25
2026-02-17 21:30:00+00:00,24755.0,24764.75,24749.25,24765.5
2026-02-17 21:45:00+00:00,24766.75,24765.25,24756.25,24756.25
2026-02-17 22:00:00+00:00,24762.0,24765.5,24752.25,24749.75
2026-02-17 22:15:00+00:00,24747.5,24744.5,24738.75,24742.25
2026-02-17 22:30:00+00:00,24752.5,24765.5,24747.75,24765.5
2026-02-17 22:45:00+00:00,24767.25,24794.0,24765.75,24794.5
2026-02-17 23:00:00+00:00,24796.5,24809.75,24789.5,24802.25
2026-02-17 23:15:00+00:00,24808.0,24812.25,24802.75,24814.0
2026-02-17 23:30:00+00:00,24815.0,24829.0,24812.75,24838.5
2026-02-17 23:45:00+00:00,24838.75,24835.5,24830.0,24831.25
2026-02-18 00:00:00+00:00,24838.0,25050.25,24827.75,25050.25
2026-02-18 00:15:00+00:00,24840.0,24835.5,24832.25,24834.0
2026-02-18 00:30:00+00:00,24834.5,24837.25,24827.75,24831.25
2026-02-18 00:45:00+00:00,24832.75,24830.0,24826.0,24823.0
2026-02-18 01:00:00+00:00,24828.0,24822.0,24816.75,24812.0
2026-02-18 01:15:00+00:00,24829.0,24822.5,24816.25,24827.0
2026-02-18 01:30:00+00:00,24827.25,24830.0,24813.5,24835.5
2026-02-18 01:45:00+00:00,24841.5,25055.25,24833.25,24828.75
2026-02-18 02:00:00+00:00,24828.75,24820.75,24809.75,24808.25
2026-02-18 02:15:00+00:00,24816.0,24812.0,24809.75,24809.5
2026-02-18 02:30:00+00:00,24830.0,24833.25,24822.25,24835.75
2026-02-18 02:45:00+00:00,24840.75,24836.5,24829.75,24834.25
2026-02-18 03:00:00+00:00,24852.25,25083.25,24833.5,24856.0
2026-02-18 03:15:00+00:00,24877.75,25126.0,24865.25,24893.0
2026-02-18 03:30:00+00:00,24902.5,24902.75,24896.5,24902.75
2026-02-18 03:45:00+00:00,24907.75,24899.0,24893.5,24899.0
2026-02-18 04:00:00+00:00,24911.25,25137.75,24903.25,25137.75
2026-02-18 04:15:00+00:00,24924.0,24914.25,24908.5,24917.25
2026-02-18 04:30:00+00:00,24924.5,25149.5,24920.0,24938.25
2026-02-18 04:45:00+00:00,24938.0,24932.5,24914.75,24909.75
2026-02-18 05:00:00+00:00,24915.5,24929.25,24910.0,24936.25
2026-02-18 05:15:00+00:00,24932.5,25151.5,24929.0,25151.5
2026-02-18 05:30:00+00:00,24934.25,24933.5,24926.75,24919.25
2026-02-18 05:45:00+00:00,24931.25,25127.5,24916.25,24919.5
2026-02-18 06:00:00+00:00,24925.5,24920.75,24898.75,24903.0
2026-02-18 06:15:00+00:00,24909.0,24919.5,24902.5,24912.5
2026-02-18 06:30:00+00:00,24907.5,25116.0,24891.0,24890.75
2026-02-18 06:45:00+00:00,24899.25,24898.75,24891.5,24894.5
2026-02-18 07:00:00+00:00,24901.0,25150.0,24894.5,24945.5
2026-02-18 07:15:00+00:00,24959.5,25162.0,24915.75,24908.5
2026-02-18 07:30:00+00:00,24903.75,25103.0,24858.5,25103.0
2026-02-18 07:45:00+00:00,24891.0,24882.25,24874.5,24886.25
2026-02-18 08:00:00+00:00,24899.75,25105.0,24877.0,24892.0
2026-02-18 08:15:00+00:00,24896.75,25104.5,24870.0,24887.0
2026-02-18 08:30:00+00:00,24921.75,25105.5,24859.5,24841.0
2026-02-18 08:45:00+00:00,24854.0,25049.0,24828.5,24828.0
2026-02-18 09:00:00+00:00,24835.0,24833.5,24826.5,24832.25
2026-02-18 09:15:00+00:00,24848.25,25056.75,24827.0,24809.0
2026-02-18 09:30:00+00:00,25028.0,25059.75,24768.25,24850.5
2026-02-18 09:45:00+00:00,24861.25,25138.25,24849.75,24940.75
2026-02-18 10:00:00+00:00,25189.0,25248.75,24970.0,25042.0
2026-02-18 10:15:00+00:00,25290.0,25290.0,25055.5,25058.0
2026-02-18 10:30:00+00:00,25260.5,25275.0,25022.75,25064.75
2026-02-18 10:45:00+00:00,25077.0,25311.0,25064.0,25086.75
2026-02-18 11:00:00+00:00,25315.25,25315.25,25085.75,25098.25
2026-02-18 11:15:00+00:00,25321.5,25321.5,25084.25,25093.5
2026-02-18 11:30:00+00:00,25311.0,25324.75,25103.75,25106.5
2026-02-18 11:45:00+00:00,25110.5,25283.0,25064.75,25068.5
2026-02-18 12:00:00+00:00,25281.75,25281.75,25063.0,25084.25
2026-02-18 12:15:00+00:00,25090.75,25103.5,25084.25,25089.5
2026-02-18 12:30:00+00:00,25102.25,25088.25,25077.75,25081.5
2026-02-18 12:45:00+00:00,25090.75,25311.25,25076.75,25102.0
2026-02-18 13:00:00+00:00,25123.0,25108.5,25087.5,25083.75
2026-02-18 13:15:00+00:00,25088.75,25082.25,25058.0,25058.25
2026-02-18 13:30:00+00:00,25062.0,25234.25,25050.25,25234.25
2026-02-18 13:45:00+00:00,25044.0,25248.0,25013.25,25023.75
2026-02-18 14:00:00+00:00,25036.75,25235.25,25013.5,25012.0
2026-02-18 14:15:00+00:00,25014.25,25233.0,24993.25,24992.75
2026-02-18 14:30:00+00:00,25184.25,25184.25,24924.25,24918.25
2026-02-18 14:45:00+00:00,24943.25,25150.25,24866.5,24879.0
2026-02-18 15:00:00+00:00,25117.5,25101.25,24866.75,24876.0
2026-02-18 15:15:00+00:00,25079.0,25094.0,24858.5,24877.25
2026-02-18 15:30:00+00:00,25094.5,25125.5,24900.0,24948.75
2026-02-18 15:45:00+00:00,25173.0,25200.0,24968.75,24973.75
2026-02-18 16:00:00+00:00,25184.0,25167.0,24935.5,25162.0
2026-02-18 16:15:00+00:00,24938.5,24933.5,24930.25,24935.75
2026-02-18 16:30:00+00:00,24940.5,24944.0,24939.25,24942.5
2026-02-18 16:45:00+00:00,24949.0,24944.5,24927.25,24936.75
2026-02-18 18:00:00+00:00,24943.5,24988.0,24943.5,24993.5
2026-02-18 18:15:00+00:00,24993.75,24988.25,24973.5,24977.75
2026-02-18 18:30:00+00:00,24985.5,25200.0,24972.0,24971.25
2026-02-18 18:45:00+00:00,24972.25,24979.5,24969.25,24965.25
2026-02-18 19:00:00+00:00,24974.0,24963.75,24952.75,24961.5
2026-02-18 19:15:00+00:00,24958.25,24952.75,24922.0,24924.25
2026-02-18 19:30:00+00:00,24933.75,24944.25,24927.5,24943.5
2026-02-18 19:45:00+00:00,24936.0,24940.25,24934.75,24943.5
2026-02-18 20:00:00+00:00,24956.0,24980.5,24946.75,24985.5
2026-02-18 20:15:00+00:00,24991.75,24987.75,24964.75,24962.0
2026-02-18 20:30:00+00:00,24969.25,24963.75,24940.75,24951.75
2026-02-18 20:45:00+00:00,24954.0,24960.0,24946.25,24961.75
2026-02-18 21:00:00+00:00,24978.5,25189.75,24962.75,24972.0
2026-02-18 21:15:00+00:00,24977.5,24978.0,24972.5,24979.5
2026-02-18 21:30:00+00:00,24985.25,24980.5,24976.0,24981.25
2026-02-18 21:45:00+00:00,24983.0,24985.5,24972.25,24975.75
2026-02-18 22:00:00+00:00,24982.25,24984.0,24980.0,24985.5
2026-02-18 22:15:00+00:00,24989.5,24989.5,24982.25,24992.0
2026-02-18 22:30:00+00:00,24998.0,25187.75,24972.0,24974.25
2026-02-18 22:45:00+00:00,24978.0,24981.75,24967.75,24986.5
2026-02-18 23:00:00+00:00,24992.0,24987.25,24982.75,24984.25
2026-02-18 23:15:00+00:00,24988.75,25209.5,24980.25,24979.0
2026-02-18 23:30:00+00:00,24977.75,24979.5,24973.25,24975.0
2026-02-18 23:45:00+00:00,24975.25,25173.0,24956.5,24962.75
2026-02-19 00:00:00+00:00,24958.0,24960.0,24947.5,24955.75
2026-02-19 00:15:00+00:00,24957.0,24959.25,24956.5,24963.25
2026-02-19 00:30:00+00:00,24980.75,24983.0,24973.25,24984.75
2026-02-19 00:45:00+00:00,24990.75,24995.25,24982.5,24996.75
2026-02-19 01:00:00+00:00,25001.25,24996.0,24991.0,25000.0
2026-02-19 01:15:00+00:00,24999.75,24994.5,24993.0,24995.25
2026-02-19 01:30:00+00:00,25016.5,25006.0,24998.25,25011.5
2026-02-19 01:45:00+00:00,25004.0,25011.25,25000.5,25013.0
2026-02-19 02:00:00+00:00,25029.0,25235.5,25009.75,25021.0
2026-02-19 02:15:00+00:00,25025.5,25254.0,25024.75,25041.5
2026-02-19 02:30:00+00:00,25043.25,25038.0,25024.5,25030.0
2026-02-19 02:45:00+00:00,25035.75,25030.25,25022.5,25019.5
2026-02-19 03:00:00+00:00,25024.5,25026.5,25016.0,25023.0
2026-02-19 03:15:00+00:00,25041.75,25046.5,25030.5,25036.5
2026-02-19 03:30:00+00:00,25049.0,25040.0,25014.5,25009.0
2026-02-19 03:45:00+00:00,25010.25,25175.0,24955.75,24954.25
2026-02-19 04:00:00+00:00,24968.75,24963.5,24950.0,24962.0
2026-02-19 04:15:00+00:00,24967.0,24963.75,24943.25,24934.75
2026-02-19 04:30:00+00:00,24942.0,25157.25,24909.25,24905.0
2026-02-19 04:45:00+00:00,24901.5,24889.5,24861.5,24889.5
2026-02-19 05:00:00+00:00,24893.0,25079.25,24852.5,24851.5
2026-02-19 05:15:00+00:00,24854.75,25068.0,24838.0,25068.5
2026-02-19 05:30:00+00:00,24848.5,25076.5,24832.75,25076.5
2026-02-19 05:45:00+00:00,24861.25,24862.5,24845.5,24851.25
2026-02-19 06:00:00+00:00,24858.0,24864.75,24842.5,24865.0
2026-02-19 06:15:00+00:00,24874.5,25094.75,24859.0,24879.75
2026-02-19 06:30:00+00:00,24881.25,24875.75,24868.75,24876.5
2026-02-19 06:45:00+00:00,24875.5,24869.25,24853.25,24864.5
2026-02-19 07:00:00+00:00,24880.5,25035.5,24823.5,24863.5
2026-02-19 07:15:00+00:00,24864.5,25080.75,24856.5,24882.0
2026-02-19 07:30:00+00:00,24880.5,25108.75,24872.0,25108.75
2026-02-19 07:45:00+00:00,24893.25,24888.75,24868.0,24874.0
2026-02-19 08:00:00+00:00,24874.0,24867.25,24849.75,24852.75
2026-02-19 08:15:00+00:00,24855.25,25053.5,24818.0,25041.0
2026-02-19 08:30:00+00:00,24848.0,25067.25,24828.5,24859.0
2026-02-19 08:45:00+00:00,24849.5,24868.5,24849.0,24855.25
2026-02-19 09:00:00+00:00,24861.0,25047.75,24833.25,24846.25
2026-02-19 09:15:00+00:00,24851.75,25086.0,24847.75,24832.25
2026-02-19 09:30:00+00:00,24866.5,25073.5,24806.0,25034.5
2026-02-19 09:45:00+00:00,25068.25,25114.75,24817.25,25114.75
2026-02-19 10:00:00+00:00,24882.0,25105.25,24880.0,24881.75
2026-02-19 10:15:00+00:00,24915.75,25128.5,24877.5,25077.25
2026-02-19 10:30:00+00:00,24871.0,25144.25,24858.5,24924.75
2026-02-19 10:45:00+00:00,24927.75,24913.25,24874.25,24909.75
2026-02-19 11:00:00+00:00,24933.5,25116.5,24874.0,24897.25
2026-02-19 11:15:00+00:00,24926.25,25150.0,24907.75,25096.0
2026-02-19 11:30:00+00:00,24893.0,25108.25,24874.25,24874.5
2026-02-19 11:45:00+00:00,24864.25,25041.5,24824.0,24841.75
2026-02-19 12:00:00+00:00,24850.75,25058.0,24816.5,24842.75
2026-02-19 12:15:00+00:00,24850.5,25095.0,24846.0,24860.0
2026-02-19 12:30:00+00:00,24870.0,25063.5,24841.0,24840.0
2026-02-19 12:45:00+00:00,24827.0,25020.0,24776.0,24993.0
2026-02-19 13:00:00+00:00,24786.5,25041.25,24771.75,24831.5
2026-02-19 13:15:00+00:00,24805.75,24787.5,24767.25,24788.75
2026-02-19 13:30:00+00:00,24803.5,24985.5,24772.25,24785.75
2026-02-19 13:45:00+00:00,25030.75,25041.25,24809.5,24842.0
2026-02-19 14:00:00+00:00,24842.75,24837.25,24821.25,24823.75
2026-02-19 14:15:00+00:00,24837.75,24841.25,24818.5,24809.0
2026-02-19 14:30:00+00:00,24825.5,24984.75,24768.5,24994.25
2026-02-19 14:45:00+00:00,24976.0,24976.0,24767.5,24782.0
2026-02-19 15:00:00+00:00,24810.5,24800.0,24792.5,24795.25
2026-02-19 15:15:00+00:00,24789.5,24797.5,24787.25,24788.5
2026-02-19 15:30:00+00:00,24809.25,25026.5,24798.25,24807.75
2026-02-19 15:45:00+00:00,24835.0,25069.25,24827.5,24863.5
2026-02-19 16:00:00+00:00,25077.0,25071.5,24858.5,24852.75
2026-02-19 16:15:00+00:00,24856.25,25076.0,24850.75,24848.5
2026-02-19 16:30:00+00:00,24841.5,24838.25,24837.25,24829.75
2026-02-19 16:45:00+00:00,24833.5,24837.5,24833.5,24836.0
2026-02-19 18:00:00+00:00,24837.75,24845.0,24830.75,24837.75
2026-02-19 18:15:00+00:00,24854.0,25075.0,24845.25,24862.5
2026-02-19 18:30:00+00:00,24863.0,24877.5,24860.25,24875.25
2026-02-19 18:45:00+00:00,24876.0,24880.75,24869.0,24873.5
2026-02-19 19:00:00+00:00,24878.75,24887.25,24876.75,24892.25
2026-02-19 19:15:00+00:00,24892.75,25082.5,24870.25,24891.25
2026-02-19 19:30:00+00:00,24898.5,24905.0,24889.5,24894.25
2026-02-19 19:45:00+00:00,24902.25,25123.75,24897.5,24901.75
2026-02-19 20:00:00+00:00,24904.75,25150.0,24901.5,25150.0
2026-02-19 20:15:00+00:00,24931.5,24922.25,24911.75,24914.0
2026-02-19 20:30:00+00:00,24919.25,24919.25,24903.5,24902.75
2026-02-19 20:45:00+00:00,24902.0,25114.0,24892.5,24914.25
2026-02-19 21:00:00+00:00,24913.0,25146.25,24905.0,25114.0
2026-02-19 21:15:00+00:00,24894.25,24892.25,24888.0,24889.5
2026-02-19 21:30:00+00:00,24893.0,24900.5,24889.75,24899.0
2026-02-19 21:45:00+00:00,24893.0,25105.5,24880.5,24898.75
2026-02-19 22:00:00+00:00,24904.0,24905.25,24897.75,24903.0
2026-02-19 22:15:00+00:00,24906.25,24906.75,24904.5,24907.75
2026-02-19 22:30:00+00:00,24904.5,24902.0,24897.0,24895.0
2026-02-19 22:45:00+00:00,24892.5,25116.5,24890.5,24891.75
2026-02-19 23:00:00+00:00,24894.75,24908.5,24889.25,24910.25
2026-02-19 23:15:00+00:00,24913.75,24905.25,24894.0,24902.0
2026-02-19 23:30:00+00:00,24903.0,24900.25,24896.25,24900.0
2026-02-19 23:45:00+00:00,24904.5,24903.5,24899.0,24897.75
2026-02-20 00:00:00+00:00,24905.5,24909.75,24903.0,24911.25
2026-02-20 00:15:00+00:00,24907.75,25144.5,24906.0,24924.0
2026-02-20 00:30:00+00:00,24930.75,24935.25,24926.0,24929.25
2026-02-20 00:45:00+00:00,24938.0,24941.25,24936.25,24941.75
2026-02-20 01:00:00+00:00,24946.5,25167.0,24944.0,25167.0
2026-02-20 01:15:00+00:00,24956.0,24952.0,24945.0,24946.5
2026-02-20 01:30:00+00:00,24945.25,24940.25,24933.5,24937.5
2026-02-20 01:45:00+00:00,24936.75,24940.5,24932.25,24941.5
2026-02-20 02:00:00+00:00,24949.0,24948.0,24938.75,24948.5
2026-02-20 02:15:00+00:00,24948.5,24947.25,24943.0,24944.25
2026-02-20 02:30:00+00:00,24942.5,25157.0,24927.5,24935.25
2026-02-20 02:45:00+00:00,24938.0,24933.5,24916.0,24916.75
2026-02-20 03:00:00+00:00,24934.0,25131.0,24908.75,24908.5
2026-02-20 03:15:00+00:00,24918.0,24914.25,24908.25,24920.0
2026-02-20 03:30:00+00:00,24931.5,25133.5,24906.75,24914.25
2026-02-20 03:45:00+00:00,24922.5,24936.5,24922.5,24936.25
2026-02-20 04:00:00+00:00,24938.0,25174.0,24936.5,24946.75
2026-02-20 04:15:00+00:00,24967.5,24976.5,24961.0,24975.0
2026-02-20 04:30:00+00:00,24982.0,24972.75,24953.5,24953.5
2026-02-20 04:45:00+00:00,24960.0,24957.0,24938.5,24937.75
2026-02-20 05:00:00+00:00,24939.75,24940.5,24926.75,24935.25
2026-02-20 05:15:00+00:00,24943.75,24940.0,24925.5,24930.0
2026-02-20 05:30:00+00:00,24930.75,25145.0,24923.75,24922.75
2026-02-20 05:45:00+00:00,24928.5,24927.5,24915.75,24908.75
2026-02-20 06:00:00+00:00,24902.5,25084.25,24858.0,24871.75
2026-02-20 06:15:00+00:00,24879.0,24875.5,24858.0,24879.75
2026-02-20 06:30:00+00:00,24880.25,24879.75,24859.25,24864.5
2026-02-20 06:45:00+00:00,24863.25,24854.5,24828.25,24814.5
2026-02-20 07:00:00+00:00,24833.25,25050.0,24821.75,25050.0
2026-02-20 07:15:00+00:00,24849.5,24840.25,24803.0,24817.5
2026-02-20 07:30:00+00:00,24807.75,25021.75,24800.5,24807.5
2026-02-20 07:45:00+00:00,24805.75,25010.0,24797.75,24823.0
2026-02-20 08:00:00+00:00,24830.0,24827.0,24818.5,24822.75
2026-02-20 08:15:00+00:00,24839.0,25046.0,24825.0,24842.25
2026-02-20 08:30:00+00:00,24863.0,24996.5,24772.0,24957.25
2026-02-20 08:45:00+00:00,24758.25,24956.5,24731.75,24755.25
2026-02-20 09:00:00+00:00,24772.0,24953.5,24748.5,24953.5
2026-02-20 09:15:00+00:00,24738.75,24938.25,24702.25,24937.5
2026-02-20 09:30:00+00:00,24736.5,25076.25,24715.25,24932.5
2026-02-20 09:45:00+00:00,25153.25,25145.0,24872.25,25120.0
2026-02-20 10:00:00+00:00,24931.75,25203.25,24894.25,25158.5
2026-02-20 10:15:00+00:00,24944.5,25225.25,24928.0,25198.0
2026-02-20 10:30:00+00:00,24993.0,25251.5,24933.75,25267.0
2026-02-20 10:45:00+00:00,25071.5,25324.0,25061.0,25324.0
2026-02-20 11:00:00+00:00,25344.25,25337.0,25104.25,25112.5
2026-02-20 11:15:00+00:00,25085.75,25256.75,25004.75,25221.75
2026-02-20 11:30:00+00:00,24989.0,25288.0,24977.5,25086.5
2026-02-20 11:45:00+00:00,25320.0,25342.0,25113.5,25124.0
2026-02-20 12:00:00+00:00,25109.25,25302.5,25001.0,25232.0
2026-02-20 12:15:00+00:00,24982.75,25154.75,24899.25,25138.25
2026-02-20 12:30:00+00:00,24955.25,25175.0,24926.75,25175.0
2026-02-20 12:45:00+00:00,24996.5,25231.25,24960.5,25024.75
2026-02-20 13:00:00+00:00,25045.5,25240.5,25005.0,25014.25
2026-02-20 13:15:00+00:00,25004.0,25200.0,24962.0,25183.75
2026-02-20 13:30:00+00:00,24981.5,25272.25,24966.25,25289.5
2026-02-20 13:45:00+00:00,25111.5,25319.5,25070.5,25318.5
2026-02-20 14:00:00+00:00,25106.0,25318.5,25083.75,25063.25
2026-02-20 14:15:00+00:00,25284.25,25284.25,25053.0,25050.25
2026-02-20 14:30:00+00:00,25069.0,25259.25,25049.0,25259.25
2026-02-20 14:45:00+00:00,25045.75,25045.25,25034.0,25031.25
2026-02-20 15:00:00+00:00,25027.5,25284.0,25023.0,25059.75
2026-02-20 15:15:00+00:00,25069.5,25268.5,25025.0,25026.25
2026-02-20 15:30:00+00:00,25037.75,25048.75,25021.25,25051.5
2026-02-20 15:45:00+00:00,25062.25,25285.0,25040.75,25295.5
2026-02-20 16:00:00+00:00,25078.5,25304.0,25071.5,25075.0
2026-02-20 16:15:00+00:00,25078.5,25071.75,25069.0,25068.5
2026-02-20 16:30:00+00:00,25070.0,25074.5,25067.75,25075.25
2026-02-20 16:45:00+00:00,25077.75,25074.25,25072.0,25073.5
2026-02-22 18:00:00+00:00,25264.5,25272.25,25038.25,25272.25
2026-02-22 18:15:00+00:00,25056.5,25048.75,24983.5,24972.25
2026-02-22 18:30:00+00:00,24983.25,24972.75,24951.25,24946.0
2026-02-22 18:45:00+00:00,24959.5,25176.5,24941.5,24978.25
2026-02-22 19:00:00+00:00,24971.0,25155.75,24935.0,24933.0
2026-02-22 19:15:00+00:00,24942.0,25154.0,24910.25,25103.0
2026-02-22 19:30:00+00:00,24907.75,24897.75,24889.0,24894.5
2026-02-22 19:45:00+00:00,24890.0,25077.0,24881.5,25077.0
2026-02-22 20:00:00+00:00,24862.75,24865.0,24853.75,24857.0
2026-02-22 20:15:00+00:00,24865.75,25082.75,24860.5,24869.5
2026-02-22 20:30:00+00:00,24864.0,25078.25,24858.75,24865.75
2026-02-22 20:45:00+00:00,24881.75,25073.25,24851.5,24856.75
2026-02-22 21:00:00+00:00,24857.25,25056.75,24823.25,24816.5
2026-02-22 21:15:00+00:00,24822.0,24831.0,24818.0,24837.0
2026-02-22 21:30:00+00:00,24837.0,25059.25,24831.75,24837.5
2026-02-22 21:45:00+00:00,24842.5,25057.25,24833.75,24839.0
2026-02-22 22:00:00+00:00,24842.25,25068.25,24839.5,24848.75
2026-02-22 22:15:00+00:00,24850.0,25045.0,24816.75,24821.75
2026-02-22 22:30:00+00:00,24838.0,25038.0,24815.5,24833.5
2026-02-22 22:45:00+00:00,24841.25,25054.0,24833.0,24841.0
2026-02-22 23:00:00+00:00,24843.5,24845.5,24830.5,24849.25
2026-02-22 23:15:00+00:00,24842.0,25050.0,24826.5,24831.75
2026-02-22 23:30:00+00:00,24837.0,24831.25,24815.75,24820.75
2026-02-22 23:45:00+00:00,24825.25,24828.0,24823.75,24828.0
2026-02-23 00:00:00+00:00,25049.0,25049.0,24822.0,24819.75
2026-02-23 00:15:00+00:00,24819.25,24815.75,24809.5,24820.0
2026-02-23 00:30:00+00:00,24829.0,25054.5,24825.5,25054.5
2026-02-23 00:45:00+00:00,24836.0,24840.5,24824.75,24841.75
2026-02-23 01:00:00+00:00,24838.75,24843.75,24837.75,24847.75
2026-02-23 01:15:00+00:00,24853.5,25066.5,24847.5,24849.0
2026-02-23 01:30:00+00:00,24848.75,24858.25,24845.5,24862.0
2026-02-23 01:45:00+00:00,24858.25,24858.75,24858.0,24859.5
2026-02-23 02:00:00+00:00,24873.0,24896.5,24868.5,24910.75
2026-02-23 02:15:00+00:00,24913.5,25132.0,24895.75,24897.75
2026-02-23 02:30:00+00:00,24906.0,24904.0,24896.75,24904.0
2026-02-23 02:45:00+00:00,24908.75,24907.25,24900.0,24901.0
2026-02-23 03:00:00+00:00,24910.0,25100.0,24886.25,24908.75
2026-02-23 03:15:00+00:00,24906.25,24900.5,24896.0,24898.25
2026-02-23 03:30:00+00:00,24905.75,24900.25,24888.75,24878.25
2026-02-23 03:45:00+00:00,24892.0,25145.5,24884.75,25145.5
2026-02-23 04:00:00+00:00,24940.75,25209.25,24931.0,25209.25
2026-02-23 04:15:00+00:00,24996.25,24991.5,24977.5,24991.5
2026-02-23 04:30:00+00:00,24996.5,24997.25,24983.75,24999.25
2026-02-23 04:45:00+00:00,24999.25,24990.0,24986.5,24984.25
2026-02-23 05:00:00+00:00,24988.0,24992.5,24985.5,24993.25
2026-02-23 05:15:00+00:00,24992.0,25182.25,24971.25,24969.0
2026-02-23 05:30:00+00:00,24972.5,24980.0,24969.0,24982.5
2026-02-23 05:45:00+00:00,24977.75,25187.0,24970.5,25187.0
2026-02-23 06:00:00+00:00,24976.0,24969.75,24963.0,24972.75
2026-02-23 06:15:00+00:00,24983.75,24979.25,24968.75,24966.75
2026-02-23 06:30:00+00:00,24970.0,25170.0,24954.25,25170.0
2026-02-23 06:45:00+00:00,24951.0,24942.25,24910.75,24921.25
2026-02-23 07:00:00+00:00,24942.0,25144.75,24924.25,24925.5
2026-02-23 07:15:00+00:00,24921.5,24912.0,24904.0,24907.5
2026-02-23 07:30:00+00:00,24912.0,25107.25,24890.75,24907.75
2026-02-23 07:45:00+00:00,24923.0,24914.75,24901.25,24900.25
2026-02-23 08:00:00+00:00,24912.25,24922.75,24903.75,24922.0
2026-02-23 08:15:00+00:00,24933.0,24927.0,24916.25,24923.5
2026-02-23 08:30:00+00:00,24930.25,24936.25,24920.5,24941.5
2026-02-23 08:45:00+00:00,24953.25,25169.25,24930.0,24930.5
2026-02-23 09:00:00+00:00,24941.0,24937.75,24935.0,24942.5
2026-02-23 09:15:00+00:00,24962.5,24956.0,24945.0,24961.75
2026-02-23 09:30:00+00:00,25256.0,25209.25,24908.25,25112.5
2026-02-23 09:45:00+00:00,24894.25,25148.75,24881.0,24922.0
2026-02-23 10:00:00+00:00,25132.5,25132.5,24850.75,24871.25
2026-02-23 10:15:00+00:00,24880.75,25130.0,24874.5,25090.0
2026-02-23 10:30:00+00:00,24884.25,25080.0,24839.0,25041.25
2026-02-23 10:45:00+00:00,24837.75,25044.75,24763.5,24972.0
2026-02-23 11:00:00+00:00,24757.0,24950.25,24682.5,24900.5
2026-02-23 11:15:00+00:00,24694.25,24997.25,24683.0,24997.25
2026-02-23 11:30:00+00:00,24784.75,24989.0,24760.5,24993.75
2026-02-23 11:45:00+00:00,24770.0,24973.5,24745.5,24738.5
2026-02-23 12:00:00+00:00,24752.5,24962.75,24735.0,24738.0
2026-02-23 12:15:00+00:00,24745.25,24976.25,24732.75,24749.75
2026-02-23 12:30:00+00:00,24745.75,24947.25,24687.5,24713.0
2026-02-23 12:45:00+00:00,24718.0,24955.5,24701.5,24749.5
2026-02-23 13:00:00+00:00,24757.25,24999.0,24744.5,25003.5
2026-02-23 13:15:00+00:00,24793.25,25036.5,24784.5,24805.75
2026-02-23 13:30:00+00:00,24811.25,25038.25,24795.5,24797.75
2026-02-23 13:45:00+00:00,25001.5,25001.5,24735.25,24734.0
2026-02-23 14:00:00+00:00,24745.25,24957.75,24724.25,24748.75
2026-02-23 14:15:00+00:00,24753.25,24741.5,24729.25,24732.75
2026-02-23 14:30:00+00:00,24726.5,24914.0,24693.75,24904.25
2026-02-23 14:45:00+00:00,24700.0,24930.0,24696.75,24908.75
2026-02-23 15:00:00+00:00,24705.75,24911.0,24687.0,24684.75
2026-02-23 15:15:00+00:00,24920.0,24920.0,24690.5,24701.5
2026-02-23 15:30:00+00:00,24739.0,24939.0,24707.0,24715.0
2026-02-23 15:45:00+00:00,24731.75,24947.5,24717.25,24729.25
2026-02-23 16:00:00+00:00,24773.75,24987.0,24768.5,24781.0
2026-02-23 16:15:00+00:00,24781.75,24777.5,24773.5,24779.5
2026-02-23 16:30:00+00:00,24791.25,24780.75,24779.25,24780.75
2026-02-23 16:45:00+00:00,24784.75,24786.5,24780.0,24787.0
2026-02-23 18:00:00+00:00,24789.25,25015.25,24789.25,24802.25
2026-02-23 18:15:00+00:00,24798.75,24794.0,24788.0,24796.5
2026-02-23 18:30:00+00:00,24814.75,25034.25,24805.75,24812.0
2026-02-23 18:45:00+00:00,24816.25,24805.75,24797.0,24793.0
2026-02-23 19:00:00+00:00,24805.0,24798.5,24786.0,24797.75
2026-02-23 19:15:00+00:00,24805.25,24811.25,24776.0,24778.75
2026-02-23 19:30:00+00:00,24786.5,24799.0,24780.75,24799.75
2026-02-23 19:45:00+00:00,24805.0,25025.0,24804.75,24808.5
2026-02-23 20:00:00+00:00,24818.25,24807.0,24797.75,24807.5
2026-02-23 20:15:00+00:00,24807.25,24815.75,24805.5,24820.0
2026-02-23 20:30:00+00:00,24820.5,25020.0,24805.5,24834.25
2026-02-23 20:45:00+00:00,24829.25,24823.25,24817.25,24821.0
2026-02-23 21:00:00+00:00,24831.0,25046.0,24822.0,24828.75
2026-02-23 21:15:00+00:00,24840.25,24861.5,24836.25,24864.5
2026-02-23 21:30:00+00:00,24863.25,25097.0,24862.0,24869.0
2026-02-23 21:45:00+00:00,24865.25,24866.75,24863.25,24869.75
2026-02-23 22:00:00+00:00,24871.75,24870.5,24868.0,24871.75
2026-02-23 22:15:00+00:00,24872.5,24879.75,24872.5,24879.75
2026-02-23 22:30:00+00:00,24878.75,24876.75,24872.25,24879.5
2026-02-23 22:45:00+00:00,24875.5,24874.0,24872.5,24874.25
2026-02-23 23:00:00+00:00,24874.75,25091.75,24872.0,24877.25
2026-02-23 23:15:00+00:00,24874.25,25098.0,24868.75,25098.0
2026-02-23 23:30:00+00:00,24884.0,24878.0,24869.25,24877.0
2026-02-23 23:45:00+00:00,24873.75,24876.5,24872.25,24878.75
2026-02-24 00:00:00+00:00,24876.0,24882.75,24875.25,24885.25
2026-02-24 00:15:00+00:00,24883.5,25075.0,24859.75,24856.25
2026-02-24 00:30:00+00:00,24861.5,25069.5,24846.25,24848.0
2026-02-24 00:45:00+00:00,24855.25,25049.25,24834.75,24837.75
2026-02-24 01:00:00+00:00,24842.0,24847.75,24836.5,24839.5
2026-02-24 01:15:00+00:00,24838.0,25044.5,24826.5,24828.5
2026-02-24 01:30:00+00:00,24838.25,25048.75,24829.0,24838.0
2026-02-24 01:45:00+00:00,24839.25,24838.75,24835.0,24839.0
2026-02-24 02:00:00+00:00,24839.5,25071.75,24837.5,24856.75
2026-02-24 02:15:00+00:00,24858.5,25073.5,24848.0,25073.5
2026-02-24 02:30:00+00:00,24864.0,24859.75,24850.25,24847.25
2026-02-24 02:45:00+00:00,24839.0,24840.25,24834.0,24839.75
2026-02-24 03:00:00+00:00,24834.0,25021.0,24788.75,24799.0
2026-02-24 03:15:00+00:00,24800.0,24997.0,24781.5,24806.0
2026-02-24 03:30:00+00:00,24816.25,25012.0,24780.25,24784.0
2026-02-24 03:45:00+00:00,24788.0,24990.0,24766.75,24790.5
2026-02-24 04:00:00+00:00,24802.0,25030.25,24791.25,24824.75
2026-02-24 04:15:00+00:00,24838.25,24833.5,24821.25,24825.75
2026-02-24 04:30:00+00:00,24825.75,25045.75,24794.25,25045.75
2026-02-24 04:45:00+00:00,24831.75,24844.5,24830.0,24847.0
2026-02-24 05:00:00+00:00,24849.25,24853.75,24847.0,24847.5
2026-02-24 05:15:00+00:00,24842.75,24839.75,24840.5,24838.25
2026-02-24 05:30:00+00:00,24843.0,24840.5,24831.25,24839.5
2026-02-24 05:45:00+00:00,24843.75,24840.75,24830.75,24842.5
2026-02-24 06:00:00+00:00,24849.0,24844.75,24833.75,24832.25
2026-02-24 06:15:00+00:00,24828.75,24824.25,24816.0,24819.75
2026-02-24 06:30:00+00:00,24825.75,24821.25,24814.0,24813.0
2026-02-24 06:45:00+00:00,24829.25,24818.75,24815.75,24827.5
2026-02-24 07:00:00+00:00,25064.0,25097.0,24863.5,24879.5
2026-02-24 07:15:00+00:00,24873.5,25080.0,24838.25,24850.25
2026-02-24 07:30:00+00:00,25057.25,25057.25,24806.75,24810.5
2026-02-24 07:45:00+00:00,24819.0,25037.0,24805.75,24820.25
2026-02-24 08:00:00+00:00,24829.75,25050.0,24816.75,24827.0
2026-02-24 08:15:00+00:00,24830.75,25058.75,24826.0,24852.5
2026-02-24 08:30:00+00:00,24870.25,25069.25,24849.75,24864.75
2026-02-24 08:45:00+00:00,24876.25,25086.75,24872.5,24883.5
2026-02-24 09:00:00+00:00,24878.5,24872.5,24861.75,24856.0
2026-02-24 09:15:00+00:00,24853.25,25057.25,24827.0,24820.25
2026-02-24 09:30:00+00:00,24826.0,25017.25,24768.25,24861.0
2026-02-24 09:45:00+00:00,24924.5,24928.0,24870.5,24874.75
2026-02-24 10:00:00+00:00,24880.0,25122.75,24857.0,24893.75
2026-02-24 10:15:00+00:00,25079.75,25175.75,24870.75,24989.0
2026-02-24 10:30:00+00:00,25021.0,25232.0,24992.75,25232.0
2026-02-24 10:45:00+00:00,25019.5,25223.5,24995.25,25205.0
2026-02-24 11:00:00+00:00,24988.25,25233.75,24976.5,25033.5
2026-02-24 11:15:00+00:00,25040.75,25243.5,24998.25,25019.25
2026-02-24 11:30:00+00:00,25211.25,25211.25,24980.75,25201.75
2026-02-24 11:45:00+00:00,25002.0,25255.25,24988.75,25255.25
2026-02-24 12:00:00+00:00,25031.5,25256.75,25028.75,25070.5
2026-02-24 12:15:00+00:00,25066.75,25277.25,25050.25,25068.75
2026-02-24 12:30:00+00:00,25061.0,25284.25,25050.25,25259.75
2026-02-24 12:45:00+00:00,25042.25,25058.25,25041.25,25048.0
2026-02-24 13:00:00+00:00,25047.75,25275.75,25046.0,25264.0
2026-02-24 13:15:00+00:00,25045.0,25254.0,25027.0,25024.75
2026-02-24 13:30:00+00:00,25020.5,25265.0,25019.75,25037.5
2026-02-24 13:45:00+00:00,25044.25,25037.5,25032.5,25040.5
2026-02-24 14:00:00+00:00,25036.0,25240.0,25010.0,25014.25
2026-02-24 14:15:00+00:00,25015.5,25217.5,25001.5,25009.75
2026-02-24 14:30:00+00:00,25004.75,25242.75,25003.0,25022.75
2026-02-24 14:45:00+00:00,25025.25,25247.75,25014.5,25030.5
2026-02-24 15:00:00+00:00,25028.5,25225.75,25008.0,25001.75
2026-02-24 15:15:00+00:00,25004.25,25228.25,24999.75,25227.25
2026-02-24 15:30:00+00:00,25004.0,25230.0,24998.75,25011.25
2026-02-24 15:45:00+00:00,25038.25,25262.25,25030.5,25257.0
2026-02-24 16:00:00+00:00,25037.75,25243.75,25010.5,25016.5
2026-02-24 16:15:00+00:00,25020.0,25240.25,25017.0,25024.25
2026-02-24 16:30:00+00:00,25026.0,25023.25,25020.25,25019.75
2026-02-24 16:45:00+00:00,25021.5,25239.25,25015.25,25019.5
2026-02-24 18:00:00+00:00,25012.0,25225.25,24998.75,25010.5
2026-02-24 18:15:00+00:00,25028.5,25019.0,25011.25,25021.0
2026-02-24 18:30:00+00:00,25025.75,25251.75,25021.5,25251.75
2026-02-24 18:45:00+00:00,25032.25,25041.75,25030.0,25049.5
2026-02-24 19:00:00+00:00,25045.25,25039.5,25035.0,25036.75
2026-02-24 19:15:00+00:00,25030.75,25250.75,25028.75,25025.5
2026-02-24 19:30:00+00:00,25033.25,25262.0,25020.0,25054.25
2026-02-24 19:45:00+00:00,25061.25,25287.75,25061.25,25064.5
2026-02-24 20:00:00+00:00,25073.25,25307.5,25071.25,25308.5
2026-02-24 20:15:00+00:00,25091.25,25307.0,25073.5,25078.5
2026-02-24 20:30:00+00:00,25082.75,25310.75,25079.5,25310.75
2026-02-24 20:45:00+00:00,25106.0,25107.25,25094.0,25105.0
2026-02-24 21:00:00+00:00,25110.5,25103.0,25095.25,25098.0
2026-02-24 21:15:00+00:00,25102.75,25097.0,25095.25,25099.75
2026-02-24 21:30:00+00:00,25106.5,25322.5,25102.0,25097.0
2026-02-24 21:45:00+00:00,25100.25,25316.5,25096.0,25101.75
2026-02-24 22:00:00+00:00,25109.5,25318.0,25081.0,25089.0
2026-02-24 22:15:00+00:00,25082.5,25075.25,25055.75,25069.0
2026-02-24 22:30:00+00:00,25076.5,25223.0,25039.75,25056.75
2026-02-24 22:45:00+00:00,25060.25,25070.0,25057.25,25072.75
2026-02-24 23:00:00+00:00,25067.75,25060.25,25043.25,25037.25
2026-02-24 23:15:00+00:00,25044.75,25039.75,25039.25,25043.0
2026-02-24 23:30:00+00:00,25058.75,25058.5,25053.5,25056.0
2026-02-24 23:45:00+00:00,25057.0,25058.25,25049.25,25048.0
2026-02-25 00:00:00+00:00,25053.75,25058.75,25050.5,25057.0
2026-02-25 00:15:00+00:00,25055.5,25051.25,25039.75,25042.75
2026-02-25 00:30:00+00:00,25046.75,25042.0,25035.5,25038.25
2026-02-25 00:45:00+00:00,25046.0,25263.0,25041.5,25038.25
2026-02-25 01:00:00+00:00,25044.0,25041.5,25037.0,25042.0
2026-02-25 01:15:00+00:00,25044.75,25053.25,25043.75,25054.0
2026-02-25 01:30:00+00:00,25043.75,25053.75,25040.0,25052.0
2026-02-25 01:45:00+00:00,25044.5,25042.0,25040.0,25041.25
2026-02-25 02:00:00+00:00,25048.0,25049.0,25041.75,25051.0
2026-02-25 02:15:00+00:00,25043.75,25040.5,25038.0,25037.25
2026-02-25 02:30:00+00:00,25042.75,25039.0,25019.25,25031.5
2026-02-25 02:45:00+00:00,25033.5,25254.5,25027.0,25035.75
2026-02-25 03:00:00+00:00,25051.25,25068.0,25036.5,25050.25
2026-02-25 03:15:00+00:00,25056.75,25295.0,25056.75,25077.5
2026-02-25 03:30:00+00:00,25077.75,25074.25,25066.0,25075.75
2026-02-25 03:45:00+00:00,25079.0,25075.25,25067.0,25069.5
2026-02-25 04:00:00+00:00,25074.0,25293.75,25063.75,25293.75
2026-02-25 04:15:00+00:00,25080.0,25298.75,25077.0,25075.75
2026-02-25 04:30:00+00:00,25073.25,25300.0,25064.75,25080.5
2026-02-25 04:45:00+00:00,25082.25,25080.75,25076.75,25081.75
2026-02-25 05:00:00+00:00,25085.75,25291.0,25067.0,25067.25
2026-02-25 05:15:00+00:00,25073.0,25297.5,25067.75,25297.75
2026-02-25 05:30:00+00:00,25078.25,25088.5,25076.5,25089.5
2026-02-25 05:45:00+00:00,25088.0,25084.5,25069.75,25069.25
2026-02-25 06:00:00+00:00,25077.75,25074.75,25072.0,25077.25
2026-02-25 06:15:00+00:00,25081.5,25081.25,25074.0,25081.75
2026-02-25 06:30:00+00:00,25088.0,25327.75,25081.5,25327.75
2026-02-25 06:45:00+00:00,25110.0,25345.25,25109.5,25123.75
2026-02-25 07:00:00+00:00,25124.5,25120.25,25111.75,25113.0
2026-02-25 07:15:00+00:00,25115.0,25358.5,25111.75,25355.5
2026-02-25 07:30:00+00:00,25133.25,25137.25,25128.25,25132.25
2026-02-25 07:45:00+00:00,25134.0,25139.75,25130.75,25135.75
2026-02-25 08:00:00+00:00,25140.25,25143.5,25139.25,25145.25
2026-02-25 08:15:00+00:00,25148.75,25362.75,25135.75,25139.5
2026-02-25 08:30:00+00:00,25143.75,25134.0,25133.25,25136.25
2026-02-25 08:45:00+00:00,25137.0,25158.0,25134.0,25159.0
2026-02-25 09:00:00+00:00,25159.5,25167.25,25150.75,25168.5
2026-02-25 09:15:00+00:00,25372.5,25370.0,25141.0,25150.25
2026-02-25 09:30:00+00:00,25220.0,25488.5,25160.25,25493.5
2026-02-25 09:45:00+00:00,25303.5,25555.25,25272.25,25572.0
2026-02-25 10:00:00+00:00,25361.75,25575.25,25316.25,25535.25
2026-02-25 10:15:00+00:00,25314.5,25541.0,25301.75,25325.5
2026-02-25 10:30:00+00:00,25550.0,25546.25,25294.25,25533.0
2026-02-25 10:45:00+00:00,25307.5,25297.25,25272.25,25283.5
2026-02-25 11:00:00+00:00,25309.25,25524.0,25292.25,25290.75
2026-02-25 11:15:00+00:00,25301.0,25521.0,25289.75,25297.0
2026-02-25 11:30:00+00:00,25307.25,25524.0,25300.5,25325.5
2026-02-25 11:45:00+00:00,25326.75,25324.25,25318.5,25316.5
2026-02-25 12:00:00+00:00,25318.75,25551.75,25316.75,25336.25
2026-02-25 12:15:00+00:00,25339.75,25555.75,25333.0,25330.0
2026-02-25 12:30:00+00:00,25539.75,25553.75,25324.25,25337.75
2026-02-25 12:45:00+00:00,25338.75,25348.25,25334.0,25351.5
2026-02-25 13:00:00+00:00,25354.5,25574.75,25344.75,25348.75
2026-02-25 13:15:00+00:00,25346.0,25339.25,25338.5,25339.25
2026-02-25 13:30:00+00:00,25342.0,25560.5,25337.0,25350.5
2026-02-25 13:45:00+00:00,25353.25,25351.25,25350.75,25350.75
2026-02-25 14:00:00+00:00,25355.0,25586.75,25350.25,25365.5
2026-02-25 14:15:00+00:00,25368.25,25589.75,25366.0,25372.25
2026-02-25 14:30:00+00:00,25376.5,25373.0,25369.75,25369.0
2026-02-25 14:45:00+00:00,25368.25,25371.75,25366.0,25372.25
2026-02-25 15:00:00+00:00,25371.25,25593.25,25368.5,25591.75
2026-02-25 15:15:00+00:00,25372.0,25590.75,25365.25,25370.5
2026-02-25 15:30:00+00:00,25366.75,25373.0,25359.5,25375.75
2026-02-25 15:45:00+00:00,25378.75,25604.25,25374.0,25605.75
2026-02-25 16:00:00+00:00,25390.0,25617.5,25373.5,25392.75
2026-02-25 16:15:00+00:00,25395.75,25623.25,25386.25,25395.5
2026-02-25 16:30:00+00:00,25396.25,25700.5,25395.5,25464.0
2026-02-25 16:45:00+00:00,25463.25,25682.0,25447.75,25460.5
2026-02-25 18:00:00+00:00,25388.25,25620.0,25374.75,25393.0
2026-02-25 18:15:00+00:00,25392.75,25600.0,25370.0,25600.0
2026-02-25 18:30:00+00:00,25387.5,25520.0,25294.0,25283.25
2026-02-25 18:45:00+00:00,25318.75,25544.25,25308.25,25539.5
2026-02-25 19:00:00+00:00,25316.0,25552.0,25314.5,25327.25
2026-02-25 19:15:00+00:00,25335.0,25331.25,25325.0,25336.75
2026-02-25 19:30:00+00:00,25341.5,25532.0,25319.0,25532.0
2026-02-25 19:45:00+00:00,25315.5,25318.0,25309.75,25313.5
2026-02-25 20:00:00+00:00,25319.75,25309.25,25297.0,25306.0
2026-02-25 20:15:00+00:00,25313.5,25512.5,25289.25,25287.5
2026-02-25 20:30:00+00:00,25278.25,25306.25,25273.75,25310.25
2026-02-25 20:45:00+00:00,25308.0,25539.0,25307.5,25539.0
2026-02-25 21:00:00+00:00,25319.25,25315.25,25298.0,25299.5
2026-02-25 21:15:00+00:00,25301.5,25530.0,25294.75,25303.5
2026-02-25 21:30:00+00:00,25301.25,25299.25,25290.5,25291.0
2026-02-25 21:45:00+00:00,25301.5,25523.0,25294.75,25306.5
2026-02-25 22:00:00+00:00,25307.75,25525.0,25297.75,25301.5
2026-02-25 22:15:00+00:00,25303.25,25306.25,25301.5,25309.25
2026-02-25 22:30:00+00:00,25308.0,25536.5,25305.25,25313.25
2026-02-25 22:45:00+00:00,25316.0,25312.25,25307.75,25303.5
2026-02-25 23:00:00+00:00,25304.0,25307.5,25300.0,25308.75
2026-02-25 23:15:00+00:00,25302.0,25300.25,25297.25,25299.25
2026-02-25 23:30:00+00:00,25301.5,25300.75,25294.5,25302.25
2026-02-25 23:45:00+00:00,25299.75,25523.0,25299.75,25523.0
2026-02-26 00:00:00+00:00,25301.75,25297.25,25285.5,25284.75
2026-02-26 00:15:00+00:00,25286.0,25519.5,25285.0,25519.5
2026-02-26 00:30:00+00:00,25297.0,25296.25,25293.25,25298.0
2026-02-26 00:45:00+00:00,25307.75,25306.25,25299.0,25304.5
2026-02-26 01:00:00+00:00,25316.0,25324.5,25308.0,25329.0
2026-02-26 01:15:00+00:00,25333.5,25546.5,25323.5,25324.25
2026-02-26 01:30:00+00:00,25328.75,25333.0,25319.0,25334.5
2026-02-26 01:45:00+00:00,25339.5,25555.5,25326.0,25325.0
2026-02-26 02:00:00+00:00,25339.5,25340.5,25327.25,25341.25
2026-02-26 02:15:00+00:00,25348.75,25568.5,25337.0,25340.0
2026-02-26 02:30:00+00:00,25346.5,25347.25,25341.0,25353.25
2026-02-26 02:45:00+00:00,25360.0,25355.5,25346.25,25354.75
2026-02-26 03:00:00+00:00,25358.5,25355.75,25348.0,25357.0
2026-02-26 03:15:00+00:00,25374.0,25588.75,25365.5,25370.75
2026-02-26 03:30:00+00:00,25375.0,25366.25,25352.0,25354.5
2026-02-26 03:45:00+00:00,25357.25,25352.75,25347.0,25355.0
2026-02-26 04:00:00+00:00,25358.25,25579.5,25349.75,25369.75
2026-02-26 04:15:00+00:00,25375.75,25591.0,25368.0,25378.75
2026-02-26 04:30:00+00:00,25379.25,25388.5,25379.25,25389.0
2026-02-26 04:45:00+00:00,25399.75,25398.0,25382.5,25382.5
2026-02-26 05:00:00+00:00,25381.75,25383.75,25373.75,25384.5
2026-02-26 05:15:00+00:00,25385.5,25586.25,25369.0,25586.25
2026-02-26 05:30:00+00:00,25363.5,25366.75,25361.25,25366.25
2026-02-26 05:45:00+00:00,25369.25,25583.0,25354.75,25356.0
2026-02-26 06:00:00+00:00,25360.25,25583.0,25351.0,25355.75
2026-02-26 06:15:00+00:00,25354.75,25364.25,25353.25,25364.5
2026-02-26 06:30:00+00:00,25366.25,25366.0,25362.25,25363.25
2026-02-26 06:45:00+00:00,25358.0,25361.75,25356.5,25368.0
2026-02-26 07:00:00+00:00,25367.5,25371.75,25361.75,25371.5
2026-02-26 07:15:00+00:00,25375.5,25381.25,25364.25,25382.0
2026-02-26 07:30:00+00:00,25388.75,25601.25,25375.5,25390.0
2026-02-26 07:45:00+00:00,25386.75,25380.0,25377.5,25378.75
2026-02-26 08:00:00+00:00,25376.0,25369.25,25365.75,25374.75
2026-02-26 08:15:00+00:00,25378.0,25608.0,25377.25,25395.25
2026-02-26 08:30:00+00:00,25401.0,25621.25,25391.0,25389.75
2026-02-26 08:45:00+00:00,25394.5,25407.0,25386.25,25387.25
2026-02-26 09:00:00+00:00,25610.5,25610.5,25373.5,25377.25
2026-02-26 09:15:00+00:00,25384.0,25598.5,25360.25,25347.75
2026-02-26 09:30:00+00:00,25342.0,25513.75,25260.5,25493.75
2026-02-26 09:45:00+00:00,25266.0,25463.5,25209.5,25430.25
2026-02-26 10:00:00+00:00,25210.75,25384.5,25157.0,25290.0
2026-02-26 10:15:00+00:00,25067.25,25213.0,24938.0,25151.25
2026-02-26 10:30:00+00:00,24936.5,25209.0,24899.25,25209.0
2026-02-26 10:45:00+00:00,25019.75,25223.75,24986.25,25223.75
2026-02-26 11:00:00+00:00,25022.25,25255.5,24999.5,25255.5
2026-02-26 11:15:00+00:00,25063.5,25288.0,25034.75,25282.25
2026-02-26 11:30:00+00:00,25275.5,25275.5,25022.5,25237.25
2026-02-26 11:45:00+00:00,25003.25,25211.25,24991.25,25184.25
2026-02-26 12:00:00+00:00,24988.5,25217.0,24963.75,25203.5
2026-02-26 12:15:00+00:00,24967.75,25187.25,24958.0,24965.5
2026-02-26 12:30:00+00:00,25200.0,25207.75,24947.5,25166.75
2026-02-26 12:45:00+00:00,24948.25,25155.25,24937.75,24932.25
2026-02-26 13:00:00+00:00,24938.0,25145.5,24902.0,25126.5
2026-02-26 13:15:00+00:00,24908.5,25141.25,24908.0,24924.0
2026-02-26 13:30:00+00:00,24929.75,25225.75,24918.75,25225.75
2026-02-26 13:45:00+00:00,25030.75,25227.5,24981.5,25008.0
2026-02-26 14:00:00+00:00,25222.0,25273.5,25009.5,25056.5
2026-02-26 14:15:00+00:00,25287.0,25303.5,25065.75,25270.75
2026-02-26 14:30:00+00:00,25054.5,25294.5,25048.75,25062.5
2026-02-26 14:45:00+00:00,25294.75,25286.75,25071.0,25086.5
2026-02-26 15:00:00+00:00,25065.5,25291.0,25043.75,25047.75
2026-02-26 15:15:00+00:00,25038.25,25245.0,25030.0,25040.5
2026-02-26 15:30:00+00:00,25036.75,25291.25,25028.75,25283.25
2026-02-26 15:45:00+00:00,25069.25,25284.5,25049.5,25065.5
2026-02-26 16:00:00+00:00,25088.0,25295.0,25062.5,25069.5
2026-02-26 16:15:00+00:00,25074.25,25291.0,25065.0,25287.75
2026-02-26 16:30:00+00:00,25071.25,25067.5,25055.75,25053.5
2026-02-26 16:45:00+00:00,25050.25,25253.75,25034.5,25029.75
2026-02-26 18:00:00+00:00,24994.75,25237.0,24962.0,25237.0
2026-02-26 18:15:00+00:00,25024.0,25246.25,25018.5,25239.25
2026-02-26 18:30:00+00:00,25023.5,25213.5,25001.25,24995.25
2026-02-26 18:45:00+00:00,24993.25,25216.25,24978.75,25216.25
2026-02-26 19:00:00+00:00,24998.5,25236.75,24992.75,25234.25
2026-02-26 19:15:00+00:00,25015.5,25219.0,25002.5,25219.0
2026-02-26 19:30:00+00:00,24999.25,25191.25,24973.0,24978.5
2026-02-26 19:45:00+00:00,25180.75,25205.0,24972.25,24982.0
2026-02-26 20:00:00+00:00,24996.25,25207.5,24986.0,24987.25
2026-02-26 20:15:00+00:00,25016.25,25214.75,24993.25,25002.75
2026-02-26 20:30:00+00:00,24988.0,24996.25,24979.25,24979.75
2026-02-26 20:45:00+00:00,24980.75,25210.75,24976.0,24990.25
2026-02-26 21:00:00+00:00,25000.75,25221.0,24992.0,24997.5
2026-02-26 21:15:00+00:00,25005.5,25015.25,24998.5,25017.0
2026-02-26 21:30:00+00:00,25016.5,25211.5,24997.5,25002.75
2026-02-26 21:45:00+00:00,25008.0,25241.25,25007.25,25245.75
2026-02-26 22:00:00+00:00,25036.0,25032.25,25029.5,25025.75
2026-02-26 22:15:00+00:00,25032.25,25232.5,25017.25,25012.25
2026-02-26 22:30:00+00:00,25020.5,25017.0,25013.25,25015.0
2026-02-26 22:45:00+00:00,25017.25,25238.5,25017.25,25029.5
2026-02-26 23:00:00+00:00,25036.25,25031.25,25026.5,25027.0
2026-02-26 23:15:00+00:00,25024.75,25027.0,25013.5,25027.75
2026-02-26 23:30:00+00:00,25028.0,25029.5,25022.0,25030.0
2026-02-26 23:45:00+00:00,25032.25,25029.25,25023.25,25023.5
2026-02-27 00:00:00+00:00,25027.75,25039.75,25024.75,25043.75
2026-02-27 00:15:00+00:00,25047.5,25275.0,25045.75,25055.0
2026-02-27 00:30:00+00:00,25058.25,25054.75,25051.0,25052.75
2026-02-27 00:45:00+00:00,25276.0,25276.0,25044.25,25043.25
2026-02-27 01:00:00+00:00,25043.25,25256.0,25029.0,25015.5
2026-02-27 01:15:00+00:00,25018.25,25229.0,24998.75,25001.25
2026-02-27 01:30:00+00:00,25025.25,25030.75,25004.25,25034.0
2026-02-27 01:45:00+00:00,25037.25,25254.25,25032.0,25031.0
2026-02-27 02:00:00+00:00,25050.25,25048.0,25033.0,25047.0
2026-02-27 02:15:00+00:00,25050.75,25067.75,25046.0,25069.5
2026-02-27 02:30:00+00:00,25072.25,25288.0,25065.5,25067.5
2026-02-27 02:45:00+00:00,25075.5,25292.0,25069.5,25073.25
2026-02-27 03:00:00+00:00,25082.25,25299.75,25061.75,25069.25
2026-02-27 03:15:00+00:00,25049.0,25280.0,25047.5,25280.0
2026-02-27 03:30:00+00:00,25076.5,25277.5,25051.5,25277.5
2026-02-27 03:45:00+00:00,25058.5,25283.75,25056.25,25065.75
2026-02-27 04:00:00+00:00,25073.5,25290.5,25052.25,25086.0
2026-02-27 04:15:00+00:00,25092.5,25304.5,25069.75,25074.25
2026-02-27 04:30:00+00:00,25078.5,25268.0,25035.25,25035.5
2026-02-27 04:45:00+00:00,25033.0,25036.5,25031.0,25037.5
2026-02-27 05:00:00+00:00,25032.75,25243.0,24986.0,24968.75
2026-02-27 05:15:00+00:00,25000.25,25219.5,24987.5,25019.25
2026-02-27 05:30:00+00:00,25033.25,25241.75,25017.5,25037.25
2026-02-27 05:45:00+00:00,25035.75,25024.5,24988.75,24992.25
2026-02-27 06:00:00+00:00,25005.0,25220.0,24995.5,24988.25
2026-02-27 06:15:00+00:00,24997.0,25215.0,24993.0,25215.0
2026-02-27 06:30:00+00:00,24997.25,25184.0,24955.0,25159.25
2026-02-27 06:45:00+00:00,24948.25,25157.0,24936.0,24948.75
2026-02-27 07:00:00+00:00,24957.5,25160.0,24931.0,24972.0
2026-02-27 07:15:00+00:00,24981.0,25208.25,24975.5,24979.0
2026-02-27 07:30:00+00:00,24980.0,25197.0,24947.0,24940.25
2026-02-27 07:45:00+00:00,24938.0,25144.25,24911.75,24903.75
2026-02-27 08:00:00+00:00,24928.75,25139.5,24919.5,24921.0
2026-02-27 08:15:00+00:00,24917.75,25130.25,24886.0,25099.0
2026-02-27 08:30:00+00:00,24883.25,25057.0,24805.25,25043.5
2026-02-27 08:45:00+00:00,24854.25,25072.25,24840.0,25059.5
2026-02-27 09:00:00+00:00,24878.0,25069.75,24844.25,24839.25
2026-02-27 09:15:00+00:00,25061.75,25058.75,24826.5,25034.25
2026-02-27 09:30:00+00:00,24867.0,25082.5,24815.25,25062.75
2026-02-27 09:45:00+00:00,24872.25,25113.25,24845.25,24872.0
2026-02-27 10:00:00+00:00,24904.0,25189.75,24879.5,25189.75
2026-02-27 10:15:00+00:00,24971.0,25196.75,24945.0,25196.75
2026-02-27 10:30:00+00:00,24977.25,25212.5,24930.5,25215.0
2026-02-27 10:45:00+00:00,25017.25,25220.25,24936.25,25204.0
2026-02-27 11:00:00+00:00,24988.25,25213.0,24961.25,25198.75
2026-02-27 11:15:00+00:00,25000.25,25227.0,24965.0,25187.25
2026-02-27 11:30:00+00:00,24989.75,25216.0,24969.0,25170.0
2026-02-27 11:45:00+00:00,24951.0,25215.75,24936.0,25186.75
2026-02-27 12:00:00+00:00,24998.75,25240.0,24969.25,25193.0
2026-02-27 12:15:00+00:00,24962.75,25168.25,24924.0,24956.5
2026-02-27 12:30:00+00:00,25201.5,25205.0,25158.25,25148.75
2026-02-27 12:45:00+00:00,24935.0,25162.75,24925.75,25162.75
2026-02-27 13:00:00+00:00,24955.25,25142.75,24919.75,24914.25
2026-02-27 13:15:00+00:00,24920.0,25135.0,24882.75,25135.0
2026-02-27 13:30:00+00:00,24914.5,25131.5,24901.75,25131.5
2026-02-27 13:45:00+00:00,24917.5,25123.5,24890.5,25119.25
2026-02-27 14:00:00+00:00,24912.75,25134.25,24902.5,24907.25
2026-02-27 14:15:00+00:00,24913.5,25132.5,24903.5,25132.5
2026-02-27 14:30:00+00:00,24907.25,25136.0,24896.75,25111.0
2026-02-27 14:45:00+00:00,24899.0,25112.25,24882.5,25112.25
2026-02-27 15:00:00+00:00,24909.5,25142.75,24894.25,24955.0
2026-02-27 15:15:00+00:00,25192.0,25203.25,24997.0,25203.25
2026-02-27 15:30:00+00:00,24985.75,25200.0,24925.0,25174.0
2026-02-27 15:45:00+00:00,24946.0,25197.5,24933.75,25218.25
2026-02-27 16:00:00+00:00,24998.75,25188.25,24965.5,25188.25
2026-02-27 16:15:00+00:00,24976.75,25165.0,24950.25,24953.75
2026-02-27 16:30:00+00:00,24970.0,25184.25,24961.25,24962.0
2026-02-27 16:45:00+00:00,24963.75,24955.25,24944.75,24947.5
2026-03-01 18:00:00+00:00,24682.5,24999.0,24682.5,24797.5
2026-03-01 18:15:00+00:00,24791.5,24985.75,24775.5,24760.0
2026-03-01 18:30:00+00:00,24978.25,24985.0,24741.25,24985.0
2026-03-01 18:45:00+00:00,24779.25,24975.0,24756.25,24954.5
2026-03-01 19:00:00+00:00,24946.25,24981.25,24742.25,24756.0
2026-03-01 19:15:00+00:00,24758.75,24950.5,24726.75,24947.75
2026-03-01 19:30:00+00:00,24739.0,24943.25,24725.25,24745.0
2026-03-01 19:45:00+00:00,24770.25,24987.75,24757.25,24779.0
2026-03-01 20:00:00+00:00,24791.25,25097.0,24783.25,25094.25
2026-03-01 20:15:00+00:00,24876.5,25087.75,24855.25,24872.75
2026-03-01 20:30:00+00:00,24889.75,25111.25,24870.5,25096.75
2026-03-01 20:45:00+00:00,24873.25,25079.0,24859.25,25076.0
2026-03-01 21:00:00+00:00,24865.25,25053.75,24836.0,24829.75
2026-03-01 21:15:00+00:00,24843.75,25053.0,24811.25,24818.0
2026-03-01 21:30:00+00:00,24815.5,25050.0,24811.0,24839.75
2026-03-01 21:45:00+00:00,24842.25,25038.75,24801.0,24822.75
2026-03-01 22:00:00+00:00,24828.0,25036.0,24809.5,25036.0
2026-03-01 22:15:00+00:00,24818.5,25035.75,24813.25,24820.5
2026-03-01 22:30:00+00:00,24823.0,25028.0,24803.0,24800.25
2026-03-01 22:45:00+00:00,24799.0,25019.25,24793.75,24791.5
2026-03-01 23:00:00+00:00,24798.25,24995.0,24792.5,24796.75
2026-03-01 23:15:00+00:00,24809.0,25015.75,24752.25,24799.5
2026-03-01 23:30:00+00:00,24806.0,25017.75,24798.5,24793.0
2026-03-01 23:45:00+00:00,25005.25,25005.0,24761.0,24760.0
2026-03-02 00:00:00+00:00,24769.5,24952.5,24738.25,24743.25
2026-03-02 00:15:00+00:00,24750.5,24960.0,24728.75,24938.25
2026-03-02 00:30:00+00:00,24959.0,24948.75,24729.5,24734.75
2026-03-02 00:45:00+00:00,24731.25,24938.5,24677.0,24677.25
2026-03-02 01:00:00+00:00,24909.25,24917.75,24681.5,24691.0
2026-03-02 01:15:00+00:00,24910.25,24903.75,24689.25,24883.25
2026-03-02 01:30:00+00:00,24676.25,24666.25,24625.25,24620.75
2026-03-02 01:45:00+00:00,24613.25,24794.25,24581.0,24590.75
2026-03-02 02:00:00+00:00,24806.5,24806.5,24565.25,24541.0
2026-03-02 02:15:00+00:00,24773.75,24780.5,24544.25,24567.25
2026-03-02 02:30:00+00:00,24776.75,24772.75,24559.5,24577.0
2026-03-02 02:45:00+00:00,24779.25,24767.5,24543.25,24746.0
2026-03-02 03:00:00+00:00,24758.75,24733.0,24525.75,24731.75
2026-03-02 03:15:00+00:00,24523.75,24709.75,24485.0,24489.75
2026-03-02 03:30:00+00:00,24724.75,24740.25,24512.5,24554.25
2026-03-02 03:45:00+00:00,24762.5,24791.0,24555.75,24563.5
2026-03-02 04:00:00+00:00,24793.75,24835.5,24793.75,24836.5
2026-03-02 04:15:00+00:00,24648.5,24847.25,24622.75,24637.5
2026-03-02 04:30:00+00:00,24653.25,24863.25,24618.75,24616.5
2026-03-02 04:45:00+00:00,24637.75,24629.75,24620.75,24635.5
2026-03-02 05:00:00+00:00,24645.75,24884.0,24628.5,24652.0
2026-03-02 05:15:00+00:00,24648.75,24869.75,24638.5,24639.0
2026-03-02 05:30:00+00:00,24663.5,24890.0,24657.25,24888.0
2026-03-02 05:45:00+00:00,24683.75,24880.0,24645.5,24874.25
2026-03-02 06:00:00+00:00,24662.75,24865.5,24639.75,24647.25
2026-03-02 06:15:00+00:00,24647.25,24850.5,24646.0,24662.0
2026-03-02 06:30:00+00:00,24668.0,24887.75,24655.75,24671.0
2026-03-02 06:45:00+00:00,24704.75,24918.0,24681.0,24678.25
2026-03-02 07:00:00+00:00,24697.75,24897.0,24639.0,24653.5
2026-03-02 07:15:00+00:00,24659.75,24860.75,24635.5,24861.0
2026-03-02 07:30:00+00:00,24638.75,24858.0,24634.0,24858.0
2026-03-02 07:45:00+00:00,24655.0,24847.0,24613.75,24617.5
2026-03-02 08:00:00+00:00,24853.0,24861.25,24848.75,24861.25
2026-03-02 08:15:00+00:00,24865.25,24941.0,24655.25,24916.75
2026-03-02 08:30:00+00:00,24705.75,24913.75,24675.0,24873.75
2026-03-02 08:45:00+00:00,24675.0,24881.0,24653.75,24833.75
2026-03-02 09:00:00+00:00,24632.0,24861.5,24616.5,24633.5
2026-03-02 09:15:00+00:00,24635.25,24846.5,24623.75,24828.0
2026-03-02 09:30:00+00:00,24683.5,25073.5,24644.5,25022.5
2026-03-02 09:45:00+00:00,24880.75,25088.0,24820.75,25061.0
2026-03-02 10:00:00+00:00,24863.75,25147.25,24862.0,25148.75
2026-03-02 10:15:00+00:00,24938.25,25145.5,24900.75,25091.75
2026-03-02 10:30:00+00:00,24900.25,25141.75,24848.0,25157.0
2026-03-02 10:45:00+00:00,24943.0,25156.25,24938.25,25140.0
2026-03-02 11:00:00+00:00,25139.25,25150.75,24903.5,24974.25
2026-03-02 11:15:00+00:00,24975.75,25162.5,24889.0,25082.75
2026-03-02 11:30:00+00:00,24896.25,25220.0,24866.5,25220.0
2026-03-02 11:45:00+00:00,25024.25,25249.75,25007.25,25029.25
2026-03-02 12:00:00+00:00,25251.25,25251.25,25020.5,25234.0
2026-03-02 12:15:00+00:00,25276.0,25288.0,25046.0,25045.25
2026-03-02 12:30:00+00:00,25049.5,25271.0,25030.5,25268.25
2026-03-02 12:45:00+00:00,25050.0,25287.5,25046.25,25050.25
2026-03-02 13:00:00+00:00,25071.25,25289.5,25047.5,25270.25
2026-03-02 13:15:00+00:00,25050.5,25248.25,25029.25,25248.25
2026-03-02 13:30:00+00:00,25039.5,25229.5,25003.75,25004.0
2026-03-02 13:45:00+00:00,25233.0,25226.25,24986.75,25189.0
2026-03-02 14:00:00+00:00,24977.25,25205.5,24972.0,25050.75
2026-03-02 14:15:00+00:00,25076.0,25298.0,25049.5,25078.75
2026-03-02 14:30:00+00:00,25310.0,25310.0,25076.5,25295.25
2026-03-02 14:45:00+00:00,25084.75,25316.75,25077.0,25088.0
2026-03-02 15:00:00+00:00,25088.25,25290.75,24993.5,25200.25
2026-03-02 15:15:00+00:00,24968.25,25219.5,24967.25,25198.75
2026-03-02 15:30:00+00:00,24987.25,25218.75,24967.5,24996.0
2026-03-02 15:45:00+00:00,25014.5,25263.25,25008.0,25055.0
2026-03-02 16:00:00+00:00,25028.75,25228.75,24988.75,24994.75
2026-03-02 16:15:00+00:00,25000.5,25209.75,24987.75,24994.5
2026-03-02 16:30:00+00:00,24998.0,25223.75,24996.25,25224.0
2026-03-02 16:45:00+00:00,25006.0,25219.0,24997.5,24998.5
2026-03-02 18:00:00+00:00,24984.25,25194.25,24974.25,25187.25
2026-03-02 18:15:00+00:00,24976.25,25180.0,24954.5,24955.75
2026-03-02 18:30:00+00:00,24971.5,25175.5,24947.75,25166.75
2026-03-02 18:45:00+00:00,24961.5,24965.0,24947.25,24969.75
2026-03-02 19:00:00+00:00,24975.75,25160.0,24954.5,25160.0
2026-03-02 19:15:00+00:00,24957.25,25148.75,24930.75,24938.75
2026-03-02 19:30:00+00:00,24944.0,25161.0,24931.5,24935.75
2026-03-02 19:45:00+00:00,24947.5,24944.75,24933.5,24926.5
2026-03-02 20:00:00+00:00,24935.75,25158.0,24930.5,24950.5
2026-03-02 20:15:00+00:00,24951.75,25156.5,24939.5,24936.75
2026-03-02 20:30:00+00:00,24927.5,25135.25,24895.25,24914.0
2026-03-02 20:45:00+00:00,24913.0,25110.5,24878.25,25086.25
2026-03-02 21:00:00+00:00,24878.25,25066.0,24840.0,24853.25
2026-03-02 21:15:00+00:00,24859.0,25048.25,24817.0,25047.75
2026-03-02 21:30:00+00:00,24848.0,25072.5,24837.25,24864.25
2026-03-02 21:45:00+00:00,24872.0,25093.0,24855.5,24851.5
2026-03-02 22:00:00+00:00,24883.25,25063.75,24841.0,25063.75
2026-03-02 22:15:00+00:00,24857.25,25048.75,24831.5,24819.75
2026-03-02 22:30:00+00:00,25042.25,25072.5,24826.25,24860.25
2026-03-02 22:45:00+00:00,24877.75,24861.0,24850.75,24850.25
2026-03-02 23:00:00+00:00,24858.25,25050.0,24823.0,24834.5
2026-03-02 23:15:00+00:00,24840.0,25022.5,24825.75,25028.75
2026-03-02 23:30:00+00:00,24825.0,25024.5,24806.5,24812.5
2026-03-02 23:45:00+00:00,24825.0,25024.0,24799.0,25024.0
2026-03-03 00:00:00+00:00,24822.5,25024.0,24801.75,24811.5
2026-03-03 00:15:00+00:00,24815.25,24811.0,24806.0,24815.5
2026-03-03 00:30:00+00:00,24811.5,25016.75,24776.75,24785.5
2026-03-03 00:45:00+00:00,24778.75,24983.25,24756.5,24981.5
2026-03-03 01:00:00+00:00,24782.75,24993.25,24755.5,24978.75
2026-03-03 01:15:00+00:00,24763.75,25002.25,24744.5,25007.5
2026-03-03 01:30:00+00:00,24797.5,24785.0,24768.25,24765.5
2026-03-03 01:45:00+00:00,24759.0,24973.25,24746.5,24761.0
2026-03-03 02:00:00+00:00,24753.75,24976.25,24729.0,24734.25
2026-03-03 02:15:00+00:00,24739.25,24968.75,24710.75,24925.75
2026-03-03 02:30:00+00:00,24713.5,24915.5,24686.25,24917.25
2026-03-03 02:45:00+00:00,24711.0,24920.25,24677.75,24888.0
2026-03-03 03:00:00+00:00,24674.75,24898.25,24674.75,24854.5
2026-03-03 03:15:00+00:00,24642.0,24861.0,24620.0,24811.75
2026-03-03 03:30:00+00:00,24605.0,24819.25,24559.75,24748.0
2026-03-03 03:45:00+00:00,24544.75,24748.5,24513.25,24735.75
2026-03-03 04:00:00+00:00,24548.75,24560.75,24516.25,24546.5
2026-03-03 04:15:00+00:00,24560.0,24751.75,24515.75,24518.5
2026-03-03 04:30:00+00:00,24533.25,24742.25,24507.5,24715.0
2026-03-03 04:45:00+00:00,24502.5,24706.5,24466.75,24655.5
2026-03-03 05:00:00+00:00,24470.75,24670.5,24433.5,24668.5
2026-03-03 05:15:00+00:00,24452.0,24669.0,24445.5,24454.25
2026-03-03 05:30:00+00:00,24447.75,24662.5,24405.25,24662.5
2026-03-03 05:45:00+00:00,24482.5,24692.75,24440.75,24431.25
2026-03-03 06:00:00+00:00,24453.5,24683.25,24425.25,24664.75
2026-03-03 06:15:00+00:00,24446.5,24599.25,24411.75,24461.75
2026-03-03 06:30:00+00:00,24478.25,24695.25,24457.75,24691.5
2026-03-03 06:45:00+00:00,24509.5,24718.75,24483.0,24700.0
2026-03-03 07:00:00+00:00,24504.75,24764.25,24487.0,24771.0
2026-03-03 07:15:00+00:00,24558.0,24804.25,24556.25,24797.5
2026-03-03 07:30:00+00:00,24575.0,24792.5,24555.75,24792.5
2026-03-03 07:45:00+00:00,24590.0,24797.0,24569.5,24800.0
2026-03-03 08:00:00+00:00,24590.0,24780.25,24548.0,24748.0
2026-03-03 08:15:00+00:00,24554.25,24775.25,24526.75,24731.25
2026-03-03 08:30:00+00:00,24532.75,24712.75,24481.5,24705.5
2026-03-03 08:45:00+00:00,24500.25,24701.5,24473.75,24701.5
2026-03-03 09:00:00+00:00,24497.75,24710.0,24463.75,24693.0
2026-03-03 09:15:00+00:00,24505.0,24734.75,24478.25,24745.75
2026-03-03 09:30:00+00:00,24611.5,24850.75,24535.0,24745.5
2026-03-03 09:45:00+00:00,24573.5,24753.25,24517.75,24700.75
2026-03-03 10:00:00+00:00,24562.5,24714.75,24475.0,24725.5
2026-03-03 10:15:00+00:00,24518.5,24661.25,24366.0,24571.5
2026-03-03 10:30:00+00:00,24394.0,24663.75,24358.75,24628.25
2026-03-03 10:45:00+00:00,24443.25,24651.5,24392.25,24660.0
2026-03-03 11:00:00+00:00,24464.75,24785.0,24445.5,24789.75
2026-03-03 11:15:00+00:00,24597.5,24818.75,24573.0,24620.75
2026-03-03 11:30:00+00:00,24625.0,24814.25,24613.75,24817.75
2026-03-03 11:45:00+00:00,24888.75,24893.5,24681.5,24689.75
2026-03-03 12:00:00+00:00,24691.5,24891.25,24669.25,24852.75
2026-03-03 12:15:00+00:00,24868.5,24896.5,24652.25,24900.25
2026-03-03 12:30:00+00:00,24707.5,24898.75,24618.0,24909.25
2026-03-03 12:45:00+00:00,24699.0,24881.25,24649.75,24860.0
2026-03-03 13:00:00+00:00,24679.25,24900.5,24641.0,24905.25
2026-03-03 13:15:00+00:00,24899.5,24973.75,24727.75,24977.75
2026-03-03 13:30:00+00:00,24965.0,25026.5,24964.25,25026.5
2026-03-03 13:45:00+00:00,25010.25,25016.75,24797.75,25016.5
2026-03-03 14:00:00+00:00,24810.5,25017.25,24756.75,24971.0
2026-03-03 14:15:00+00:00,24794.75,24992.25,24768.5,24762.75
2026-03-03 14:30:00+00:00,24768.75,24988.75,24717.75,24815.75
2026-03-03 14:45:00+00:00,25054.0,25030.0,24773.75,25000.25
2026-03-03 15:00:00+00:00,24790.0,25019.75,24787.25,25016.0
2026-03-03 15:15:00+00:00,24788.25,24995.5,24751.75,24997.5
2026-03-03 15:30:00+00:00,24791.5,24995.5,24759.75,24983.5
2026-03-03 15:45:00+00:00,24780.0,24965.0,24738.75,24970.5
2026-03-03 16:00:00+00:00,24758.25,24946.5,24730.75,24946.5
2026-03-03 16:15:00+00:00,24738.0,24740.0,24727.0,24722.25
2026-03-03 16:30:00+00:00,24725.25,24909.25,24703.5,24728.0
2026-03-03 16:45:00+00:00,24720.0,24921.5,24714.25,24921.5
2026-03-03 18:00:00+00:00,24697.5,24916.75,24678.0,24735.75
2026-03-03 18:15:00+00:00,24759.5,24960.0,24715.5,24706.5
2026-03-03 18:30:00+00:00,24713.25,24940.25,24705.75,24940.25
2026-03-03 18:45:00+00:00,24738.0,24941.5,24719.75,24929.5
2026-03-03 19:00:00+00:00,24715.0,24930.75,24687.5,24940.0
2026-03-03 19:15:00+00:00,24739.75,25007.5,24737.5,24986.75
2026-03-03 19:30:00+00:00,24770.5,24950.0,24697.25,24701.75
2026-03-03 19:45:00+00:00,24722.75,24951.0,24699.25,24747.0
2026-03-03 20:00:00+00:00,24758.0,24952.75,24705.75,24710.0
2026-03-03 20:15:00+00:00,24921.0,24924.25,24646.5,24662.5
2026-03-03 20:30:00+00:00,24860.0,24926.25,24644.0,24926.25
2026-03-03 20:45:00+00:00,24713.75,24880.0,24651.0,24679.0
2026-03-03 21:00:00+00:00,24703.25,24874.25,24644.0,24874.25
2026-03-03 21:15:00+00:00,24642.5,24871.75,24631.0,24836.5
2026-03-03 21:30:00+00:00,24628.25,24806.75,24598.0,24614.25
2026-03-03 21:45:00+00:00,24635.75,24850.25,24624.5,24642.75
2026-03-03 22:00:00+00:00,24638.0,24799.75,24592.25,24595.75
2026-03-03 22:15:00+00:00,24595.5,24798.5,24570.25,24564.25
2026-03-03 22:30:00+00:00,24771.25,24770.5,24543.25,24549.75
2026-03-03 22:45:00+00:00,24573.0,24808.75,24566.25,24811.75
2026-03-03 23:00:00+00:00,24611.0,24841.5,24599.0,24841.5
2026-03-03 23:15:00+00:00,24637.25,24820.25,24589.0,24601.75
2026-03-03 23:30:00+00:00,24593.25,24803.0,24583.0,24797.0
2026-03-03 23:45:00+00:00,24605.0,24803.75,24584.0,24802.25
2026-03-04 00:00:00+00:00,24610.5,24795.5,24569.0,24784.0
2026-03-04 00:15:00+00:00,24584.0,24769.25,24537.75,24757.75
2026-03-04 00:30:00+00:00,24560.0,24826.0,24545.25,24826.0
2026-03-04 00:45:00+00:00,24600.25,24586.0,24579.0,24583.5
2026-03-04 01:00:00+00:00,24573.5,24755.25,24536.25,24734.25
2026-03-04 01:15:00+00:00,24522.5,24746.75,24511.75,24540.5
2026-03-04 01:30:00+00:00,24755.0,24800.25,24561.75,24574.25
2026-03-04 01:45:00+00:00,24786.75,24785.0,24558.75,24562.25
2026-03-04 02:00:00+00:00,24572.75,24796.25,24554.25,24544.25
2026-03-04 02:15:00+00:00,24545.5,24820.25,24540.75,24822.5
2026-03-04 02:30:00+00:00,24607.25,24864.25,24602.5,24659.5
2026-03-04 02:45:00+00:00,24656.0,24870.25,24649.5,24673.0
2026-03-04 03:00:00+00:00,24665.25,24872.25,24648.75,24881.25
2026-03-04 03:15:00+00:00,24669.75,24881.75,24614.25,24833.75
2026-03-04 03:30:00+00:00,24650.25,24862.5,24626.75,24649.75
2026-03-04 03:45:00+00:00,24671.5,24867.5,24637.25,24644.5
2026-03-04 04:00:00+00:00,24656.0,24910.0,24642.5,24914.5
2026-03-04 04:15:00+00:00,24713.75,24925.25,24692.5,24704.75
2026-03-04 04:30:00+00:00,24926.25,24949.25,24728.5,24952.75
2026-03-04 04:45:00+00:00,24736.75,24973.25,24733.5,24740.75
2026-03-04 05:00:00+00:00,24756.25,25040.5,24754.25,25040.5
2026-03-04 05:15:00+00:00,25065.5,25065.25,24798.5,25025.75
2026-03-04 05:30:00+00:00,24822.0,25040.5,24806.0,24835.0
2026-03-04 05:45:00+00:00,25049.25,25052.0,24824.5,25045.5
2026-03-04 06:00:00+00:00,24854.5,25073.5,24842.75,25068.0
2026-03-04 06:15:00+00:00,24868.5,25100.0,24860.0,25079.5
2026-03-04 06:30:00+00:00,24865.75,25077.0,24841.5,25037.75
2026-03-04 06:45:00+00:00,25025.0,25038.25,24802.25,25027.0
2026-03-04 07:00:00+00:00,24820.0,25031.5,24806.25,24815.5
2026-03-04 07:15:00+00:00,24829.5,24994.25,24829.5,24981.25
2026-03-04 07:30:00+00:00,24957.0,24983.5,24737.5,24986.75
2026-03-04 07:45:00+00:00,24782.5,25000.25,24769.0,25000.25
2026-03-04 08:00:00+00:00,25024.75,25116.0,24850.5,25116.0
2026-03-04 08:15:00+00:00,24905.0,25103.25,24868.75,25101.5
2026-03-04 08:30:00+00:00,24886.75,25109.25,24874.0,25131.5
2026-03-04 08:45:00+00:00,24910.0,25127.5,24896.5,25103.25
2026-03-04 09:00:00+00:00,24891.5,25093.0,24870.5,25100.0
2026-03-04 09:15:00+00:00,24903.75,25114.75,24857.25,25069.25
2026-03-04 09:30:00+00:00,24955.5,25149.25,24850.5,25074.25
2026-03-04 09:45:00+00:00,24850.25,25126.5,24849.25,25125.0
2026-03-04 10:00:00+00:00,24977.0,25214.0,24922.75,25221.5
2026-03-04 10:15:00+00:00,24995.25,25341.25,24978.0,25341.25
2026-03-04 10:30:00+00:00,25148.5,25338.5,25072.25,25282.25
2026-03-04 10:45:00+00:00,25067.0,25336.0,25053.25,25344.0
2026-03-04 11:00:00+00:00,25142.75,25359.75,25092.0,25291.5
2026-03-04 11:15:00+00:00,25076.5,25313.25,25071.0,25313.25
2026-03-04 11:30:00+00:00,25322.5,25368.25,25118.5,25159.5
2026-03-04 11:45:00+00:00,25167.5,25158.25,25145.75,25147.75
2026-03-04 12:00:00+00:00,25147.75,25384.5,25146.25,25384.25
2026-03-04 12:15:00+00:00,25157.0,25375.75,25156.0,25356.25
2026-03-04 12:30:00+00:00,25138.5,25387.75,25111.0,25155.0
2026-03-04 12:45:00+00:00,25161.75,25392.5,25152.5,25160.0
2026-03-04 13:00:00+00:00,25183.0,25392.0,25166.5,25380.25
2026-03-04 13:15:00+00:00,25164.75,25374.0,25147.0,25168.75
2026-03-04 13:30:00+00:00,25190.5,25418.25,25172.0,25418.25
2026-03-04 13:45:00+00:00,25207.75,25425.75,25191.5,25399.0
2026-03-04 14:00:00+00:00,25198.25,25429.0,25192.75,25209.75
2026-03-04 14:15:00+00:00,25430.5,25430.5,25191.0,25415.75
2026-03-04 14:30:00+00:00,25200.5,25413.0,25189.75,25200.5
2026-03-04 14:45:00+00:00,25196.75,25415.5,25185.25,25189.5
2026-03-04 15:00:00+00:00,25195.0,25384.0,25153.25,25155.25
2026-03-04 15:15:00+00:00,25151.0,25363.0,25125.75,25144.25
2026-03-04 15:30:00+00:00,25154.5,25367.0,25140.0,25162.75
2026-03-04 15:45:00+00:00,25165.75,25358.25,25117.75,25347.5
2026-03-04 16:00:00+00:00,25131.25,25368.25,25105.5,25375.5
2026-03-04 16:15:00+00:00,25163.25,25345.0,25122.25,25140.25
2026-03-04 16:30:00+00:00,25143.5,25136.25,25132.75,25137.0
2026-03-04 16:45:00+00:00,25138.75,25360.0,25132.75,25130.75
2026-03-04 18:00:00+00:00,25150.25,25391.5,25150.25,25391.5
2026-03-04 18:15:00+00:00,25172.5,25374.5,25146.0,25153.25
2026-03-04 18:30:00+00:00,25156.0,25366.0,25148.25,25163.0
2026-03-04 18:45:00+00:00,25183.25,25399.5,25169.0,25391.25
2026-03-04 19:00:00+00:00,25175.0,25412.0,25164.5,25412.0
2026-03-04 19:15:00+00:00,25233.75,25443.25,25200.0,25209.25
2026-03-04 19:30:00+00:00,25213.75,25435.25,25205.25,25223.0
2026-03-04 19:45:00+00:00,25219.0,25210.5,25205.5,25208.0
2026-03-04 20:00:00+00:00,25212.0,25428.5,25195.5,25195.5
2026-03-04 20:15:00+00:00,25197.5,25380.0,25150.75,25154.75
2026-03-04 20:30:00+00:00,25149.75,25357.0,25139.0,25304.25
2026-03-04 20:45:00+00:00,25096.75,25313.25,25050.5,25069.0
2026-03-04 21:00:00+00:00,25085.5,25303.75,25070.75,25076.25
2026-03-04 21:15:00+00:00,25087.75,25301.0,25067.5,25285.5
2026-03-04 21:30:00+00:00,25071.5,25295.0,25057.5,25081.5
2026-03-04 21:45:00+00:00,25092.0,25103.75,25082.5,25087.25
2026-03-04 22:00:00+00:00,25094.25,25295.25,25081.75,25295.25
2026-03-04 22:15:00+00:00,25085.5,25075.5,25059.75,25057.0
2026-03-04 22:30:00+00:00,25049.75,25263.75,25035.25,25256.25
2026-03-04 22:45:00+00:00,25043.0,25045.0,25036.75,25043.0
2026-03-04 23:00:00+00:00,25053.25,25273.75,25036.0,25072.75
2026-03-04 23:15:00+00:00,25077.5,25294.25,25069.75,25086.0
2026-03-04 23:30:00+00:00,25089.75,25086.5,25080.0,25089.5
2026-03-04 23:45:00+00:00,25085.25,25093.25,25082.5,25095.75
2026-03-05 00:00:00+00:00,25104.5,25318.75,25087.25,25092.25
2026-03-05 00:15:00+00:00,25088.75,25082.0,25072.25,25083.0
2026-03-05 00:30:00+00:00,25079.75,25075.75,25056.75,25055.75
2026-03-05 00:45:00+00:00,25059.5,25058.0,25048.25,25042.5
2026-03-05 01:00:00+00:00,25041.0,25210.5,24993.0,25210.5
2026-03-05 01:15:00+00:00,24989.75,25208.75,24986.5,25005.75
2026-03-05 01:30:00+00:00,25012.0,25205.25,24993.25,25002.5
2026-03-05 01:45:00+00:00,25008.0,25270.75,25007.75,25086.5
2026-03-05 02:00:00+00:00,25098.0,25290.0,25060.25,25290.0
2026-03-05 02:15:00+00:00,25073.5,25299.75,25056.5,25082.0
2026-03-05 02:30:00+00:00,25088.5,25299.5,25059.75,25287.0
2026-03-05 02:45:00+00:00,25069.25,25274.5,25045.5,25272.25
2026-03-05 03:00:00+00:00,25078.25,25273.0,25003.25,25233.25
2026-03-05 03:15:00+00:00,25020.25,25257.5,24997.5,25228.0
2026-03-05 03:30:00+00:00,24998.5,25230.5,24995.5,25219.25
2026-03-05 03:45:00+00:00,25014.5,25247.5,25006.5,25046.25
2026-03-05 04:00:00+00:00,25062.25,25400.5,25052.5,25400.5
2026-03-05 04:15:00+00:00,25192.0,25389.5,25144.25,25126.0
2026-03-05 04:30:00+00:00,25135.25,25337.5,25101.25,25319.25
2026-03-05 04:45:00+00:00,25103.5,25104.75,25093.75,25113.0
2026-03-05 05:00:00+00:00,25117.25,25337.25,25111.25,25122.0
2026-03-05 05:15:00+00:00,25125.0,25351.0,25115.75,25125.25
2026-03-05 05:30:00+00:00,25142.75,25133.5,25099.75,25104.75
2026-03-05 05:45:00+00:00,25114.75,25110.5,25096.75,25106.0
2026-03-05 06:00:00+00:00,25118.75,25352.0,25107.5,25128.25
2026-03-05 06:15:00+00:00,25142.5,25357.0,25132.75,25143.5
2026-03-05 06:30:00+00:00,25153.75,25335.0,25114.25,25112.75
2026-03-05 06:45:00+00:00,25134.0,25124.0,25110.75,25109.5
2026-03-05 07:00:00+00:00,25102.0,25098.5,25086.5,25089.0
2026-03-05 07:15:00+00:00,25101.25,25136.75,25091.25,25129.25
2026-03-05 07:30:00+00:00,25124.5,25109.0,25100.0,25091.75
2026-03-05 07:45:00+00:00,25096.5,25260.0,25042.0,25071.0
2026-03-05 08:00:00+00:00,25076.0,25272.0,25036.5,25039.75
2026-03-05 08:15:00+00:00,25056.5,25245.5,25037.75,25047.0
2026-03-05 08:30:00+00:00,25072.25,25239.5,25006.5,25239.5
2026-03-05 08:45:00+00:00,25031.75,25245.75,25013.5,25211.75
2026-03-05 09:00:00+00:00,25009.5,25217.5,24994.0,25214.0
2026-03-05 09:15:00+00:00,24995.25,25190.5,24964.0,24984.0
2026-03-05 09:30:00+00:00,25277.0,25288.25,25084.75,25082.75
2026-03-05 09:45:00+00:00,25274.5,25389.0,25101.25,25400.5
2026-03-05 10:00:00+00:00,25209.75,25404.25,25128.25,25376.0
2026-03-05 10:15:00+00:00,25180.25,25354.75,25011.75,25227.5
2026-03-05 10:30:00+00:00,25013.75,25270.75,24953.25,25260.75
2026-03-05 10:45:00+00:00,25062.0,25275.75,25041.25,25285.0
2026-03-05 11:00:00+00:00,25093.25,25279.25,24972.5,25228.75
2026-03-05 11:15:00+00:00,25000.5,25214.0,24957.5,25214.0
2026-03-05 11:30:00+00:00,25193.75,25238.25,25003.0,25212.5
2026-03-05 11:45:00+00:00,25043.75,25247.0,25007.5,25037.75
2026-03-05 12:00:00+00:00,25053.0,25319.75,25043.0,25266.5
2026-03-05 12:15:00+00:00,25033.75,25196.25,24956.5,25192.25
2026-03-05 12:30:00+00:00,24944.0,25108.75,24854.75,25087.5
2026-03-05 12:45:00+00:00,24851.0,25049.0,24798.5,25024.5
2026-03-05 13:00:00+00:00,24825.75,25089.0,24807.0,25089.0
2026-03-05 13:15:00+00:00,24888.75,25078.25,24790.0,25008.25
2026-03-05 13:30:00+00:00,24824.0,25060.0,24786.5,25064.25
2026-03-05 13:45:00+00:00,24862.0,25044.0,24794.0,24812.25
2026-03-05 14:00:00+00:00,24828.25,25057.25,24814.0,24839.75
2026-03-05 14:15:00+00:00,24856.75,25089.75,24827.0,24822.75
2026-03-05 14:30:00+00:00,24839.25,25060.0,24802.75,25060.0
2026-03-05 14:45:00+00:00,24853.25,25075.0,24842.5,25075.0
2026-03-05 15:00:00+00:00,24862.5,25139.75,24857.75,24908.25
2026-03-05 15:15:00+00:00,25151.0,25187.5,24917.75,25189.0
2026-03-05 15:30:00+00:00,24963.75,25213.0,24954.25,24976.75
2026-03-05 15:45:00+00:00,25174.25,25249.25,25010.0,25267.0
2026-03-05 16:00:00+00:00,25051.0,25245.75,25024.5,25025.25
2026-03-05 16:15:00+00:00,25038.75,25243.75,25020.0,25019.0
2026-03-05 16:30:00+00:00,25243.0,25242.75,25008.5,25009.75
2026-03-05 16:45:00+00:00,25013.0,25226.0,25003.25,25226.0
2026-03-05 18:00:00+00:00,25006.75,25240.0,25006.75,25042.0
2026-03-05 18:15:00+00:00,25040.5,25038.75,25034.5,25028.5
2026-03-05 18:30:00+00:00,25050.75,25254.25,25040.5,25065.5
2026-03-05 18:45:00+00:00,25061.0,25284.0,25053.5,25284.0
2026-03-05 19:00:00+00:00,25067.75,25305.5,25059.75,25090.0
2026-03-05 19:15:00+00:00,25095.0,25294.0,25075.0,25295.5
2026-03-05 19:30:00+00:00,25080.0,25080.0,25071.5,25084.0
2026-03-05 19:45:00+00:00,25085.75,25310.0,25071.5,25067.0
2026-03-05 20:00:00+00:00,25077.75,25299.75,25068.0,25082.0
2026-03-05 20:15:00+00:00,25091.0,25300.0,25057.5,25045.5
2026-03-05 20:30:00+00:00,25063.25,25293.25,25053.0,25066.75
2026-03-05 20:45:00+00:00,25059.5,25293.75,25045.25,25076.0
2026-03-05 21:00:00+00:00,25071.75,25304.5,25069.75,25092.75
2026-03-05 21:15:00+00:00,25115.75,25322.75,25102.5,25110.0
2026-03-05 21:30:00+00:00,25112.0,25105.25,25089.5,25090.5
2026-03-05 21:45:00+00:00,25094.0,25089.5,25074.0,25077.25
2026-03-05 22:00:00+00:00,25087.0,25093.5,25070.25,25090.75
2026-03-05 22:15:00+00:00,25086.25,25300.0,25081.5,25300.0
2026-03-05 22:30:00+00:00,25089.5,25317.25,25078.25,25317.25
2026-03-05 22:45:00+00:00,25103.25,25317.0,25098.5,25105.0
2026-03-05 23:00:00+00:00,25114.0,25328.5,25107.75,25107.0
2026-03-05 23:15:00+00:00,25109.5,25105.0,25096.25,25093.5
2026-03-05 23:30:00+00:00,25098.25,25349.0,25096.5,25128.5
2026-03-05 23:45:00+00:00,25135.0,25341.75,25106.25,25108.75
2026-03-06 00:00:00+00:00,25110.25,25331.75,25110.0,25127.75
2026-03-06 00:15:00+00:00,25127.5,25122.5,25112.0,25121.25
2026-03-06 00:30:00+00:00,25126.5,25344.5,25122.5,25129.5
2026-03-06 00:45:00+00:00,25120.5,25118.0,25110.5,25118.75
2026-03-06 01:00:00+00:00,25132.5,25130.0,25124.25,25123.25
2026-03-06 01:15:00+00:00,25118.25,25335.75,25111.75,25111.5
2026-03-06 01:30:00+00:00,25111.75,25118.5,25107.0,25119.25
2026-03-06 01:45:00+00:00,25116.25,25325.25,25104.0,25106.5
2026-03-06 02:00:00+00:00,25115.5,25333.5,25095.75,25098.0
2026-03-06 02:15:00+00:00,25112.5,25345.25,25104.0,25131.25
2026-03-06 02:30:00+00:00,25136.0,25131.25,25128.0,25134.25
2026-03-06 02:45:00+00:00,25130.5,25337.25,25117.75,25125.0
2026-03-06 03:00:00+00:00,25114.75,25318.0,25097.25,25093.25
2026-03-06 03:15:00+00:00,25306.75,25306.75,25047.25,25038.5
2026-03-06 03:30:00+00:00,25275.25,25302.25,25059.5,25091.0
2026-03-06 03:45:00+00:00,25315.25,25315.25,25071.75,25074.0
2026-03-06 04:00:00+00:00,25072.5,25276.75,25016.75,25242.75
2026-03-06 04:15:00+00:00,25027.0,25212.0,24983.25,25179.0
2026-03-06 04:30:00+00:00,24979.25,25142.0,24917.25,25142.0
2026-03-06 04:45:00+00:00,24921.25,25131.5,24899.0,24912.0
2026-03-06 05:00:00+00:00,24936.75,25173.0,24928.25,25163.75
2026-03-06 05:15:00+00:00,24959.25,25179.5,24940.75,24938.25
2026-03-06 05:30:00+00:00,25191.5,25178.25,24944.75,24942.25
2026-03-06 05:45:00+00:00,24941.0,25175.0,24935.5,24959.0
2026-03-06 06:00:00+00:00,24950.25,25160.75,24900.5,25160.75
2026-03-06 06:15:00+00:00,24942.0,25175.0,24925.5,25175.0
2026-03-06 06:30:00+00:00,24951.5,25134.0,24864.5,25090.0
2026-03-06 06:45:00+00:00,24886.25,25109.0,24850.75,24857.0
2026-03-06 07:00:00+00:00,25080.25,25078.25,24844.0,24862.25
2026-03-06 07:15:00+00:00,25084.75,25075.0,24861.75,24860.5
2026-03-06 07:30:00+00:00,25063.0,25063.0,24827.75,25059.5
2026-03-06 07:45:00+00:00,24844.0,25050.5,24813.25,24831.0
2026-03-06 08:00:00+00:00,25061.25,25063.75,24841.5,25063.75
2026-03-06 08:15:00+00:00,24853.0,24858.0,24844.75,24874.75
2026-03-06 08:30:00+00:00,25113.0,25028.0,24738.0,24739.0
2026-03-06 08:45:00+00:00,24947.25,24916.0,24649.25,24648.0
2026-03-06 09:00:00+00:00,24862.75,24853.5,24624.0,24833.75
2026-03-06 09:15:00+00:00,24638.5,24871.5,24628.0,24888.0
2026-03-06 09:30:00+00:00,24702.0,24902.5,24624.5,24902.5
2026-03-06 09:45:00+00:00,24701.0,24908.75,24660.25,24901.0
2026-03-06 10:00:00+00:00,24766.25,24984.5,24675.75,24999.5
2026-03-06 10:15:00+00:00,24799.75,25026.0,24783.5,24805.75
2026-03-06 10:30:00+00:00,25055.0,25086.75,24829.75,24818.75
2026-03-06 10:45:00+00:00,25030.5,25075.75,24972.75,25076.0
2026-03-06 11:00:00+00:00,24883.25,25100.0,24827.5,24822.25
2026-03-06 11:15:00+00:00,24863.5,25045.5,24807.5,24829.75
2026-03-06 11:30:00+00:00,24834.0,25055.5,24816.25,24871.0
2026-03-06 11:45:00+00:00,24896.25,25116.75,24858.0,24889.5
2026-03-06 12:00:00+00:00,24881.75,25081.5,24834.0,25039.75
2026-03-06 12:15:00+00:00,24832.25,25072.75,24829.25,25039.5
2026-03-06 12:30:00+00:00,24817.5,24982.75,24757.5,24752.75
2026-03-06 12:45:00+00:00,24999.0,25030.0,24794.5,24999.0
2026-03-06 13:00:00+00:00,24826.75,25059.25,24794.25,24892.5
2026-03-06 13:15:00+00:00,25091.5,25092.25,24827.5,24824.25
2026-03-06 13:30:00+00:00,24861.5,25060.5,24822.5,24845.0
2026-03-06 13:45:00+00:00,24848.0,25042.5,24809.0,24811.25
2026-03-06 14:00:00+00:00,24815.0,25044.75,24810.5,24848.25
2026-03-06 14:15:00+00:00,24848.0,25036.75,24793.75,24820.0
2026-03-06 14:30:00+00:00,25041.0,25041.0,24816.0,24798.25
2026-03-06 14:45:00+00:00,24801.0,24995.0,24791.5,24808.25
2026-03-06 15:00:00+00:00,25030.5,25052.5,24746.5,24750.75
2026-03-06 15:15:00+00:00,24975.0,24959.0,24676.5,24867.5
2026-03-06 15:30:00+00:00,24855.75,24890.0,24633.0,24890.0
2026-03-06 15:45:00+00:00,24699.75,24897.75,24668.5,24686.5
2026-03-06 16:00:00+00:00,24891.75,24862.0,24630.0,24654.25
2026-03-06 16:15:00+00:00,24655.25,24852.25,24643.25,24640.25
2026-03-06 16:30:00+00:00,24636.75,24859.0,24636.0,24657.75
2026-03-06 16:45:00+00:00,24672.75,24876.75,24668.25,24881.25
2026-03-08 18:00:00+00:00,24435.25,24484.0,24237.25,24234.5
2026-03-08 18:15:00+00:00,24479.0,24491.0,24269.75,24293.5
2026-03-08 18:30:00+00:00,24499.75,24514.0,24284.5,24301.5
2026-03-08 18:45:00+00:00,24520.0,24520.0,24288.0,24306.25
2026-03-08 19:00:00+00:00,24528.0,24510.5,24275.5,24279.5
2026-03-08 19:15:00+00:00,24485.25,24498.5,24272.5,24488.25
2026-03-08 19:30:00+00:00,24271.0,24461.0,24239.75,24239.75
2026-03-08 19:45:00+00:00,24434.25,24434.0,24198.5,24215.25
2026-03-08 20:00:00+00:00,24413.5,24420.0,24192.5,24202.0
2026-03-08 20:15:00+00:00,24410.25,24410.25,24130.5,24362.5
2026-03-08 20:30:00+00:00,24168.75,24380.25,24141.25,24139.75
2026-03-08 20:45:00+00:00,24345.25,24345.25,24099.0,24326.0
2026-03-08 21:00:00+00:00,24137.75,24305.0,24070.75,24085.5
2026-03-08 21:15:00+00:00,24102.25,24284.25,24071.25,24290.75
2026-03-08 21:30:00+00:00,24078.25,24315.0,24058.25,24073.25
2026-03-08 21:45:00+00:00,24067.25,24246.0,24022.5,24218.0
2026-03-08 22:00:00+00:00,24018.25,24244.0,24009.5,24229.5
2026-03-08 22:15:00+00:00,24027.75,24251.75,24003.0,24051.5
2026-03-08 22:30:00+00:00,24245.5,24287.25,24037.5,24075.75
2026-03-08 22:45:00+00:00,24090.0,24291.75,24073.5,24092.5
2026-03-08 23:00:00+00:00,24095.75,24315.5,24085.0,24100.25
2026-03-08 23:15:00+00:00,24111.0,24335.5,24108.0,24308.5
2026-03-08 23:30:00+00:00,24105.75,24320.0,24094.5,24086.75
2026-03-08 23:45:00+00:00,24090.25,24300.0,24084.0,24300.0
2026-03-09 00:00:00+00:00,24107.25,24337.5,24095.0,24320.5
2026-03-09 00:15:00+00:00,24110.75,24338.0,24104.5,24338.0
2026-03-09 00:30:00+00:00,24130.75,24330.5,24113.0,24117.25
2026-03-09 00:45:00+00:00,24116.0,24110.75,24102.5,24116.25
2026-03-09 01:00:00+00:00,24102.75,24344.0,24097.25,24344.0
2026-03-09 01:15:00+00:00,24141.5,24412.0,24124.0,24191.75
2026-03-09 01:30:00+00:00,24206.75,24386.5,24170.25,24203.75
2026-03-09 01:45:00+00:00,24208.25,24436.75,24201.75,24230.0
2026-03-09 02:00:00+00:00,24259.75,24498.25,24238.0,24505.5
2026-03-09 02:15:00+00:00,24294.25,24520.0,24284.5,24520.0
2026-03-09 02:30:00+00:00,24296.0,24499.0,24262.75,24258.0
2026-03-09 02:45:00+00:00,24470.0,24470.0,24244.0,24456.25
2026-03-09 03:00:00+00:00,24262.75,24465.0,24220.75,24270.0
2026-03-09 03:15:00+00:00,24285.75,24509.75,24257.0,24508.25
2026-03-09 03:30:00+00:00,24303.5,24500.75,24263.25,24295.5
2026-03-09 03:45:00+00:00,24493.0,24493.0,24268.0,24289.0
2026-03-09 04:00:00+00:00,24499.0,24485.25,24263.25,24274.75
2026-03-09 04:15:00+00:00,24258.0,24508.0,24256.75,24487.5
2026-03-09 04:30:00+00:00,24288.0,24534.0,24276.5,24508.75
2026-03-09 04:45:00+00:00,24287.0,24522.5,24282.5,24303.5
2026-03-09 05:00:00+00:00,24530.5,24525.0,24302.5,24532.5
2026-03-09 05:15:00+00:00,24357.25,24622.75,24346.25,24421.0
2026-03-09 05:30:00+00:00,24414.0,24685.5,24408.75,24467.25
2026-03-09 05:45:00+00:00,24690.25,24684.0,24405.5,24634.0
2026-03-09 06:00:00+00:00,24431.0,24601.25,24380.5,24590.0
2026-03-09 06:15:00+00:00,24392.0,24610.5,24381.0,24399.75
2026-03-09 06:30:00+00:00,24381.75,24607.5,24368.75,24584.0
2026-03-09 06:45:00+00:00,24389.5,24577.0,24362.75,24366.25
2026-03-09 07:00:00+00:00,24388.5,24593.75,24372.0,24387.5
2026-03-09 07:15:00+00:00,24381.75,24588.0,24352.75,24575.25
2026-03-09 07:30:00+00:00,24369.25,24618.5,24361.0,24394.5
2026-03-09 07:45:00+00:00,24396.5,24614.0,24379.0,24592.75
2026-03-09 08:00:00+00:00,24390.75,24628.5,24384.5,24414.0
2026-03-09 08:15:00+00:00,24444.0,24654.0,24437.0,24440.5
2026-03-09 08:30:00+00:00,24457.25,24626.25,24396.25,24577.75
2026-03-09 08:45:00+00:00,24374.0,24582.0,24361.0,24363.25
2026-03-09 09:00:00+00:00,24391.5,24635.5,24380.75,24647.5
2026-03-09 09:15:00+00:00,24442.0,24620.5,24408.0,24599.25
2026-03-09 09:30:00+00:00,24513.0,24665.0,24410.75,24572.25
2026-03-09 09:45:00+00:00,24598.5,24609.75,24325.5,24389.25
2026-03-09 10:00:00+00:00,24381.0,24610.75,24363.5,24556.25
2026-03-09 10:15:00+00:00,24582.0,24595.5,24452.0,24600.5
2026-03-09 10:30:00+00:00,24638.75,24695.5,24429.25,24720.0
2026-03-09 10:45:00+00:00,24556.75,24773.75,24535.5,24778.0
2026-03-09 11:00:00+00:00,24775.0,24801.5,24584.5,24804.25
2026-03-09 11:15:00+00:00,24832.0,24830.0,24643.0,24643.5
2026-03-09 11:30:00+00:00,24841.75,24839.25,24601.75,24608.75
2026-03-09 11:45:00+00:00,24830.0,24862.25,24622.0,24862.25
2026-03-09 12:00:00+00:00,24647.25,24872.75,24641.5,24871.0
2026-03-09 12:15:00+00:00,24870.5,24898.5,24640.25,24898.5
2026-03-09 12:30:00+00:00,24701.75,24907.0,24664.5,24733.5
2026-03-09 12:45:00+00:00,24951.5,24950.0,24721.5,24919.75
2026-03-09 13:00:00+00:00,24712.25,24897.0,24677.0,24896.75
2026-03-09 13:15:00+00:00,24688.25,24881.5,24616.25,24824.75
2026-03-09 13:30:00+00:00,24621.25,24821.75,24588.25,24787.75
2026-03-09 13:45:00+00:00,24598.5,24833.5,24583.5,24616.0
2026-03-09 14:00:00+00:00,24633.0,24847.0,24611.25,24854.25
2026-03-09 14:15:00+00:00,24641.75,24872.5,24638.5,24862.0
2026-03-09 14:30:00+00:00,24659.75,24898.5,24650.0,24694.75
2026-03-09 14:45:00+00:00,24697.25,24915.75,24666.0,24865.25
2026-03-09 15:00:00+00:00,24662.0,24875.25,24655.5,24674.0
2026-03-09 15:15:00+00:00,24879.25,25042.75,24876.5,24910.75
2026-03-09 15:30:00+00:00,24969.0,25232.25,24952.0,25175.0
2026-03-09 15:45:00+00:00,24976.5,25210.0,24957.0,25226.25
2026-03-09 16:00:00+00:00,25025.75,25178.0,24937.25,25178.0
2026-03-09 16:15:00+00:00,24964.5,25150.25,24940.0,25150.25
2026-03-09 16:30:00+00:00,24962.0,25178.5,24950.75,24952.75
2026-03-09 16:45:00+00:00,24960.5,25178.5,24959.5,24967.75
2026-03-09 18:00:00+00:00,25197.25,25197.25,24909.0,24926.25
2026-03-09 18:15:00+00:00,24934.75,25134.5,24888.75,25134.5
2026-03-09 18:30:00+00:00,24935.75,25110.25,24893.5,24907.5
2026-03-09 18:45:00+00:00,24936.25,25123.0,24905.25,25123.75
2026-03-09 19:00:00+00:00,24909.5,25131.0,24893.5,24927.5
2026-03-09 19:15:00+00:00,24933.5,25125.0,24913.0,24910.5
2026-03-09 19:30:00+00:00,24918.75,25121.0,24897.5,24892.25
2026-03-09 19:45:00+00:00,24885.0,25100.5,24863.75,24877.25
2026-03-09 20:00:00+00:00,24888.0,25099.75,24848.5,24843.25
2026-03-09 20:15:00+00:00,24855.5,25121.0,24841.5,24899.25
2026-03-09 20:30:00+00:00,24918.75,25177.75,24901.5,25180.0
2026-03-09 20:45:00+00:00,24969.0,25165.5,24940.75,24939.0
2026-03-09 21:00:00+00:00,24945.25,25180.0,24935.0,24962.0
2026-03-09 21:15:00+00:00,24967.25,25170.0,24953.0,24954.5
2026-03-09 21:30:00+00:00,25170.0,25170.0,24941.75,24947.5
2026-03-09 21:45:00+00:00,24953.75,25210.0,24949.25,25210.0
2026-03-09 22:00:00+00:00,24997.25,25194.25,24971.25,24977.5
2026-03-09 22:15:00+00:00,25187.75,25184.25,24972.75,24974.75
2026-03-09 22:30:00+00:00,24959.0,25167.5,24947.25,24945.25
2026-03-09 22:45:00+00:00,24934.5,25137.75,24910.75,24927.0
2026-03-09 23:00:00+00:00,24944.5,25148.0,24931.75,24930.5
2026-03-09 23:15:00+00:00,24936.0,25154.0,24917.75,24922.75
2026-03-09 23:30:00+00:00,24913.5,25101.75,24868.25,24867.0
2026-03-09 23:45:00+00:00,24866.25,25095.75,24864.75,24888.75
2026-03-10 00:00:00+00:00,24880.0,25093.75,24868.75,24880.0
2026-03-10 00:15:00+00:00,24894.25,24899.0,24891.0,24885.5
2026-03-10 00:30:00+00:00,24900.5,25136.25,24883.0,24907.0
2026-03-10 00:45:00+00:00,24909.75,25115.75,24886.75,24907.0
2026-03-10 01:00:00+00:00,24941.25,25159.0,24911.25,24940.25
2026-03-10 01:15:00+00:00,25165.0,25165.0,24921.5,24928.5
2026-03-10 01:30:00+00:00,24951.25,24944.75,24937.5,24942.5
2026-03-10 01:45:00+00:00,24943.75,25175.0,24935.0,24954.25
2026-03-10 02:00:00+00:00,25175.0,25175.0,24953.75,24959.5
2026-03-10 02:15:00+00:00,24963.25,25159.5,24942.5,24948.75
2026-03-10 02:30:00+00:00,25200.0,25200.0,24963.5,24962.0
2026-03-10 02:45:00+00:00,24959.75,25175.25,24946.75,24953.75
2026-03-10 03:00:00+00:00,24954.25,25206.0,24953.0,24989.5
2026-03-10 03:15:00+00:00,24998.25,25271.0,24988.5,25280.5
2026-03-10 03:30:00+00:00,25065.0,25274.5,25032.5,25274.5
2026-03-10 03:45:00+00:00,25059.75,25287.75,25052.5,25287.75
2026-03-10 04:00:00+00:00,25089.5,25340.5,25071.5,25113.75
2026-03-10 04:15:00+00:00,25337.75,25350.0,25115.0,25350.0
2026-03-10 04:30:00+00:00,25134.75,25364.0,25118.75,25355.0
2026-03-10 04:45:00+00:00,25350.5,25346.25,25095.75,25085.25
2026-03-10 05:00:00+00:00,25097.25,25337.75,25088.0,25122.75
2026-03-10 05:15:00+00:00,25123.25,25329.0,25100.5,25322.0
2026-03-10 05:30:00+00:00,25111.25,25333.5,25107.75,25333.5
2026-03-10 05:45:00+00:00,25115.25,25313.25,25090.75,25091.0
2026-03-10 06:00:00+00:00,25095.75,25292.5,25057.5,25074.5
2026-03-10 06:15:00+00:00,25075.0,25296.0,25049.25,25296.0
2026-03-10 06:30:00+00:00,25092.0,25291.5,25025.75,25266.0
2026-03-10 06:45:00+00:00,25064.0,25278.0,25048.0,25069.0
2026-03-10 07:00:00+00:00,25069.0,25287.0,25028.5,25243.75
2026-03-10 07:15:00+00:00,25019.0,25240.0,25004.25,25022.0
2026-03-10 07:30:00+00:00,25245.0,25245.0,25001.75,25209.0
2026-03-10 07:45:00+00:00,24980.25,25200.0,24963.5,25200.0
2026-03-10 08:00:00+00:00,24975.5,25164.25,24913.0,25150.75
2026-03-10 08:15:00+00:00,24933.75,25164.5,24925.5,24943.25
2026-03-10 08:30:00+00:00,24921.75,25164.25,24918.0,24956.25
2026-03-10 08:45:00+00:00,24969.0,25203.0,24950.5,24969.5
2026-03-10 09:00:00+00:00,24991.25,25194.5,24966.0,24968.5
2026-03-10 09:15:00+00:00,24983.75,25214.5,24970.5,24997.0
2026-03-10 09:30:00+00:00,25066.5,25012.5,24991.0,24980.25
2026-03-10 09:45:00+00:00,25035.25,25022.25,24972.5,24975.0
2026-03-10 10:00:00+00:00,24968.0,25134.5,24906.5,25136.5
2026-03-10 10:15:00+00:00,24934.5,25230.0,24921.25,25004.0
2026-03-10 10:30:00+00:00,25250.0,25309.0,25032.5,25316.5
2026-03-10 10:45:00+00:00,25325.25,25360.75,25087.5,25362.0
2026-03-10 11:00:00+00:00,25165.0,25164.75,25133.5,25133.75
2026-03-10 11:15:00+00:00,25144.0,25376.0,25125.5,25143.25
2026-03-10 11:30:00+00:00,25353.75,25362.75,25115.5,25149.5
2026-03-10 11:45:00+00:00,25153.25,25363.5,25135.0,25143.5
2026-03-10 12:00:00+00:00,25135.75,25344.0,25092.0,25329.25
2026-03-10 12:15:00+00:00,25123.75,25367.25,25110.5,25132.0
2026-03-10 12:30:00+00:00,25364.25,25357.25,25140.75,25150.0
2026-03-10 12:45:00+00:00,25138.5,25379.75,25122.75,25157.25
2026-03-10 13:00:00+00:00,25370.0,25394.0,25148.25,25153.5
2026-03-10 13:15:00+00:00,25383.5,25416.75,25166.0,25215.5
2026-03-10 13:30:00+00:00,25198.25,25359.0,25176.5,25359.0
2026-03-10 13:45:00+00:00,25355.25,25399.75,25172.5,25178.75
2026-03-10 14:00:00+00:00,25174.0,25399.75,25147.25,25260.75
2026-03-10 14:15:00+00:00,25086.75,25297.0,24992.75,25297.0
2026-03-10 14:30:00+00:00,25107.0,25306.25,25047.25,25257.5
2026-03-10 14:45:00+00:00,25054.0,25295.5,25034.0,25032.75
2026-03-10 15:00:00+00:00,25248.5,25248.0,25017.0,25031.5
2026-03-10 15:15:00+00:00,25271.75,25278.75,25044.0,25224.75
2026-03-10 15:30:00+00:00,24998.25,25220.5,24971.25,25011.75
2026-03-10 15:45:00+00:00,24994.75,25182.5,24966.5,25187.0
2026-03-10 16:00:00+00:00,25222.25,25217.25,24989.25,25031.0
2026-03-10 16:15:00+00:00,25028.5,25232.0,25020.0,25025.0
2026-03-10 16:30:00+00:00,25029.0,25227.75,25013.75,25018.5
2026-03-10 16:45:00+00:00,25022.5,25017.75,25007.0,25005.5
2026-03-10 18:00:00+00:00,25220.0,25220.0,24987.25,24996.75
2026-03-10 18:15:00+00:00,25018.5,25200.5,24976.75,24971.25
2026-03-10 18:30:00+00:00,24972.0,25176.25,24955.5,24953.0
2026-03-10 18:45:00+00:00,25175.0,25175.0,24956.75,24970.25
2026-03-10 19:00:00+00:00,24969.5,24981.25,24967.25,24984.0
2026-03-10 19:15:00+00:00,24984.25,24989.0,24982.25,24985.25
2026-03-10 19:30:00+00:00,24984.5,25193.0,24977.25,24979.75
2026-03-10 19:45:00+00:00,24999.75,25020.0,24996.5,25020.0
2026-03-10 20:00:00+00:00,25029.5,25271.0,25018.5,25065.25
2026-03-10 20:15:00+00:00,25072.0,25293.75,25053.0,25293.75
2026-03-10 20:30:00+00:00,25073.0,25065.5,25058.0,25057.75
2026-03-10 20:45:00+00:00,25076.5,25277.0,25055.0,25278.5
2026-03-10 21:00:00+00:00,25071.5,25290.0,25062.75,25290.0
2026-03-10 21:15:00+00:00,25077.5,25295.25,25074.75,25295.25
2026-03-10 21:30:00+00:00,25074.75,25301.0,25074.0,25093.25
2026-03-10 21:45:00+00:00,25090.5,25090.0,25083.75,25091.0
2026-03-10 22:00:00+00:00,25089.25,25301.75,25079.5,25079.25
2026-03-10 22:15:00+00:00,25093.5,25094.25,25088.0,25088.25
2026-03-10 22:30:00+00:00,25303.5,25302.0,25077.5,25089.25
2026-03-10 22:45:00+00:00,25091.5,25312.0,25088.75,25094.25
2026-03-10 23:00:00+00:00,25098.75,25094.25,25088.5,25093.0
2026-03-10 23:15:00+00:00,25097.75,25095.75,25091.0,25093.0
2026-03-10 23:30:00+00:00,25102.5,25324.0,25098.75,25114.5
2026-03-10 23:45:00+00:00,25114.25,25118.0,25112.0,25118.5
2026-03-11 00:00:00+00:00,25338.0,25338.0,25112.0,25116.25
2026-03-11 00:15:00+00:00,25114.5,25335.0,25113.25,25117.25
2026-03-11 00:30:00+00:00,25115.5,25111.0,25097.5,25098.25
2026-03-11 00:45:00+00:00,25099.5,25102.25,25090.75,25090.75
2026-03-11 01:00:00+00:00,25092.0,25088.25,25057.75,25060.75
2026-03-11 01:15:00+00:00,25066.75,25072.0,25061.5,25064.75
2026-03-11 01:30:00+00:00,25062.75,25058.0,25043.5,25040.5
2026-03-11 01:45:00+00:00,25258.0,25258.0,25026.0,25030.5
2026-03-11 02:00:00+00:00,25027.0,25246.5,25019.25,25038.5
2026-03-11 02:15:00+00:00,25036.0,25232.0,25015.0,25020.5
2026-03-11 02:30:00+00:00,25245.25,25265.0,25032.5,25048.75
2026-03-11 02:45:00+00:00,25043.75,25241.0,25030.0,25041.0
2026-03-11 03:00:00+00:00,25039.5,25255.5,25026.5,25033.0
2026-03-11 03:15:00+00:00,25032.0,25240.0,25000.25,25002.0
2026-03-11 03:30:00+00:00,25008.5,25172.5,24954.0,24965.0
2026-03-11 03:45:00+00:00,25181.5,25213.25,24962.75,25005.5
2026-03-11 04:00:00+00:00,25020.75,25235.5,25015.25,25012.5
2026-03-11 04:15:00+00:00,25239.75,25242.5,25007.25,25012.25
2026-03-11 04:30:00+00:00,25021.75,25236.75,24985.75,24995.5
2026-03-11 04:45:00+00:00,25207.25,25205.75,24958.75,25186.5
2026-03-11 05:00:00+00:00,24951.0,25166.25,24927.5,25155.75
2026-03-11 05:15:00+00:00,24946.0,25175.75,24936.5,24922.75
2026-03-11 05:30:00+00:00,25143.0,25163.5,24927.75,25138.25
2026-03-11 05:45:00+00:00,24934.75,25150.25,24905.5,25119.75
2026-03-11 06:00:00+00:00,24914.5,25188.25,24899.25,25188.25
2026-03-11 06:15:00+00:00,24985.75,25188.5,24961.75,24979.75
2026-03-11 06:30:00+00:00,24989.75,25233.5,24978.75,25233.5
2026-03-11 06:45:00+00:00,25022.5,25230.5,25012.75,25017.5
2026-03-11 07:00:00+00:00,25255.5,25246.0,25017.75,25242.5
2026-03-11 07:15:00+00:00,25038.5,25245.75,24971.5,24977.5
2026-03-11 07:30:00+00:00,24989.0,25199.5,24966.0,24958.0
2026-03-11 07:45:00+00:00,24956.0,25177.0,24948.25,24966.5
2026-03-11 08:00:00+00:00,25175.0,25174.75,24950.75,25174.75
2026-03-11 08:15:00+00:00,24964.0,25187.75,24958.0,24988.75
2026-03-11 08:30:00+00:00,25058.0,25184.25,24939.75,25146.0
2026-03-11 08:45:00+00:00,24936.75,25161.25,24926.0,24950.0
2026-03-11 09:00:00+00:00,25168.25,25203.0,24965.5,24979.5
2026-03-11 09:15:00+00:00,24969.0,25240.0,24964.5,25248.0
2026-03-11 09:30:00+00:00,25090.75,25307.5,25034.75,25288.75
2026-03-11 09:45:00+00:00,25097.25,25305.5,25029.0,25316.75
2026-03-11 10:00:00+00:00,25178.75,25342.0,25082.75,25308.25
2026-03-11 10:15:00+00:00,25113.0,25308.75,25013.25,25210.75
2026-03-11 10:30:00+00:00,25033.25,25239.5,24970.0,25247.25
2026-03-11 10:45:00+00:00,25053.0,25269.0,25017.0,25045.75
2026-03-11 11:00:00+00:00,25276.5,25276.5,25032.75,25180.0
2026-03-11 11:15:00+00:00,25004.0,25199.5,24963.0,25180.75
2026-03-11 11:30:00+00:00,24978.0,25162.5,24920.0,25163.5
2026-03-11 11:45:00+00:00,24942.5,25167.0,24912.5,24948.75
2026-03-11 12:00:00+00:00,25157.0,25157.0,24903.25,25142.5
2026-03-11 12:15:00+00:00,24935.0,25158.25,24929.0,24937.5
2026-03-11 12:30:00+00:00,24953.0,25221.5,24948.25,25212.0
2026-03-11 12:45:00+00:00,24986.5,25214.5,24973.25,25226.25
2026-03-11 13:00:00+00:00,25011.0,25234.75,25005.5,25220.0
2026-03-11 13:15:00+00:00,25003.25,25220.5,24979.75,24999.5
2026-03-11 13:30:00+00:00,25007.5,25225.75,24906.5,25126.25
2026-03-11 13:45:00+00:00,24942.75,25166.25,24910.5,25151.75
2026-03-11 14:00:00+00:00,25177.5,25170.75,24909.5,25116.25
2026-03-11 14:15:00+00:00,24915.5,25162.25,24906.5,25162.25
2026-03-11 14:30:00+00:00,24951.0,25172.5,24947.75,24938.0
2026-03-11 14:45:00+00:00,24946.25,25187.25,24933.25,24964.0
2026-03-11 15:00:00+00:00,24960.0,25161.5,24939.5,25152.0
2026-03-11 15:15:00+00:00,24926.75,25155.25,24919.5,24938.5
2026-03-11 15:30:00+00:00,24938.5,25200.0,24930.25,24965.25
2026-03-11 15:45:00+00:00,24977.5,25194.0,24961.25,24987.5
2026-03-11 16:00:00+00:00,25208.0,25198.75,24953.0,24970.25
2026-03-11 16:15:00+00:00,24968.75,25180.5,24960.5,24963.75
2026-03-11 16:30:00+00:00,24966.75,25178.0,24962.0,24964.0
2026-03-11 16:45:00+00:00,24969.0,25160.25,24947.0,25160.25
2026-03-11 17:00:00+00:00,24948.75,24940.0,24948.25,24945.5
2026-03-11 18:00:00+00:00,25140.75,25140.75,24893.0,24904.0
2026-03-11 18:15:00+00:00,24906.5,25117.0,24877.0,24860.75
2026-03-11 18:30:00+00:00,24870.5,25055.5,24824.5,24821.0
2026-03-11 18:45:00+00:00,24844.25,25053.0,24831.75,25042.5
2026-03-11 19:00:00+00:00,25068.5,25062.25,24820.75,25047.25
2026-03-11 19:15:00+00:00,24834.75,25050.5,24816.75,25029.75
2026-03-11 19:30:00+00:00,24804.5,24972.75,24750.5,24765.5
2026-03-11 19:45:00+00:00,24966.75,24989.25,24739.25,24777.5
2026-03-11 20:00:00+00:00,24791.0,24779.5,24754.0,24767.5
2026-03-11 20:15:00+00:00,24975.5,24985.0,24755.75,24763.0
2026-03-11 20:30:00+00:00,24985.0,25008.5,24768.5,24788.75
2026-03-11 20:45:00+00:00,25010.0,25013.75,24786.75,24789.0
2026-03-11 21:00:00+00:00,24802.0,25000.75,24776.5,24780.25
2026-03-11 21:15:00+00:00,24799.75,24808.25,24784.0,24807.5
2026-03-11 21:30:00+00:00,24828.0,25050.25,24819.25,24840.0
2026-03-11 21:45:00+00:00,24836.25,25018.0,24777.25,24784.0
2026-03-11 22:00:00+00:00,24790.75,24785.5,24775.0,24782.5
2026-03-11 22:15:00+00:00,24778.5,24965.25,24756.5,24759.5
2026-03-11 22:30:00+00:00,24970.0,24960.0,24711.5,24730.75
2026-03-11 22:45:00+00:00,24737.5,24936.0,24726.75,24730.75
2026-03-11 23:00:00+00:00,24730.0,24957.5,24729.75,24733.25
2026-03-11 23:15:00+00:00,24737.0,24952.25,24725.0,24724.25
2026-03-11 23:30:00+00:00,24939.5,24929.25,24715.25,24921.0
2026-03-11 23:45:00+00:00,24714.5,24940.0,24709.75,24940.0
2026-03-12 00:00:00+00:00,24730.25,24952.5,24728.75,24738.25
2026-03-12 00:15:00+00:00,24739.25,24949.0,24733.75,24742.0
2026-03-12 00:30:00+00:00,24746.25,24741.0,24716.0,24715.25
2026-03-12 00:45:00+00:00,24721.5,24720.0,24710.5,24720.5
2026-03-12 01:00:00+00:00,24725.75,24976.25,24718.25,24765.75
2026-03-12 01:15:00+00:00,24763.5,24976.75,24754.75,24758.0
2026-03-12 01:30:00+00:00,24757.0,24985.75,24752.75,24987.5
2026-03-12 01:45:00+00:00,24776.25,24768.5,24738.75,24763.75
2026-03-12 02:00:00+00:00,24987.0,24987.0,24750.0,24752.25
2026-03-12 02:15:00+00:00,24760.0,24972.0,24754.25,24783.5
2026-03-12 02:30:00+00:00,24791.0,25006.5,24785.25,24787.0
2026-03-12 02:45:00+00:00,24796.25,25028.25,24795.75,24805.5
2026-03-12 03:00:00+00:00,25033.25,25031.0,24817.5,24821.25
2026-03-12 03:15:00+00:00,24826.0,25043.25,24823.0,24835.5
2026-03-12 03:30:00+00:00,24835.25,25047.0,24816.5,24829.0
2026-03-12 03:45:00+00:00,25042.0,25083.0,24820.25,24862.25
2026-03-12 04:00:00+00:00,25093.0,25109.0,24888.25,25099.25
2026-03-12 04:15:00+00:00,24881.25,25104.0,24873.75,25080.5
2026-03-12 04:30:00+00:00,24869.25,25053.0,24840.0,24852.75
2026-03-12 04:45:00+00:00,24878.0,25097.25,24866.5,24871.5
2026-03-12 05:00:00+00:00,24883.75,25072.75,24850.75,24843.5
2026-03-12 05:15:00+00:00,24841.75,25048.5,24814.5,24844.25
2026-03-12 05:30:00+00:00,25073.0,25104.0,24862.25,24893.0
2026-03-12 05:45:00+00:00,25125.5,25131.25,24892.75,24914.0
2026-03-12 06:00:00+00:00,25132.25,25135.0,24901.25,25118.75
2026-03-12 06:15:00+00:00,25111.0,25113.25,24885.0,24885.25
2026-03-12 06:30:00+00:00,24926.5,25113.75,24885.75,25105.0
2026-03-12 06:45:00+00:00,24892.5,25113.0,24877.5,24883.0
2026-03-12 07:00:00+00:00,25094.0,25090.0,24864.0,24863.25
2026-03-12 07:15:00+00:00,24863.75,25095.0,24862.0,25088.25
2026-03-12 07:30:00+00:00,24897.25,25123.5,24877.25,25128.75
2026-03-12 07:45:00+00:00,25121.5,25121.5,24859.0,24854.25
2026-03-12 08:00:00+00:00,24862.75,25059.5,24821.75,24831.0
2026-03-12 08:15:00+00:00,24842.25,25053.0,24824.5,25053.0
2026-03-12 08:30:00+00:00,24843.25,25038.5,24811.25,24811.5
2026-03-12 08:45:00+00:00,24823.5,25038.75,24806.0,25038.75
2026-03-12 09:00:00+00:00,24837.25,25054.25,24834.5,24835.75
2026-03-12 09:15:00+00:00,25030.0,25019.0,24769.5,24789.5
2026-03-12 09:30:00+00:00,24996.25,25028.5,24773.25,24775.0
2026-03-12 09:45:00+00:00,24980.75,24979.5,24650.0,24657.0
2026-03-12 10:00:00+00:00,24873.75,24935.25,24658.75,24738.75
2026-03-12 10:15:00+00:00,24961.5,24943.75,24665.0,24655.75
2026-03-12 10:30:00+00:00,24626.25,24824.75,24596.25,24593.0
2026-03-12 10:45:00+00:00,24858.75,24858.5,24824.0,24840.25
2026-03-12 11:00:00+00:00,24844.5,24818.5,24587.0,24579.0
2026-03-12 11:15:00+00:00,24599.75,24801.5,24590.25,24637.0
2026-03-12 11:30:00+00:00,24837.25,24827.75,24679.25,24684.0
2026-03-12 11:45:00+00:00,24697.5,24868.25,24661.5,24868.25
2026-03-12 12:00:00+00:00,24885.0,24887.0,24608.0,24820.5
2026-03-12 12:15:00+00:00,24683.75,24913.0,24654.0,24852.5
2026-03-12 12:30:00+00:00,24855.0,24915.5,24674.25,24706.25
2026-03-12 12:45:00+00:00,24696.25,24863.25,24636.0,24874.25
2026-03-12 13:00:00+00:00,24886.0,24912.75,24662.0,24895.25
2026-03-12 13:15:00+00:00,24672.0,24883.0,24639.25,24869.5
2026-03-12 13:30:00+00:00,24668.5,24898.0,24651.0,24652.5
2026-03-12 13:45:00+00:00,24862.5,24860.0,24598.0,24610.0
2026-03-12 14:00:00+00:00,24839.5,24869.0,24625.25,24648.0
2026-03-12 14:15:00+00:00,24666.75,24847.25,24621.0,24626.25
2026-03-12 14:30:00+00:00,24851.5,24854.0,24616.75,24621.75
2026-03-12 14:45:00+00:00,24831.0,24831.0,24601.5,24606.5
2026-03-12 15:00:00+00:00,24615.0,24816.5,24576.75,24798.0
2026-03-12 15:15:00+00:00,24601.0,24827.25,24590.5,24823.5
2026-03-12 15:30:00+00:00,24635.0,24841.75,24588.0,24580.75
2026-03-12 15:45:00+00:00,24802.5,24793.0,24551.25,24547.0
2026-03-12 16:00:00+00:00,24780.25,24776.0,24523.25,24524.75
2026-03-12 16:15:00+00:00,24748.75,24763.5,24532.5,24763.5
2026-03-12 16:30:00+00:00,24550.25,24769.5,24548.25,24562.75
2026-03-12 16:45:00+00:00,24566.75,24789.25,24564.0,24778.5
2026-03-12 18:00:00+00:00,24567.0,24769.75,24567.0,24566.5
2026-03-12 18:15:00+00:00,24772.5,24765.75,24548.75,24570.25
2026-03-12 18:30:00+00:00,24791.5,24808.5,24580.5,24588.5
2026-03-12 18:45:00+00:00,24590.5,24797.0,24579.75,24585.0
2026-03-12 19:00:00+00:00,24596.0,24815.5,24586.75,24797.25
2026-03-12 19:15:00+00:00,24589.75,24794.0,24569.0,24787.0
2026-03-12 19:30:00+00:00,24580.25,24786.25,24566.25,24763.75
2026-03-12 19:45:00+00:00,24568.25,24765.75,24542.0,24533.75
2026-03-12 20:00:00+00:00,24742.5,24770.25,24502.25,24781.0
2026-03-12 20:15:00+00:00,24812.75,24826.75,24610.5,24634.5
2026-03-12 20:30:00+00:00,24628.0,24855.5,24619.25,24628.25
2026-03-12 20:45:00+00:00,24623.75,24840.0,24607.0,24622.0
2026-03-12 21:00:00+00:00,24839.5,24870.25,24624.5,24649.25
2026-03-12 21:15:00+00:00,24862.25,24866.25,24641.25,24859.5
2026-03-12 21:30:00+00:00,24650.25,24859.5,24643.5,24849.5
2026-03-12 21:45:00+00:00,24854.25,24849.0,24624.5,24628.25
2026-03-12 22:00:00+00:00,24639.25,24861.75,24629.25,24639.5
2026-03-12 22:15:00+00:00,24626.75,24842.25,24619.75,24622.5
2026-03-12 22:30:00+00:00,24623.25,24848.75,24620.0,24612.25
2026-03-12 22:45:00+00:00,24821.5,24818.75,24602.0,24821.5
2026-03-12 23:00:00+00:00,24617.25,24820.0,24601.25,24809.0
2026-03-12 23:15:00+00:00,24595.5,24818.0,24591.25,24813.75
2026-03-12 23:30:00+00:00,24602.0,24810.0,24598.5,24605.5
2026-03-12 23:45:00+00:00,24829.25,24836.5,24619.75,24626.5
2026-03-13 00:00:00+00:00,24628.25,24833.5,24613.25,24606.75
2026-03-13 00:15:00+00:00,24609.25,24823.25,24580.5,24802.25
2026-03-13 00:30:00+00:00,24586.5,24790.0,24565.5,24791.5
2026-03-13 00:45:00+00:00,24801.5,24801.5,24573.25,24575.5
2026-03-13 01:00:00+00:00,24789.75,24787.75,24558.75,24559.5
2026-03-13 01:15:00+00:00,24775.75,24795.75,24557.75,24795.75
2026-03-13 01:30:00+00:00,24586.5,24808.75,24580.5,24790.75
2026-03-13 01:45:00+00:00,24580.0,24797.0,24571.25,24797.0
2026-03-13 02:00:00+00:00,24585.0,24807.25,24570.25,24804.0
2026-03-13 02:15:00+00:00,24579.75,24788.0,24553.0,24552.0
2026-03-13 02:30:00+00:00,24770.75,24760.5,24534.25,24539.0
2026-03-13 02:45:00+00:00,24520.5,24716.0,24492.75,24700.25
2026-03-13 03:00:00+00:00,24700.25,24690.0,24437.0,24437.5
2026-03-13 03:15:00+00:00,24430.0,24434.5,24422.25,24446.75
2026-03-13 03:30:00+00:00,24672.0,24675.75,24458.0,24675.5
2026-03-13 03:45:00+00:00,24463.0,24670.0,24440.25,24447.5
2026-03-13 04:00:00+00:00,24662.0,24662.0,24412.25,24404.75
2026-03-13 04:15:00+00:00,24628.0,24636.5,24410.0,24409.0
2026-03-13 04:30:00+00:00,24647.75,24634.25,24441.25,24472.5
2026-03-13 04:45:00+00:00,24473.0,24728.75,24469.0,24730.5
2026-03-13 05:00:00+00:00,24758.75,24744.75,24538.0,24736.25
2026-03-13 05:15:00+00:00,24534.25,24739.5,24524.25,24527.75
2026-03-13 05:30:00+00:00,24532.75,24735.5,24518.0,24521.25
2026-03-13 05:45:00+00:00,24745.0,24756.0,24529.0,24747.75
2026-03-13 06:00:00+00:00,24539.0,24795.0,24531.75,24798.25
2026-03-13 06:15:00+00:00,24801.25,24809.5,24590.75,24584.75
2026-03-13 06:30:00+00:00,24585.5,24790.5,24580.25,24790.5
2026-03-13 06:45:00+00:00,24577.5,24823.75,24577.5,24812.0
2026-03-13 07:00:00+00:00,24632.75,24844.25,24611.5,24615.25
2026-03-13 07:15:00+00:00,24825.5,24849.0,24619.0,24643.0
2026-03-13 07:30:00+00:00,24838.0,24844.75,24628.25,24631.75
2026-03-13 07:45:00+00:00,24859.75,24873.0,24645.0,24657.25
2026-03-13 08:00:00+00:00,24874.75,24882.0,24643.25,24635.75
2026-03-13 08:15:00+00:00,24652.75,24857.5,24633.0,24650.75
2026-03-13 08:30:00+00:00,24867.75,24875.5,24635.25,24653.0
2026-03-13 08:45:00+00:00,24865.5,24898.0,24658.5,24673.5
2026-03-13 09:00:00+00:00,24896.25,24887.0,24659.5,24665.0
2026-03-13 09:15:00+00:00,24670.0,24669.75,24660.5,24655.0
2026-03-13 09:30:00+00:00,24897.75,24906.0,24662.0,24938.0
2026-03-13 09:45:00+00:00,25009.25,24989.25,24754.75,24740.25
2026-03-13 10:00:00+00:00,24765.0,24878.25,24687.5,24888.25
2026-03-13 10:15:00+00:00,24674.25,24881.0,24640.5,24683.0
2026-03-13 10:30:00+00:00,24700.5,24872.5,24644.25,24836.5
2026-03-13 10:45:00+00:00,24809.25,24796.25,24706.25,24706.25
2026-03-13 11:00:00+00:00,24507.75,24671.75,24483.25,24550.0
2026-03-13 11:15:00+00:00,24564.25,24544.0,24473.25,24464.5
2026-03-13 11:30:00+00:00,24687.75,24668.5,24432.25,24422.75
2026-03-13 11:45:00+00:00,24428.25,24642.75,24414.5,24608.0
2026-03-13 12:00:00+00:00,24640.0,24669.75,24424.0,24671.25
2026-03-13 12:15:00+00:00,24655.5,24648.25,24436.25,24647.5
2026-03-13 12:30:00+00:00,24669.75,24650.75,24455.5,24465.5
2026-03-13 12:45:00+00:00,24431.75,24629.25,24427.75,24647.75
2026-03-13 13:00:00+00:00,24620.5,24605.25,24394.25,24448.75
2026-03-13 13:15:00+00:00,24469.25,24453.0,24439.75,24439.25
2026-03-13 13:30:00+00:00,24664.5,24644.0,24412.25,24408.5
2026-03-13 13:45:00+00:00,24641.5,24633.75,24581.5,24584.25
2026-03-13 14:00:00+00:00,24594.5,24589.0,24382.25,24398.5
2026-03-13 14:15:00+00:00,24613.5,24604.5,24385.0,24594.25
2026-03-13 14:30:00+00:00,24636.25,24656.0,24618.75,24657.25
2026-03-13 14:45:00+00:00,24458.5,24674.25,24452.5,24448.75
2026-03-13 15:00:00+00:00,24449.5,24635.5,24415.5,24626.25
2026-03-13 15:15:00+00:00,24639.75,24629.75,24582.25,24584.0
2026-03-13 15:30:00+00:00,24604.5,24587.25,24378.25,24571.0
2026-03-13 15:45:00+00:00,24587.5,24590.0,24363.0,24393.0
2026-03-13 16:00:00+00:00,24400.25,24584.0,24363.5,24367.5
2026-03-13 16:15:00+00:00,24581.0,24587.0,24373.75,24373.25
2026-03-13 16:30:00+00:00,24582.75,24586.25,24368.5,24369.25
2026-03-13 16:45:00+00:00,24365.75,24552.0,24353.5,24552.0
2026-03-15 18:00:00+00:00,24335.25,24580.0,24335.25,24535.5
2026-03-15 18:15:00+00:00,24311.5,24529.75,24309.25,24333.75
2026-03-15 18:30:00+00:00,24344.5,24567.0,24340.0,24575.75
2026-03-15 18:45:00+00:00,24397.25,24659.25,24391.25,24678.5
2026-03-15 19:00:00+00:00,24496.75,24655.75,24467.75,24650.5
2026-03-15 19:15:00+00:00,24454.5,24645.0,24450.25,24640.0
2026-03-15 19:30:00+00:00,24433.25,24646.25,24416.5,24654.5
2026-03-15 19:45:00+00:00,24663.0,24665.0,24447.75,24442.0
2026-03-15 20:00:00+00:00,24673.5,24708.25,24499.5,24505.0
2026-03-15 20:15:00+00:00,24521.0,24720.0,24509.0,24701.25
2026-03-15 20:30:00+00:00,24494.0,24702.5,24490.5,24508.25
2026-03-15 20:45:00+00:00,24712.75,24727.25,24491.25,24724.75
2026-03-15 21:00:00+00:00,24523.5,24710.0,24495.0,24498.75
2026-03-15 21:15:00+00:00,24510.75,24719.75,24502.5,24498.0
2026-03-15 21:30:00+00:00,24496.0,24677.75,24475.5,24488.75
2026-03-15 21:45:00+00:00,24701.0,24721.5,24694.0,24721.75
2026-03-15 22:00:00+00:00,24518.5,24714.0,24504.5,24715.0
2026-03-15 22:15:00+00:00,24507.75,24706.0,24488.75,24694.25
2026-03-15 22:30:00+00:00,24487.25,24688.5,24482.5,24486.5
2026-03-15 22:45:00+00:00,24480.0,24687.25,24479.0,24495.0
2026-03-15 23:00:00+00:00,24496.0,24708.0,24490.5,24497.0
2026-03-15 23:15:00+00:00,24708.75,24715.75,24497.25,24508.5
2026-03-15 23:30:00+00:00,24725.0,24728.75,24512.75,24515.75
2026-03-15 23:45:00+00:00,24732.5,24744.5,24518.0,24531.75
2026-03-16 00:00:00+00:00,24744.25,24745.0,24529.5,24535.5
2026-03-16 00:15:00+00:00,24760.5,24753.25,24533.5,24533.75
2026-03-16 00:30:00+00:00,24747.0,24743.5,24519.75,24516.75
2026-03-16 00:45:00+00:00,24732.75,24730.75,24512.0,24509.0
2026-03-16 01:00:00+00:00,24723.75,24733.25,24506.5,24523.5
2026-03-16 01:15:00+00:00,24736.5,24733.5,24516.25,24513.75
2026-03-16 01:30:00+00:00,24730.5,24752.25,24512.75,24537.75
2026-03-16 01:45:00+00:00,24751.25,24768.0,24538.0,24561.25
2026-03-16 02:00:00+00:00,24776.25,24773.25,24553.25,24551.5
2026-03-16 02:15:00+00:00,24772.5,24769.25,24540.0,24541.0
2026-03-16 02:30:00+00:00,24757.5,24761.25,24540.0,24549.25
2026-03-16 02:45:00+00:00,24764.75,24772.0,24542.75,24564.5
2026-03-16 03:00:00+00:00,24780.0,24781.25,24560.75,24760.75
2026-03-16 03:15:00+00:00,24546.5,24754.75,24541.0,24743.5
2026-03-16 03:30:00+00:00,24536.25,24739.5,24506.0,24727.25
2026-03-16 03:45:00+00:00,24518.5,24737.25,24513.25,24725.0
2026-03-16 04:00:00+00:00,24536.5,24774.25,24512.0,24743.5
2026-03-16 04:15:00+00:00,24531.0,24740.0,24508.25,24740.0
2026-03-16 04:30:00+00:00,24542.0,24734.5,24515.0,24715.75
2026-03-16 04:45:00+00:00,24513.25,24746.25,24499.75,24740.75
2026-03-16 05:00:00+00:00,24535.5,24734.5,24496.5,24736.5
2026-03-16 05:15:00+00:00,24528.0,24733.25,24515.25,24512.75
2026-03-16 05:30:00+00:00,24712.25,24709.75,24493.0,24492.25
2026-03-16 05:45:00+00:00,24699.75,24715.25,24479.75,24488.5
2026-03-16 06:00:00+00:00,24708.25,24732.25,24491.75,24527.25
2026-03-16 06:15:00+00:00,24747.75,24778.25,24526.0,24574.5
2026-03-16 06:30:00+00:00,24789.25,24781.75,24562.75,24570.5
2026-03-16 06:45:00+00:00,24782.0,24812.25,24568.5,24600.75
2026-03-16 07:00:00+00:00,24822.0,24803.75,24586.75,24586.75
2026-03-16 07:15:00+00:00,24810.0,24806.75,24585.25,24581.25
2026-03-16 07:30:00+00:00,24801.5,24835.75,24581.5,24631.75
2026-03-16 07:45:00+00:00,24844.75,24839.25,24618.75,24620.5
2026-03-16 08:00:00+00:00,24849.75,24863.25,24630.25,24670.0
2026-03-16 08:15:00+00:00,24883.5,24876.25,24658.75,24661.5
2026-03-16 08:30:00+00:00,24889.5,24889.75,24671.5,24681.75
2026-03-16 08:45:00+00:00,24900.75,24890.25,24658.0,24652.0
2026-03-16 09:00:00+00:00,24881.25,24882.75,24655.5,24656.25
2026-03-16 09:15:00+00:00,24877.5,24868.0,24652.25,24656.25
2026-03-16 09:30:00+00:00,24886.5,24913.75,24649.75,24682.75
2026-03-16 09:45:00+00:00,24892.25,24931.5,24671.25,24725.25
2026-03-16 10:00:00+00:00,24952.0,24962.25,24706.25,24726.5
2026-03-16 10:15:00+00:00,24957.5,24959.0,24737.25,24737.5
2026-03-16 10:30:00+00:00,24950.5,24932.25,24641.0,24642.75
2026-03-16 10:45:00+00:00,24861.0,24881.5,24628.25,24678.0
2026-03-16 11:00:00+00:00,24911.0,24888.5,24658.75,24670.5
2026-03-16 11:15:00+00:00,24922.25,24937.5,24698.75,24723.5
2026-03-16 11:30:00+00:00,24935.25,24943.5,24715.75,24720.0
2026-03-16 11:45:00+00:00,24944.25,24938.75,24700.0,24890.25
2026-03-16 12:00:00+00:00,24692.5,24904.5,24674.0,24895.0
2026-03-16 12:15:00+00:00,24692.25,24880.0,24635.0,24846.75
2026-03-16 12:30:00+00:00,24639.75,24892.0,24632.75,24896.0
2026-03-16 12:45:00+00:00,24681.75,24902.25,24668.25,24890.0
2026-03-16 13:00:00+00:00,24720.25,24922.0,24674.75,24923.5
2026-03-16 13:15:00+00:00,24711.75,24927.75,24702.5,24707.75
2026-03-16 13:30:00+00:00,24929.0,24911.5,24680.25,24679.75
2026-03-16 13:45:00+00:00,24906.75,24894.25,24665.25,24689.75
2026-03-16 14:00:00+00:00,24901.75,24917.0,24680.5,24701.25
2026-03-16 14:15:00+00:00,24926.0,24938.0,24704.75,24713.25
2026-03-16 14:30:00+00:00,24939.5,24941.0,24713.0,24724.0
2026-03-16 14:45:00+00:00,24949.75,24945.5,24705.75,24704.75
2026-03-16 15:00:00+00:00,24933.0,24935.0,24691.25,24703.0
2026-03-16 15:15:00+00:00,24931.75,24923.0,24668.25,24664.25
2026-03-16 15:30:00+00:00,24901.0,24891.5,24655.25,24654.5
2026-03-16 15:45:00+00:00,24879.5,24879.0,24647.5,24670.75
2026-03-16 16:00:00+00:00,24894.5,24889.5,24659.75,24677.75
2026-03-16 16:15:00+00:00,24897.25,24892.5,24652.25,24650.25
2026-03-16 16:30:00+00:00,24872.0,24865.75,24648.25,24651.25
2026-03-16 16:45:00+00:00,24867.75,24872.25,24650.25,24653.25
2026-03-16 18:00:00+00:00,24641.5,24850.0,24636.25,24851.75
2026-03-16 18:15:00+00:00,24855.25,24856.25,24636.75,24857.5
2026-03-16 18:30:00+00:00,24866.25,24858.0,24625.5,24625.5
2026-03-16 18:45:00+00:00,24844.75,24842.0,24630.5,24842.75
2026-03-16 19:00:00+00:00,24861.5,24850.75,24631.25,24632.5
2026-03-16 19:15:00+00:00,24847.75,24845.5,24628.25,24843.25
2026-03-16 19:30:00+00:00,24639.75,24861.0,24634.0,24657.0
2026-03-16 19:45:00+00:00,24870.25,24867.0,24645.75,24651.75
2026-03-16 20:00:00+00:00,24881.75,24858.0,24638.0,24654.0
2026-03-16 20:15:00+00:00,24862.25,24855.25,24613.5,24611.5
2026-03-16 20:30:00+00:00,24836.5,24854.75,24609.5,24609.0
2026-03-16 20:45:00+00:00,24832.25,24827.0,24600.25,24603.75
2026-03-16 21:00:00+00:00,24820.25,24834.0,24603.5,24624.0
2026-03-16 21:15:00+00:00,24834.75,24829.25,24603.75,24608.75
2026-03-16 21:30:00+00:00,24839.5,24841.0,24603.75,24604.0
2026-03-16 21:45:00+00:00,24822.0,24835.75,24600.25,24622.5
2026-03-16 22:00:00+00:00,24836.75,24835.0,24604.5,24610.75
2026-03-16 22:15:00+00:00,24824.75,24823.25,24602.25,24608.0
2026-03-16 22:30:00+00:00,24825.75,24823.75,24608.25,24606.75
2026-03-16 22:45:00+00:00,24823.75,24820.5,24587.75,24589.5
2026-03-16 23:00:00+00:00,24799.5,24794.25,24575.0,24583.0
2026-03-16 23:15:00+00:00,24804.25,24807.75,24585.5,24589.5
2026-03-16 23:30:00+00:00,24805.5,24795.5,24569.5,24575.5
2026-03-16 23:45:00+00:00,24794.75,24794.0,24574.5,24575.25
2026-03-17 00:00:00+00:00,24794.0,24800.5,24582.5,24800.5
2026-03-17 00:15:00+00:00,24586.75,24808.75,24585.0,24809.25
2026-03-17 00:30:00+00:00,24602.75,24819.75,24598.5,24616.0
2026-03-17 00:45:00+00:00,24622.0,24842.25,24619.25,24623.75
2026-03-17 01:00:00+00:00,24838.5,24835.75,24618.25,24848.75
2026-03-17 01:15:00+00:00,24852.25,24846.5,24629.75,24845.25
2026-03-17 01:30:00+00:00,24630.0,24839.75,24630.0,24829.25
2026-03-17 01:45:00+00:00,24604.75,24784.25,24549.75,24548.5
2026-03-17 02:00:00+00:00,24761.25,24748.25,24519.75,24750.0
2026-03-17 02:15:00+00:00,24532.5,24549.75,24531.0,24548.0
2026-03-17 02:30:00+00:00,24552.0,24766.0,24552.0,24551.75
2026-03-17 02:45:00+00:00,24555.5,24747.5,24533.5,24749.75
2026-03-17 03:00:00+00:00,24543.5,24762.0,24531.25,24758.75
2026-03-17 03:15:00+00:00,24550.75,24791.25,24549.0,24790.75
2026-03-17 03:30:00+00:00,24583.5,24797.0,24579.5,24793.5
2026-03-17 03:45:00+00:00,24574.75,24781.75,24553.25,24769.25
2026-03-17 04:00:00+00:00,24561.5,24790.25,24553.0,24768.0
2026-03-17 04:15:00+00:00,24554.25,24774.25,24549.75,24546.0
2026-03-17 04:30:00+00:00,24767.25,24785.25,24536.0,24576.75
2026-03-17 04:45:00+00:00,24795.75,24784.75,24547.0,24557.75
2026-03-17 05:00:00+00:00,24784.25,24790.0,24563.0,24576.0
2026-03-17 05:15:00+00:00,24796.0,24830.0,24578.0,24836.25
2026-03-17 05:30:00+00:00,24631.0,24837.75,24609.0,24831.5
2026-03-17 05:45:00+00:00,24632.5,24838.75,24618.5,24839.0
2026-03-17 06:00:00+00:00,24632.25,24833.25,24609.0,24817.75
2026-03-17 06:15:00+00:00,24609.5,24813.5,24583.75,24802.5
2026-03-17 06:30:00+00:00,24594.75,24820.0,24592.75,24605.25
2026-03-17 06:45:00+00:00,24826.25,24825.25,24601.0,24618.5
2026-03-17 07:00:00+00:00,24835.0,24842.25,24622.75,24607.25
2026-03-17 07:15:00+00:00,24824.0,24851.5,24610.75,24636.0
2026-03-17 07:30:00+00:00,24850.25,24845.75,24619.75,24844.0
2026-03-17 07:45:00+00:00,24630.75,24819.25,24625.0,24816.25
2026-03-17 08:00:00+00:00,24818.5,24877.25,24607.25,24881.75
2026-03-17 08:15:00+00:00,24894.5,24907.0,24675.25,24905.25
2026-03-17 08:30:00+00:00,24912.25,24915.0,24702.5,24710.25
2026-03-17 08:45:00+00:00,24712.25,24708.75,24704.0,24706.25
2026-03-17 09:00:00+00:00,24718.25,24965.0,24710.5,24970.5
2026-03-17 09:15:00+00:00,24758.5,24998.0,24746.25,24796.25
2026-03-17 09:30:00+00:00,25013.75,25054.0,24799.5,24851.25
2026-03-17 09:45:00+00:00,25072.0,25094.25,24893.25,25097.75
2026-03-17 10:00:00+00:00,24881.0,25062.0,24835.25,24822.75
2026-03-17 10:15:00+00:00,25044.75,25056.0,24810.75,24843.0
2026-03-17 10:30:00+00:00,25058.75,25067.5,24827.5,24867.75
2026-03-17 10:45:00+00:00,25087.25,25083.25,24855.0,24856.5
2026-03-17 11:00:00+00:00,25087.25,25073.25,24802.5,24805.5
2026-03-17 11:15:00+00:00,25045.75,25024.5,24795.25,24800.25
2026-03-17 11:30:00+00:00,25023.5,25008.75,24738.0,24767.0
2026-03-17 11:45:00+00:00,25002.75,24998.75,24778.75,24777.25
2026-03-17 12:00:00+00:00,24999.25,24990.0,24752.5,24771.5
2026-03-17 12:15:00+00:00,24984.25,25010.25,24762.75,24790.5
2026-03-17 12:30:00+00:00,25016.0,25011.0,24782.75,24786.25
2026-03-17 12:45:00+00:00,25025.0,25011.75,24793.5,24789.5
2026-03-17 13:00:00+00:00,24999.75,25024.0,24780.75,24794.0
2026-03-17 13:15:00+00:00,25015.75,25012.0,24787.75,24801.0
2026-03-17 13:30:00+00:00,25017.5,25030.25,24799.25,24812.0
2026-03-17 13:45:00+00:00,25017.5,25030.75,24780.0,24824.75
2026-03-17 14:00:00+00:00,25035.5,25048.25,24816.5,24826.5
2026-03-17 14:15:00+00:00,25042.5,25036.0,24790.5,24787.5
2026-03-17 14:30:00+00:00,25011.5,25000.25,24777.25,24778.0
2026-03-17 14:45:00+00:00,24999.5,25009.75,24776.25,24783.75
2026-03-17 15:00:00+00:00,25003.25,25008.0,24776.75,25005.25
2026-03-17 15:15:00+00:00,24806.5,25016.5,24783.75,25009.5
2026-03-17 15:30:00+00:00,24790.0,25006.75,24784.25,25001.5
2026-03-17 15:45:00+00:00,24784.0,25012.0,24782.75,25005.25
2026-03-17 16:00:00+00:00,24801.5,25023.5,24786.25,25024.25
2026-03-17 16:15:00+00:00,24809.0,25025.75,24803.25,24802.75
2026-03-17 16:30:00+00:00,25027.25,25024.5,24803.5,24804.75
2026-03-17 16:45:00+00:00,25026.0,25023.25,24801.75,24805.25
2026-03-17 18:00:00+00:00,25019.75,25019.75,24793.0,24797.75
2026-03-17 18:15:00+00:00,25017.0,25012.25,24784.0,25007.25
2026-03-17 18:30:00+00:00,24788.25,25007.25,24775.5,24994.5
2026-03-17 18:45:00+00:00,24776.75,24998.75,24775.0,24787.0
2026-03-17 19:00:00+00:00,24790.75,25001.25,24780.25,25003.75
2026-03-17 19:15:00+00:00,25007.25,25017.0,24791.0,25009.25
2026-03-17 19:30:00+00:00,24787.0,25000.75,24779.75,24779.5
2026-03-17 19:45:00+00:00,25009.25,25005.75,24783.5,25003.75
2026-03-17 20:00:00+00:00,25003.5,25038.0,25003.25,25048.25
2026-03-17 20:15:00+00:00,25055.0,25046.5,25037.5,25048.75
2026-03-17 20:30:00+00:00,25046.25,25043.5,24822.0,24827.75
2026-03-17 20:45:00+00:00,24856.0,25075.75,24834.25,25079.5
2026-03-17 21:00:00+00:00,24866.25,25092.75,24861.25,25090.0
2026-03-17 21:15:00+00:00,24874.75,25094.5,24870.5,25095.25
2026-03-17 21:30:00+00:00,24869.75,25090.25,24869.75,24874.5
2026-03-17 21:45:00+00:00,25094.75,25091.25,24863.25,24876.5
2026-03-17 22:00:00+00:00,25107.0,25104.75,24882.0,24884.5
2026-03-17 22:15:00+00:00,25107.25,25116.75,24886.5,25119.25
2026-03-17 22:30:00+00:00,24908.0,25126.0,24902.0,25124.75
2026-03-17 22:45:00+00:00,24902.0,25123.25,24899.25,25115.5
2026-03-17 23:00:00+00:00,24897.0,25117.25,24890.5,25116.25
2026-03-17 23:15:00+00:00,24904.0,25123.25,24899.5,25123.25
2026-03-17 23:30:00+00:00,24899.75,25121.75,24899.0,25118.5
2026-03-17 23:45:00+00:00,24904.25,25137.25,24900.25,25142.25
2026-03-18 00:00:00+00:00,24917.5,25142.0,24915.75,25144.5
2026-03-18 00:15:00+00:00,24924.75,25143.25,24919.25,25137.5
2026-03-18 00:30:00+00:00,24920.25,25137.0,24911.0,25132.5
2026-03-18 00:45:00+00:00,24915.0,25144.0,24913.75,25137.75
2026-03-18 01:00:00+00:00,25140.5,25135.25,24923.25,24929.75
2026-03-18 01:15:00+00:00,25151.5,25152.0,24930.75,24938.5
2026-03-18 01:30:00+00:00,24946.0,25163.25,24941.5,25166.0
2026-03-18 01:45:00+00:00,25163.5,25168.25,24944.5,24947.0
2026-03-18 02:00:00+00:00,25175.0,25177.5,24949.0,24956.25
2026-03-18 02:15:00+00:00,25175.75,25204.5,24952.75,24986.0
2026-03-18 02:30:00+00:00,25206.75,25201.25,24966.5,25187.75
2026-03-18 02:45:00+00:00,25188.0,25185.75,24959.75,24961.25
2026-03-18 03:00:00+00:00,25188.75,25181.5,24957.25,24959.0
2026-03-18 03:15:00+00:00,25187.5,25181.0,24950.25,25174.25
2026-03-18 03:30:00+00:00,24956.0,25178.0,24948.0,25178.75
2026-03-18 03:45:00+00:00,24952.75,25170.25,24941.0,25161.75
2026-03-18 04:00:00+00:00,24945.75,25179.0,24941.75,25179.25
2026-03-18 04:15:00+00:00,24963.75,25171.0,24949.0,25167.25
2026-03-18 04:30:00+00:00,24946.5,25165.75,24938.75,25159.25
2026-03-18 04:45:00+00:00,24944.75,25176.0,24943.25,25171.25
2026-03-18 05:00:00+00:00,24954.5,25174.0,24947.5,25163.25
2026-03-18 05:15:00+00:00,24943.0,25184.5,24940.5,25182.25
2026-03-18 05:30:00+00:00,24966.25,25181.75,24962.25,24968.5
2026-03-18 05:45:00+00:00,24967.0,24964.0,24948.5,24949.5
2026-03-18 06:00:00+00:00,24950.25,25165.0,24950.25,24960.75
2026-03-18 06:15:00+00:00,24966.25,25193.25,24962.75,25193.5
2026-03-18 06:30:00+00:00,25193.5,25190.75,24963.0,24963.0
2026-03-18 06:45:00+00:00,24962.75,25175.25,24962.75,25165.25
2026-03-18 07:00:00+00:00,24933.5,25164.5,24931.25,25171.0
2026-03-18 07:15:00+00:00,25170.0,25173.0,24902.25,24900.0
2026-03-18 07:30:00+00:00,25118.25,25139.25,25100.75,25149.75
2026-03-18 07:45:00+00:00,24924.0,25116.25,24903.0,24895.0
2026-03-18 08:00:00+00:00,25112.5,25099.0,24839.75,25036.25
2026-03-18 08:15:00+00:00,24830.0,25012.75,24829.5,25023.75
2026-03-18 08:30:00+00:00,24990.75,24983.75,24934.5,24925.5
2026-03-18 08:45:00+00:00,24701.5,24690.5,24661.5,24661.0
2026-03-18 09:00:00+00:00,24667.5,24896.75,24666.5,24899.75
2026-03-18 09:15:00+00:00,24680.0,24927.5,24679.0,24931.75
2026-03-18 09:30:00+00:00,24930.25,24959.5,24740.25,24944.75
2026-03-18 09:45:00+00:00,24998.25,24948.0,24746.25,24962.75
2026-03-18 10:00:00+00:00,24741.5,24724.25,24711.5,24679.75
2026-03-18 10:15:00+00:00,24925.5,24901.5,24681.0,24818.5
2026-03-18 10:30:00+00:00,24626.5,24830.5,24619.5,24828.0
2026-03-18 10:45:00+00:00,24851.5,24854.75,24611.5,24873.0
2026-03-18 11:00:00+00:00,24909.0,24915.25,24667.0,24917.0
2026-03-18 11:15:00+00:00,24692.5,24892.0,24655.5,24894.0
2026-03-18 11:30:00+00:00,24680.75,24902.75,24668.25,24883.75
2026-03-18 11:45:00+00:00,24677.75,24894.0,24662.25,24895.5
2026-03-18 12:00:00+00:00,24697.0,24881.5,24664.75,24685.5
2026-03-18 12:15:00+00:00,24903.0,24899.75,24670.5,24668.75
2026-03-18 12:30:00+00:00,24888.5,24880.0,24627.75,24636.0
2026-03-18 12:45:00+00:00,24855.0,24865.75,24628.25,24641.0
2026-03-18 13:00:00+00:00,24863.0,24842.5,24588.0,24586.0
2026-03-18 13:15:00+00:00,24807.25,24822.25,24586.75,24611.25
2026-03-18 13:30:00+00:00,24833.75,24859.5,24601.25,24630.75
2026-03-18 13:45:00+00:00,24856.5,24872.25,24643.5,24660.0
2026-03-18 14:00:00+00:00,24884.75,24883.0,24656.0,24658.25
2026-03-18 14:15:00+00:00,24881.5,24866.25,24613.75,24638.75
2026-03-18 14:30:00+00:00,24858.25,24850.25,24586.0,24608.25
2026-03-18 14:45:00+00:00,24828.75,24810.5,24539.5,24536.5
2026-03-18 15:00:00+00:00,24752.25,24781.25,24534.5,24548.75
2026-03-18 15:15:00+00:00,24769.75,24762.5,24499.0,24511.75
2026-03-18 15:30:00+00:00,24732.5,24720.0,24481.0,24466.25
2026-03-18 15:45:00+00:00,24693.0,24677.25,24450.25,24437.0
2026-03-18 16:00:00+00:00,24659.5,24649.75,24409.5,24404.25
2026-03-18 16:15:00+00:00,24627.5,24621.75,24359.75,24358.5
2026-03-18 16:30:00+00:00,24580.75,24601.25,24369.5,24391.0
2026-03-18 16:45:00+00:00,24613.25,24619.5,24399.5,24399.0
2026-03-18 17:00:00+00:00,24614.75,24605.0,24614.25,24606.25
2026-03-18 18:00:00+00:00,24399.75,24597.0,24381.5,24378.0
2026-03-18 18:15:00+00:00,24594.25,24593.75,24364.75,24365.0
2026-03-18 18:30:00+00:00,24588.5,24580.25,24352.75,24571.75
2026-03-18 18:45:00+00:00,24370.25,24589.0,24368.0,24594.75
2026-03-18 19:00:00+00:00,24595.25,24610.75,24380.0,24400.0
2026-03-18 19:15:00+00:00,24614.75,24615.25,24397.75,24617.5
2026-03-18 19:30:00+00:00,24624.75,24634.25,24407.25,24416.75
2026-03-18 19:45:00+00:00,24628.0,24610.75,24388.75,24618.5
2026-03-18 20:00:00+00:00,24410.5,24628.25,24390.0,24629.0
2026-03-18 20:15:00+00:00,24631.25,24626.75,24383.0,24403.25
2026-03-18 20:30:00+00:00,24634.25,24619.25,24387.0,24598.25
2026-03-18 20:45:00+00:00,24379.75,24615.25,24378.5,24619.5
2026-03-18 21:00:00+00:00,24408.0,24617.75,24396.5,24618.25
2026-03-18 21:15:00+00:00,24411.25,24637.25,24405.5,24639.25
2026-03-18 21:30:00+00:00,24423.75,24652.75,24422.25,24655.25
2026-03-18 21:45:00+00:00,24660.5,24660.5,24434.0,24425.75
2026-03-18 22:00:00+00:00,24623.0,24679.0,24402.5,24462.0
2026-03-18 22:15:00+00:00,24680.25,24698.75,24463.25,24479.0
2026-03-18 22:30:00+00:00,24705.25,24716.5,24487.25,24498.5
2026-03-18 22:45:00+00:00,24711.5,24705.5,24479.75,24693.0
2026-03-18 23:00:00+00:00,24486.0,24709.75,24480.0,24712.5
2026-03-18 23:15:00+00:00,24494.0,24707.5,24481.25,24481.25
2026-03-18 23:30:00+00:00,24689.0,24680.0,24463.25,24680.75
2026-03-18 23:45:00+00:00,24688.5,24679.5,24457.0,24457.5
2026-03-19 00:00:00+00:00,24446.0,24651.75,24424.75,24640.75
2026-03-19 00:15:00+00:00,24430.25,24640.5,24424.0,24639.0
2026-03-19 00:30:00+00:00,24641.25,24643.5,24401.25,24401.25
2026-03-19 00:45:00+00:00,24627.5,24624.25,24406.0,24417.0
2026-03-19 01:00:00+00:00,24640.0,24632.0,24409.25,24414.5
2026-03-19 01:15:00+00:00,24635.75,24636.0,24403.5,24400.25
2026-03-19 01:30:00+00:00,24622.0,24613.25,24392.5,24605.0
2026-03-19 01:45:00+00:00,24393.25,24602.5,24383.5,24377.75
2026-03-19 02:00:00+00:00,24607.0,24619.0,24393.5,24616.25
2026-03-19 02:15:00+00:00,24416.0,24625.0,24390.0,24390.0
2026-03-19 02:30:00+00:00,24385.5,24582.0,24379.75,24387.75
2026-03-19 02:45:00+00:00,24390.5,24589.0,24374.75,24605.25
2026-03-19 03:00:00+00:00,24395.75,24586.25,24354.75,24574.0
2026-03-19 03:15:00+00:00,24385.0,24608.25,24373.5,24373.75
2026-03-19 03:30:00+00:00,24587.5,24578.0,24351.5,24564.75
2026-03-19 03:45:00+00:00,24367.0,24582.0,24344.0,24557.25
2026-03-19 04:00:00+00:00,24370.25,24576.5,24339.5,24578.75
2026-03-19 04:15:00+00:00,24371.5,24570.25,24334.25,24548.5
2026-03-19 04:30:00+00:00,24347.25,24546.25,24315.0,24507.25
2026-03-19 04:45:00+00:00,24307.0,24543.25,24293.25,24546.0
2026-03-19 05:00:00+00:00,24353.25,24572.5,24335.0,24570.25
2026-03-19 05:15:00+00:00,24354.25,24583.5,24313.0,24517.5
2026-03-19 05:30:00+00:00,24328.75,24560.25,24302.75,24544.5
2026-03-19 05:45:00+00:00,24339.75,24630.0,24337.75,24411.5
2026-03-19 06:00:00+00:00,24617.75,24610.75,24385.25,24389.5
2026-03-19 06:15:00+00:00,24605.25,24599.0,24380.5,24601.25
2026-03-19 06:30:00+00:00,24399.0,24611.5,24376.5,24582.25
2026-03-19 06:45:00+00:00,24367.0,24586.5,24365.5,24379.75
2026-03-19 07:00:00+00:00,24594.25,24582.0,24358.25,24592.25
2026-03-19 07:15:00+00:00,24582.0,24575.75,24537.75,24542.0
2026-03-19 07:30:00+00:00,24557.25,24545.0,24300.0,24301.0
2026-03-19 07:45:00+00:00,24303.0,24511.0,24303.0,24332.0
2026-03-19 08:00:00+00:00,24327.0,24524.25,24280.0,24317.75
2026-03-19 08:15:00+00:00,24308.25,24515.5,24304.0,24468.5
2026-03-19 08:30:00+00:00,24482.75,24487.25,24258.25,24282.75
2026-03-19 08:45:00+00:00,24511.5,24500.5,24228.5,24239.0
2026-03-19 09:00:00+00:00,24453.75,24442.0,24206.0,24204.5
2026-03-19 09:15:00+00:00,24426.75,24474.75,24191.75,24208.75
2026-03-19 09:30:00+00:00,24445.75,24424.25,24121.0,24223.0
2026-03-19 09:45:00+00:00,24452.75,24480.0,24192.75,24257.0
2026-03-19 10:00:00+00:00,24504.5,24501.5,24276.5,24328.0
2026-03-19 10:15:00+00:00,24514.5,24492.25,24230.25,24204.5
2026-03-19 10:30:00+00:00,24431.5,24510.0,24213.5,24258.75
2026-03-19 10:45:00+00:00,24486.25,24491.25,24247.0,24489.0
2026-03-19 11:00:00+00:00,24289.25,24543.0,24278.75,24554.25
2026-03-19 11:15:00+00:00,24346.25,24521.0,24252.25,24461.0
2026-03-19 11:30:00+00:00,24250.75,24427.5,24200.75,24412.0
2026-03-19 11:45:00+00:00,24205.5,24466.25,24199.25,24475.0
2026-03-19 12:00:00+00:00,24266.25,24495.25,24256.75,24471.0
2026-03-19 12:15:00+00:00,24268.75,24466.25,24239.25,24468.5
2026-03-19 12:30:00+00:00,24265.0,24481.25,24227.5,24482.5
2026-03-19 12:45:00+00:00,24272.5,24473.0,24222.25,24454.75
2026-03-19 13:00:00+00:00,24250.0,24436.25,24185.75,24388.0
2026-03-19 13:15:00+00:00,24186.75,24446.75,24181.5,24449.75
2026-03-19 13:30:00+00:00,24250.5,24441.0,24214.25,24428.75
2026-03-19 13:45:00+00:00,24220.5,24468.25,24210.75,24240.5
2026-03-19 14:00:00+00:00,24237.75,24450.25,24233.25,24295.75
2026-03-19 14:15:00+00:00,24289.0,24468.0,24280.5,24468.75
2026-03-19 14:30:00+00:00,24254.25,24458.0,24248.5,24428.25
2026-03-19 14:45:00+00:00,24442.0,24432.0,24220.0,24288.75
2026-03-19 15:00:00+00:00,24595.5,24583.75,24414.5,24440.25
2026-03-19 15:15:00+00:00,24454.0,24440.75,24363.75,24377.75
2026-03-19 15:30:00+00:00,24385.5,24586.75,24371.75,24588.75
2026-03-19 15:45:00+00:00,24601.25,24576.75,24361.5,24574.75
2026-03-19 16:00:00+00:00,24357.25,24595.25,24352.75,24396.0
2026-03-19 16:15:00+00:00,24620.0,24620.75,24401.75,24402.5
2026-03-19 16:30:00+00:00,24396.25,24620.25,24396.25,24622.0
2026-03-19 16:45:00+00:00,24627.25,24620.0,24394.0,24617.0
2026-03-19 18:00:00+00:00,24639.0,24631.0,24608.25,24618.25
2026-03-19 18:15:00+00:00,24617.75,24639.0,24416.25,24639.0
2026-03-19 18:30:00+00:00,24645.25,24644.25,24420.0,24639.0
2026-03-19 18:45:00+00:00,24634.5,24635.25,24406.75,24635.25
2026-03-19 19:00:00+00:00,24425.5,24648.75,24418.5,24635.0
2026-03-19 19:15:00+00:00,24635.75,24632.0,24612.75,24615.75
2026-03-19 19:30:00+00:00,24623.5,24614.75,24393.5,24608.25
2026-03-19 19:45:00+00:00,24409.75,24618.25,24409.5,24620.0
2026-03-19 20:00:00+00:00,24632.25,24634.0,24381.5,24637.5
2026-03-19 20:15:00+00:00,24636.75,24630.0,24405.0,24595.5
2026-03-19 20:30:00+00:00,24594.5,24598.0,24378.0,24595.0
2026-03-19 20:45:00+00:00,24384.0,24598.0,24384.0,24598.25
2026-03-19 21:00:00+00:00,24385.75,24623.0,24385.75,24623.75
2026-03-19 21:15:00+00:00,24622.5,24610.0,24391.75,24615.0
2026-03-19 21:30:00+00:00,24411.25,24647.25,24411.25,24650.25
2026-03-19 21:45:00+00:00,24652.0,24647.0,24397.5,24617.25
2026-03-19 22:00:00+00:00,24402.25,24632.25,24402.25,24632.25
2026-03-19 22:15:00+00:00,24635.5,24632.0,24411.0,24623.75
2026-03-19 22:30:00+00:00,24410.25,24626.25,24404.75,24628.5
2026-03-19 22:45:00+00:00,24413.25,24638.25,24412.5,24620.0
2026-03-19 23:00:00+00:00,24618.5,24613.5,24611.0,24613.5
2026-03-19 23:15:00+00:00,24405.75,24615.75,24402.0,24610.25
2026-03-19 23:30:00+00:00,24626.25,24620.75,24397.5,24609.5
2026-03-19 23:45:00+00:00,24615.0,24610.0,24398.25,24611.0
2026-03-20 00:00:00+00:00,24620.75,24616.25,24400.0,24609.5
2026-03-20 00:15:00+00:00,24602.75,24600.0,24594.0,24601.0
2026-03-20 00:30:00+00:00,24395.25,24600.75,24386.75,24591.5
2026-03-20 00:45:00+00:00,24591.5,24591.0,24379.0,24586.0
2026-03-20 01:00:00+00:00,24575.0,24571.5,24357.5,24573.25
2026-03-20 01:15:00+00:00,24371.25,24591.75,24371.25,24594.0
2026-03-20 01:30:00+00:00,24594.0,24590.75,24380.25,24388.0
2026-03-20 01:45:00+00:00,24388.5,24596.25,24382.0,24592.5
2026-03-20 02:00:00+00:00,24593.0,24599.0,24371.0,24588.25
2026-03-20 02:15:00+00:00,24578.25,24573.25,24354.0,24558.25
2026-03-20 02:30:00+00:00,24352.25,24562.5,24331.25,24550.0
2026-03-20 02:45:00+00:00,24333.5,24537.75,24311.75,24529.0
2026-03-20 03:00:00+00:00,24289.0,24519.0,24277.25,24521.25
2026-03-20 03:15:00+00:00,24330.0,24554.25,24317.25,24554.5
2026-03-20 03:30:00+00:00,24346.25,24586.75,24346.25,24598.75
2026-03-20 03:45:00+00:00,24380.0,24599.25,24380.0,24594.0
2026-03-20 04:00:00+00:00,24370.5,24602.0,24365.25,24393.75
2026-03-20 04:15:00+00:00,24610.75,24605.75,24359.25,24565.75
2026-03-20 04:30:00+00:00,24361.0,24581.75,24347.5,24568.5
2026-03-20 04:45:00+00:00,24349.25,24566.0,24346.0,24563.0
2026-03-20 05:00:00+00:00,24353.5,24566.75,24347.25,24558.5
2026-03-20 05:15:00+00:00,24323.0,24527.25,24287.25,24499.0
2026-03-20 05:30:00+00:00,24298.0,24509.25,24254.25,24473.5
2026-03-20 05:45:00+00:00,24254.5,24444.25,24195.5,24422.25
2026-03-20 06:00:00+00:00,24197.25,24397.0,24115.0,24342.0
2026-03-20 06:15:00+00:00,24153.0,24358.0,24123.5,24360.0
2026-03-20 06:30:00+00:00,24163.5,24423.0,24159.75,24423.75
2026-03-20 06:45:00+00:00,24197.75,24407.0,24188.5,24409.25
2026-03-20 07:00:00+00:00,24190.75,24455.75,24190.75,24456.5
2026-03-20 07:15:00+00:00,24230.25,24458.0,24230.25,24443.0
2026-03-20 07:30:00+00:00,24239.75,24456.75,24219.5,24447.5
2026-03-20 07:45:00+00:00,24214.5,24439.5,24197.5,24443.5
2026-03-20 08:00:00+00:00,24236.75,24486.75,24226.5,24480.0
2026-03-20 08:15:00+00:00,24250.25,24473.25,24242.5,24490.5
2026-03-20 08:30:00+00:00,24264.25,24472.0,24229.5,24447.75
2026-03-20 08:45:00+00:00,24247.25,24486.0,24247.25,24498.5
2026-03-20 09:00:00+00:00,24293.0,24498.5,24252.0,24460.75
2026-03-20 09:15:00+00:00,24254.25,24500.5,24252.0,24520.75
2026-03-20 09:30:00+00:00,24450.25,24418.25,24388.0,24449.75
2026-03-20 09:45:00+00:00,24466.75,24410.75,24317.5,24284.5
2026-03-20 10:00:00+00:00,24290.0,24292.25,24261.0,24250.0
2026-03-20 10:15:00+00:00,24295.5,24273.25,24256.25,24260.0
2026-03-20 10:30:00+00:00,24299.75,24297.5,24288.0,24289.25
2026-03-20 10:45:00+00:00,24305.75,24284.0,24237.0,24271.5
2026-03-20 11:00:00+00:00,24316.25,24287.5,24252.25,24301.0
2026-03-20 11:15:00+00:00,24304.75,24268.75,24259.75,24256.75
2026-03-20 11:30:00+00:00,24279.0,24287.25,24264.75,24298.25
2026-03-20 11:45:00+00:00,24294.25,24306.25,24282.5,24318.75
2026-03-20 12:00:00+00:00,24328.5,24334.0,24318.75,24337.75
2026-03-20 12:15:00+00:00,24328.0,24337.75,24308.75,24305.5
2026-03-20 12:30:00+00:00,24284.5,24275.25,24267.75,24273.0
2026-03-20 12:45:00+00:00,24267.5,24280.25,24240.0,24285.5
2026-03-20 13:00:00+00:00,24292.5,24280.5,24256.0,24257.75
2026-03-20 13:15:00+00:00,24251.75,24248.5,24241.5,24233.75
2026-03-20 13:30:00+00:00,24242.75,24226.0,24175.25,24191.25
2026-03-20 13:45:00+00:00,24187.75,24205.0,24178.0,24208.25
2026-03-20 14:00:00+00:00,24212.5,24200.0,24187.0,24186.75
2026-03-20 14:15:00+00:00,24184.75,24174.75,24123.25,24140.25
2026-03-20 14:30:00+00:00,24147.0,24126.75,24094.0,24103.75
2026-03-20 14:45:00+00:00,24105.25,24089.75,24084.75,24086.0
2026-03-20 15:00:00+00:00,24117.25,24104.75,24079.0,24079.5
2026-03-20 15:15:00+00:00,24098.0,24087.25,24052.25,24062.25
2026-03-20 15:30:00+00:00,24073.25,24051.5,24001.5,24039.0
2026-03-20 15:45:00+00:00,24055.0,24094.0,24030.5,24103.5
2026-03-20 16:00:00+00:00,24139.0,24141.25,24121.0,24145.0
2026-03-20 16:15:00+00:00,24141.75,24132.25,24128.75,24131.0
2026-03-20 16:30:00+00:00,24142.25,24168.25,24132.25,24171.0
2026-03-20 16:45:00+00:00,24191.75,24204.75,24179.75,24206.5
2026-03-22 18:00:00+00:00,23945.75,23995.25,23945.75,23961.75
2026-03-22 18:15:00+00:00,23984.5,24064.75,23970.5,24067.0
2026-03-22 18:30:00+00:00,24090.0,24069.5,24042.5,24035.0
2026-03-22 18:45:00+00:00,24042.5,24052.25,24029.25,24059.75
2026-03-22 19:00:00+00:00,24058.25,24073.5,24046.75,24081.25
2026-03-22 19:15:00+00:00,24082.5,24077.25,24042.0,24046.5
2026-03-22 19:30:00+00:00,24040.25,24034.0,24029.25,24040.75
2026-03-22 19:45:00+00:00,24039.5,24021.5,23986.0,23983.75
2026-03-22 20:00:00+00:00,24025.5,24048.75,23974.5,24065.75
2026-03-22 20:15:00+00:00,24062.25,24067.25,24050.5,24056.75
2026-03-22 20:30:00+00:00,24050.75,24045.0,23964.0,23959.25
2026-03-22 20:45:00+00:00,23993.75,23983.0,23957.0,23958.25
2026-03-22 21:00:00+00:00,23961.75,23978.75,23950.25,23990.0
2026-03-22 21:15:00+00:00,24009.5,24027.25,23992.25,24028.0
2026-03-22 21:30:00+00:00,24032.25,24057.25,24029.5,24059.0
2026-03-22 21:45:00+00:00,24065.25,24055.75,24049.25,24045.25
2026-03-22 22:00:00+00:00,24049.0,24053.5,24045.0,24039.25
2026-03-22 22:15:00+00:00,24036.25,24047.25,24034.5,24050.0
2026-03-22 22:30:00+00:00,24046.75,24039.5,24021.25,24025.75
2026-03-22 22:45:00+00:00,24016.25,24010.0,23994.0,24005.25
2026-03-22 23:00:00+00:00,24019.5,24018.5,23997.25,23982.25
2026-03-22 23:15:00+00:00,23983.0,23991.5,23980.5,23990.5
2026-03-22 23:30:00+00:00,23996.5,23988.5,23981.25,23979.5
2026-03-22 23:45:00+00:00,23987.25,23974.0,23957.0,23953.0
2026-03-23 00:00:00+00:00,23966.5,23959.5,23951.0,23962.25
2026-03-23 00:15:00+00:00,23970.5,23983.75,23969.25,23984.75
2026-03-23 00:30:00+00:00,23989.25,23997.75,23989.0,23997.0
2026-03-23 00:45:00+00:00,23989.75,23996.5,23979.5,24001.5
2026-03-23 01:00:00+00:00,24005.0,24015.25,23995.75,24010.0
2026-03-23 01:15:00+00:00,24022.25,24013.5,23988.75,23984.5
2026-03-23 01:30:00+00:00,23986.5,23987.75,23950.75,23966.5
2026-03-23 01:45:00+00:00,23957.0,23967.0,23940.75,23974.5
2026-03-23 02:00:00+00:00,23965.5,23953.75,23918.0,23935.5
2026-03-23 02:15:00+00:00,23937.75,23934.0,23931.5,23928.5
2026-03-23 02:30:00+00:00,23923.5,23913.75,23880.75,23872.0
2026-03-23 02:45:00+00:00,23880.0,23872.0,23845.0,23854.5
2026-03-23 03:00:00+00:00,23850.0,23893.25,23850.0,23894.25
2026-03-23 03:15:00+00:00,23890.0,23880.0,23801.5,23799.75
2026-03-23 03:30:00+00:00,23827.5,23814.25,23802.0,23833.0
2026-03-23 03:45:00+00:00,23871.75,23856.75,23831.75,23842.75
2026-03-23 04:00:00+00:00,23880.25,23902.75,23856.0,23917.5
2026-03-23 04:15:00+00:00,23902.25,23907.75,23902.25,23898.0
2026-03-23 04:30:00+00:00,23952.0,23928.0,23916.25,23916.5
2026-03-23 04:45:00+00:00,23950.0,23936.75,23919.25,23932.0
2026-03-23 05:00:00+00:00,23914.75,23932.25,23912.25,23937.0
2026-03-23 05:15:00+00:00,23951.0,23954.25,23926.0,23933.5
2026-03-23 05:30:00+00:00,23920.75,23910.75,23850.5,23871.25
2026-03-23 05:45:00+00:00,23888.0,23880.0,23857.5,23882.25
2026-03-23 06:00:00+00:00,23902.5,23909.75,23881.5,23898.75
2026-03-23 06:15:00+00:00,23897.5,23884.25,23849.0,23852.5
2026-03-23 06:30:00+00:00,23872.75,23862.75,23839.5,23855.5
2026-03-23 06:45:00+00:00,23852.25,23869.0,23829.0,23881.25
2026-03-23 07:00:00+00:00,23898.5,24720.25,23893.5,24720.75
2026-03-23 07:15:00+00:00,24707.25,24604.25,24518.25,24516.75
2026-03-23 07:30:00+00:00,24618.0,24660.25,24568.0,24526.5
2026-03-23 07:45:00+00:00,24485.0,24453.5,24391.25,24390.0
2026-03-23 08:00:00+00:00,24403.5,24426.5,24382.0,24399.0
2026-03-23 08:15:00+00:00,24478.0,24496.75,24447.75,24497.75
2026-03-23 08:30:00+00:00,24492.5,24534.5,24468.75,24569.25
2026-03-23 08:45:00+00:00,24575.75,24602.25,24567.0,24608.5
2026-03-23 09:00:00+00:00,24608.25,24582.75,24551.0,24552.5
2026-03-23 09:15:00+00:00,24562.25,24544.0,24509.75,24492.75
2026-03-23 09:30:00+00:00,24504.75,24495.0,24476.75,24497.0
2026-03-23 09:45:00+00:00,24554.25,24572.75,24545.75,24587.0
2026-03-23 10:00:00+00:00,24600.5,24590.5,24538.75,24620.5
2026-03-23 10:15:00+00:00,24633.25,24656.0,24628.0,24621.75
2026-03-23 10:30:00+00:00,24627.0,24626.0,24608.25,24617.0
2026-03-23 10:45:00+00:00,24625.75,24618.0,24602.25,24614.75
2026-03-23 11:00:00+00:00,24627.5,24667.25,24611.0,24666.25
2026-03-23 11:15:00+00:00,24669.0,24656.0,24615.5,24606.5
2026-03-23 11:30:00+00:00,24631.5,24611.75,24543.25,24525.25
2026-03-23 11:45:00+00:00,24538.5,24508.75,24405.75,24405.5
2026-03-23 12:00:00+00:00,24410.0,24440.0,24382.0,24448.75
2026-03-23 12:15:00+00:00,24455.5,24430.0,24353.5,24351.0
2026-03-23 12:30:00+00:00,24335.5,24381.75,24317.5,24390.5
2026-03-23 12:45:00+00:00,24426.0,24388.75,24380.0,24362.0
2026-03-23 13:00:00+00:00,24393.25,24374.5,24353.0,24378.75
2026-03-23 13:15:00+00:00,24363.0,24354.25,24315.25,24362.5
2026-03-23 13:30:00+00:00,24384.0,24447.5,24355.75,24430.0
2026-03-23 13:45:00+00:00,24421.5,24446.75,24400.75,24454.75
2026-03-23 14:00:00+00:00,24472.25,24465.0,24450.0,24459.5
2026-03-23 14:15:00+00:00,24464.75,24453.75,24443.0,24453.75
2026-03-23 14:30:00+00:00,24472.75,24514.5,24446.75,24505.75
2026-03-23 14:45:00+00:00,24514.5,24512.5,24505.0,24509.5
2026-03-23 15:00:00+00:00,24516.5,24504.25,24500.25,24500.5
2026-03-23 15:15:00+00:00,24502.0,24485.75,24469.75,24472.0
2026-03-23 15:30:00+00:00,24485.0,24479.25,24471.0,24478.75
2026-03-23 15:45:00+00:00,24502.5,24493.5,24424.5,24419.5
2026-03-23 16:00:00+00:00,24409.75,24397.0,24373.75,24404.25
2026-03-23 16:15:00+00:00,24422.75,24412.5,24405.75,24413.5
2026-03-23 16:30:00+00:00,24413.5,24425.5,24401.25,24426.75
2026-03-23 16:45:00+00:00,24425.75,24422.25,24404.25,24405.5
2026-03-23 18:00:00+00:00,24408.5,24424.75,24391.25,24425.0
2026-03-23 18:15:00+00:00,24424.5,24429.75,24420.25,24431.5
2026-03-23 18:30:00+00:00,24425.0,24437.5,24423.0,24442.75
2026-03-23 18:45:00+00:00,24444.0,24481.25,24444.0,24487.25
2026-03-23 19:00:00+00:00,24480.75,24472.5,24463.0,24475.25
2026-03-23 19:15:00+00:00,24475.0,24473.25,24470.0,24466.5
2026-03-23 19:30:00+00:00,24462.0,24467.5,24456.25,24469.5
2026-03-23 19:45:00+00:00,24451.5,24438.75,24433.5,24453.75
2026-03-23 20:00:00+00:00,24446.75,24408.25,24380.75,24377.0
2026-03-23 20:15:00+00:00,24350.0,24373.5,24323.0,24391.25
2026-03-23 20:30:00+00:00,24398.25,24378.25,24310.75,24322.0
2026-03-23 20:45:00+00:00,24338.0,24324.25,24316.0,24330.75
2026-03-23 21:00:00+00:00,24319.5,24311.0,24271.5,24284.0
2026-03-23 21:15:00+00:00,24278.5,24304.75,24265.25,24306.25
2026-03-23 21:30:00+00:00,24293.75,24283.0,24254.5,24249.5
2026-03-23 21:45:00+00:00,24244.5,24256.75,24240.5,24261.25
2026-03-23 22:00:00+00:00,24267.75,24260.0,24238.25,24248.75
2026-03-23 22:15:00+00:00,24255.5,24282.0,24243.0,24269.5
2026-03-23 22:30:00+00:00,24269.5,24271.5,24257.75,24277.25
2026-03-23 22:45:00+00:00,24290.75,24281.0,24252.0,24255.75
2026-03-23 23:00:00+00:00,24248.0,24242.25,24241.0,24247.0
2026-03-23 23:15:00+00:00,24260.75,24265.25,24255.5,24271.5
2026-03-23 23:30:00+00:00,24272.5,24263.0,24232.5,24264.0
2026-03-23 23:45:00+00:00,24266.5,24270.25,24260.75,24270.5
2026-03-24 00:00:00+00:00,24284.0,24291.0,24276.75,24289.0
2026-03-24 00:15:00+00:00,24294.5,24283.75,24259.75,24258.5
2026-03-24 00:30:00+00:00,24264.75,24256.75,24245.5,24246.5
2026-03-24 00:45:00+00:00,24253.5,24264.5,24245.5,24255.0
2026-03-24 01:00:00+00:00,24260.5,24248.25,24214.5,24234.75
2026-03-24 01:15:00+00:00,24239.25,24247.5,24229.75,24221.25
2026-03-24 01:30:00+00:00,24206.75,24256.75,24196.25,24262.75
2026-03-24 01:45:00+00:00,24260.75,24258.0,24250.0,24260.25
2026-03-24 02:00:00+00:00,24271.5,24285.75,24263.0,24284.25
2026-03-24 02:15:00+00:00,24295.0,24329.0,24293.25,24334.5
2026-03-24 02:30:00+00:00,24338.5,24356.5,24323.75,24356.75
2026-03-24 02:45:00+00:00,24356.0,24376.0,24354.5,24376.75
2026-03-24 03:00:00+00:00,24389.5,24458.0,24376.5,24490.0
2026-03-24 03:15:00+00:00,24494.25,24474.5,24459.5,24462.5
2026-03-24 03:30:00+00:00,24473.5,24457.75,24437.0,24450.0
2026-03-24 03:45:00+00:00,24456.5,24458.0,24452.25,24464.0
2026-03-24 04:00:00+00:00,24483.0,24479.25,24466.5,24477.25
2026-03-24 04:15:00+00:00,24487.25,24470.0,24403.0,24404.75
2026-03-24 04:30:00+00:00,24399.0,24411.0,24397.5,24395.0
2026-03-24 04:45:00+00:00,24406.75,24410.0,24366.75,24365.5
2026-03-24 05:00:00+00:00,24381.0,24379.5,24338.75,24330.0
2026-03-24 05:15:00+00:00,24323.25,24337.0,24307.25,24346.25
2026-03-24 05:30:00+00:00,24364.5,24383.5,24358.0,24388.75
2026-03-24 05:45:00+00:00,24396.75,24405.5,24378.75,24425.25
2026-03-24 06:00:00+00:00,24422.75,24419.25,24381.0,24423.0
2026-03-24 06:15:00+00:00,24428.5,24419.25,24412.5,24413.75
2026-03-24 06:30:00+00:00,24394.75,24399.5,24389.75,24402.0
2026-03-24 06:45:00+00:00,24429.5,24414.25,24399.25,24399.25
2026-03-24 07:00:00+00:00,24415.25,24414.75,24384.5,24417.25
2026-03-24 07:15:00+00:00,24413.0,24388.75,24371.25,24385.0
2026-03-24 07:30:00+00:00,24387.0,24383.5,24369.25,24381.75
2026-03-24 07:45:00+00:00,24385.75,24406.25,24310.0,24359.0
2026-03-24 08:00:00+00:00,24397.75,24384.0,24328.5,24333.5
2026-03-24 08:15:00+00:00,24345.0,24366.25,24329.0,24369.75
2026-03-24 08:30:00+00:00,24359.75,24338.5,24280.25,24285.0
2026-03-24 08:45:00+00:00,24279.0,24290.5,24270.5,24283.25
2026-03-24 09:00:00+00:00,24281.0,24284.25,24240.75,24252.25
2026-03-24 09:15:00+00:00,24271.25,24253.0,24240.5,24235.25
2026-03-24 09:30:00+00:00,24285.0,24272.25,24142.0,24197.75
2026-03-24 09:45:00+00:00,24201.25,24181.75,24146.0,24207.0
2026-03-24 10:00:00+00:00,24256.0,24251.5,24211.75,24220.0
2026-03-24 10:15:00+00:00,24229.25,24220.75,24198.75,24237.25
2026-03-24 10:30:00+00:00,24220.25,24223.0,24200.75,24240.5
2026-03-24 10:45:00+00:00,24250.75,24304.0,24196.75,24318.25
2026-03-24 11:00:00+00:00,24310.75,24302.0,24244.5,24308.0
2026-03-24 11:15:00+00:00,24329.25,24349.0,24311.75,24352.75
2026-03-24 11:30:00+00:00,24354.5,24347.5,24313.25,24337.25
2026-03-24 11:45:00+00:00,24347.5,24358.0,24296.75,24293.5
2026-03-24 12:00:00+00:00,24307.75,24290.0,24274.0,24285.75
2026-03-24 12:15:00+00:00,24303.5,24331.75,24288.5,24333.0
2026-03-24 12:30:00+00:00,24338.5,24318.25,24258.5,24265.75
2026-03-24 12:45:00+00:00,24314.25,24297.75,24288.25,24271.75
2026-03-24 13:00:00+00:00,24294.75,24280.0,24191.25,24172.75
2026-03-24 13:15:00+00:00,24196.5,24182.75,24166.5,24180.5
2026-03-24 13:30:00+00:00,24227.0,24197.5,24181.75,24172.0
2026-03-24 13:45:00+00:00,24173.0,24214.25,24168.0,24227.75
2026-03-24 14:00:00+00:00,24275.25,24242.0,24237.25,24241.25
2026-03-24 14:15:00+00:00,24239.5,24249.5,24219.5,24273.75
2026-03-24 14:30:00+00:00,24262.75,24314.0,24259.75,24291.0
2026-03-24 14:45:00+00:00,24301.75,24286.0,24270.25,24269.0
2026-03-24 15:00:00+00:00,24301.75,24299.0,24275.25,24304.0
2026-03-24 15:15:00+00:00,24319.75,24312.0,24287.75,24281.0
2026-03-24 15:30:00+00:00,24267.5,24249.25,24230.75,24257.5
2026-03-24 15:45:00+00:00,24240.75,24227.0,24203.75,24195.5
2026-03-24 16:00:00+00:00,24228.5,24226.0,24219.25,24229.0
2026-03-24 16:15:00+00:00,24238.5,24469.0,24233.25,24484.25
2026-03-24 16:30:00+00:00,24438.75,24464.5,24419.5,24436.0
2026-03-24 16:45:00+00:00,24446.75,24420.5,24396.5,24413.0
2026-03-24 18:00:00+00:00,24420.0,24440.25,24420.0,24430.75
2026-03-24 18:15:00+00:00,24428.0,24410.0,24397.0,24400.0
2026-03-24 18:30:00+00:00,24411.5,24410.0,24399.0,24409.5
2026-03-24 18:45:00+00:00,24431.25,24423.0,24412.75,24414.25
2026-03-24 19:00:00+00:00,24433.0,24424.5,24407.0,24416.25
2026-03-24 19:15:00+00:00,24423.25,24436.75,24417.25,24443.0
2026-03-24 19:30:00+00:00,24435.75,24430.75,24418.0,24417.5
2026-03-24 19:45:00+00:00,24417.0,24414.0,24410.5,24416.5
2026-03-24 20:00:00+00:00,24420.75,24426.75,24392.5,24440.0
2026-03-24 20:15:00+00:00,24454.5,24442.75,24426.5,24438.5
2026-03-24 20:30:00+00:00,24430.5,24480.0,24427.0,24478.25
2026-03-24 20:45:00+00:00,24476.5,24471.0,24458.75,24466.0
2026-03-24 21:00:00+00:00,24468.5,24449.75,24439.5,24448.5
2026-03-24 21:15:00+00:00,24440.75,24451.0,24438.5,24454.0
2026-03-24 21:30:00+00:00,24443.75,24442.25,24420.5,24439.0
2026-03-24 21:45:00+00:00,24426.75,24416.0,24417.75,24413.0
2026-03-24 22:00:00+00:00,24401.0,24389.25,24353.75,24358.25
2026-03-24 22:15:00+00:00,24359.5,24368.0,24354.25,24372.25
2026-03-24 22:30:00+00:00,24376.5,24372.5,24363.75,24370.25
2026-03-24 22:45:00+00:00,24375.0,24363.75,24351.25,24346.5
2026-03-24 23:00:00+00:00,24345.75,24347.0,24337.0,24330.75
2026-03-24 23:15:00+00:00,24331.75,24334.0,24328.0,24333.5
2026-03-24 23:30:00+00:00,24343.5,24357.25,24337.75,24360.25
2026-03-24 23:45:00+00:00,24365.5,24375.5,24358.75,24381.25
2026-03-25 00:00:00+00:00,24381.25,24391.75,24381.0,24392.25
2026-03-25 00:15:00+00:00,24402.75,24415.5,24402.75,24417.0
2026-03-25 00:30:00+00:00,24417.25,24414.25,24408.0,24408.75
2026-03-25 00:45:00+00:00,24407.0,24411.5,24397.25,24413.75
2026-03-25 01:00:00+00:00,24420.0,24421.0,24402.5,24427.75
2026-03-25 01:15:00+00:00,24423.25,24417.5,24406.25,24408.0
2026-03-25 01:30:00+00:00,24414.0,24416.75,24408.0,24420.0
2026-03-25 01:45:00+00:00,24421.0,24417.5,24375.75,24382.75
2026-03-25 02:00:00+00:00,24383.0,24375.75,24362.0,24363.25
2026-03-25 02:15:00+00:00,24370.75,24364.75,24345.0,24347.25
2026-03-25 02:30:00+00:00,24346.0,24346.75,24325.75,24351.5
2026-03-25 02:45:00+00:00,24355.75,24371.0,24353.25,24375.5
2026-03-25 03:00:00+00:00,24377.0,24379.5,24356.25,24385.5
2026-03-25 03:15:00+00:00,24396.25,24390.0,24361.75,24360.25
2026-03-25 03:30:00+00:00,24368.25,24394.5,24364.75,24400.25
2026-03-25 03:45:00+00:00,24401.0,24411.0,24396.75,24412.25
2026-03-25 04:00:00+00:00,24421.25,24480.25,24408.5,24489.75
2026-03-25 04:15:00+00:00,24519.25,24525.5,24497.5,24513.25
2026-03-25 04:30:00+00:00,24511.25,24516.0,24496.5,24498.5
2026-03-25 04:45:00+00:00,24493.5,24482.25,24433.0,24431.5
2026-03-25 05:00:00+00:00,24446.25,24469.75,24441.25,24477.25
2026-03-25 05:15:00+00:00,24476.25,24471.5,24440.5,24448.25
2026-03-25 05:30:00+00:00,24460.5,24453.5,24448.25,24442.25
2026-03-25 05:45:00+00:00,24441.25,24431.75,24419.75,24434.25
2026-03-25 06:00:00+00:00,24478.25,24473.75,24454.75,24456.0
2026-03-25 06:15:00+00:00,24466.0,24462.25,24446.75,24445.75
2026-03-25 06:30:00+00:00,24445.0,24448.5,24443.5,24432.25
2026-03-25 06:45:00+00:00,24434.5,24454.5,24428.25,24453.25
2026-03-25 07:00:00+00:00,24463.25,24473.75,24447.75,24470.75
2026-03-25 07:15:00+00:00,24475.5,24492.5,24470.5,24483.0
2026-03-25 07:30:00+00:00,24498.0,24512.5,24487.75,24509.25
2026-03-25 07:45:00+00:00,24512.25,24505.5,24448.75,24472.5
2026-03-25 08:00:00+00:00,24515.75,24525.75,24494.5,24530.75
2026-03-25 08:15:00+00:00,24527.0,24497.5,24435.0,24434.0
2026-03-25 08:30:00+00:00,24433.5,24436.25,24386.75,24442.75
2026-03-25 08:45:00+00:00,24428.0,24456.0,24428.0,24458.25
2026-03-25 09:00:00+00:00,24466.5,24468.0,24448.75,24455.5
2026-03-25 09:15:00+00:00,24452.0,24443.75,24440.5,24447.75
2026-03-25 09:30:00+00:00,24470.0,24495.75,24430.75,24500.0
2026-03-25 09:45:00+00:00,24467.0,24448.75,24379.75,24392.75
2026-03-25 10:00:00+00:00,24377.5,24413.75,24368.5,24438.25
2026-03-25 10:15:00+00:00,24462.5,24467.5,24450.5,24496.0
2026-03-25 10:30:00+00:00,24491.25,24483.25,24478.0,24505.5
2026-03-25 10:45:00+00:00,24506.25,24504.0,24493.0,24501.25
2026-03-25 11:00:00+00:00,24491.5,24471.25,24393.0,24395.0
2026-03-25 11:15:00+00:00,24389.0,24394.0,24310.25,24403.25
2026-03-25 11:30:00+00:00,24444.0,24428.5,24351.0,24348.0
2026-03-25 11:45:00+00:00,24365.75,24370.25,24357.0,24380.5
2026-03-25 12:00:00+00:00,24386.0,24362.0,24346.25,24353.25
2026-03-25 12:15:00+00:00,24361.0,24406.75,24352.0,24412.25
2026-03-25 12:30:00+00:00,24437.5,24435.75,24415.5,24442.75
2026-03-25 12:45:00+00:00,24441.25,24428.0,24405.25,24418.75
2026-03-25 13:00:00+00:00,24438.75,24422.0,24381.5,24418.25
2026-03-25 13:15:00+00:00,24406.5,24430.25,24390.5,24430.5
2026-03-25 13:30:00+00:00,24425.75,24462.5,24413.75,24468.75
2026-03-25 13:45:00+00:00,24460.75,24441.25,24416.25,24427.75
2026-03-25 14:00:00+00:00,24427.25,24424.75,24421.5,24429.75
2026-03-25 14:15:00+00:00,24453.0,24436.0,24419.75,24413.0
2026-03-25 14:30:00+00:00,24418.0,24413.0,24393.25,24397.25
2026-03-25 14:45:00+00:00,24403.75,24397.0,24324.5,24354.5
2026-03-25 15:00:00+00:00,24335.5,24329.75,24329.5,24344.5
2026-03-25 15:15:00+00:00,24373.0,24377.25,24355.75,24362.25
2026-03-25 15:30:00+00:00,24352.75,24351.0,24329.0,24354.0
2026-03-25 15:45:00+00:00,24345.25,24360.0,24341.25,24363.0
2026-03-25 16:00:00+00:00,24388.5,24380.75,24370.0,24372.0
2026-03-25 16:15:00+00:00,24373.25,24375.75,24361.25,24352.25
2026-03-25 16:30:00+00:00,24355.75,24362.25,24352.75,24360.5
2026-03-25 16:45:00+00:00,24364.5,24361.75,24359.25,24362.5
2026-03-25 17:00:00+00:00,24373.5,24367.5,24368.25,24367.75
2026-03-25 18:00:00+00:00,24354.0,24348.0,24339.25,24337.0
2026-03-25 18:15:00+00:00,24333.5,24328.75,24322.25,24323.75
2026-03-25 18:30:00+00:00,24332.5,24332.25,24326.5,24336.75
2026-03-25 18:45:00+00:00,24343.75,24337.5,24317.75,24316.25
2026-03-25 19:00:00+00:00,24327.25,24322.0,24316.5,24310.75
2026-03-25 19:15:00+00:00,24304.5,24307.5,24299.5,24310.5
2026-03-25 19:30:00+00:00,24317.0,24309.5,24302.5,24294.25
2026-03-25 19:45:00+00:00,24312.0,24323.0,24300.0,24323.75
2026-03-25 20:00:00+00:00,24330.25,24336.25,24322.25,24344.25
2026-03-25 20:15:00+00:00,24381.0,24391.25,24372.5,24391.5
2026-03-25 20:30:00+00:00,24403.0,24396.0,24379.75,24379.0
2026-03-25 20:45:00+00:00,24380.75,24376.0,24346.5,24354.75
2026-03-25 21:00:00+00:00,24377.75,24369.0,24358.5,24362.25
2026-03-25 21:15:00+00:00,24345.75,24347.25,24337.5,24346.75
2026-03-25 21:30:00+00:00,24356.25,24353.5,24340.25,24347.5
2026-03-25 21:45:00+00:00,24360.75,24356.75,24354.0,24363.75
2026-03-25 22:00:00+00:00,24378.5,24372.25,24355.25,24357.75
2026-03-25 22:15:00+00:00,24357.0,24350.0,24320.0,24321.0
2026-03-25 22:30:00+00:00,24305.75,24289.5,24264.5,24282.25
2026-03-25 22:45:00+00:00,24296.5,24287.75,24280.5,24284.25
2026-03-25 23:00:00+00:00,24297.0,24303.75,24285.0,24314.75
2026-03-25 23:15:00+00:00,24316.0,24341.0,24314.25,24335.75
2026-03-25 23:30:00+00:00,24375.0,24408.5,24364.5,24410.25
